record_id,product_ndc,generic_name,labeler_name,brand_name,marketing_category,dosage_form,spl_id,product_type,product_id,application_number,brand_name_base,active_ingredient_name,active_ingredient_strength,route,pharm_class,package_ndc,description,marketing_start_date,listing_expiration_date,sample,finished
1,0074-0124,Adalimumab,AbbVie Inc.,Humira,BLA,KIT,c8f3937d-66ea-4bdb-b502-fcb33594c8b3,HUMAN PRESCRIPTION DRUG,0074-0124_c8f3937d-66ea-4bdb-b502-fcb33594c8b3,BLA125057,Humira,,,,,0074-0124-04,4 KIT in 1 CARTON (0074-0124-04)  / 1 KIT in 1 KIT *  1 SYRINGE in 1 TRAY / .8 mL in 1 SYRINGE *  1 mL in 1 PACKET,2/24/2021,12/31/2025,FALSE,TRUE
2,0074-0124,Adalimumab,AbbVie Inc.,Humira,BLA,KIT,c8f3937d-66ea-4bdb-b502-fcb33594c8b3,HUMAN PRESCRIPTION DRUG,0074-0124_c8f3937d-66ea-4bdb-b502-fcb33594c8b3,BLA125057,Humira,,,,,0074-0124-04,4 KIT in 1 CARTON (0074-0124-04)  / 1 KIT in 1 KIT *  1 SYRINGE in 1 TRAY / .8 mL in 1 SYRINGE *  1 mL in 1 PACKET,2/24/2021,12/31/2025,FALSE,TRUE
3,0074-0124,Adalimumab,AbbVie Inc.,Humira,BLA,KIT,c8f3937d-66ea-4bdb-b502-fcb33594c8b3,HUMAN PRESCRIPTION DRUG,0074-0124_c8f3937d-66ea-4bdb-b502-fcb33594c8b3,BLA125057,Humira,,,,,0074-0124-04,4 KIT in 1 CARTON (0074-0124-04)  / 1 KIT in 1 KIT *  1 SYRINGE in 1 TRAY / .8 mL in 1 SYRINGE *  1 mL in 1 PACKET,2/24/2021,12/31/2025,FALSE,TRUE
4,0074-0124,Adalimumab,AbbVie Inc.,Humira,BLA,KIT,c8f3937d-66ea-4bdb-b502-fcb33594c8b3,HUMAN PRESCRIPTION DRUG,0074-0124_c8f3937d-66ea-4bdb-b502-fcb33594c8b3,BLA125057,Humira,,,,,0074-0124-04,4 KIT in 1 CARTON (0074-0124-04)  / 1 KIT in 1 KIT *  1 SYRINGE in 1 TRAY / .8 mL in 1 SYRINGE *  1 mL in 1 PACKET,2/24/2021,12/31/2025,FALSE,TRUE
5,0074-0124,Adalimumab,AbbVie Inc.,Humira,BLA,KIT,c8f3937d-66ea-4bdb-b502-fcb33594c8b3,HUMAN PRESCRIPTION DRUG,0074-0124_c8f3937d-66ea-4bdb-b502-fcb33594c8b3,BLA125057,Humira,,,,,0074-0124-04,4 KIT in 1 CARTON (0074-0124-04)  / 1 KIT in 1 KIT *  1 SYRINGE in 1 TRAY / .8 mL in 1 SYRINGE *  1 mL in 1 PACKET,2/24/2021,12/31/2025,FALSE,TRUE
6,0074-0124,Adalimumab,AbbVie Inc.,Humira,BLA,KIT,c8f3937d-66ea-4bdb-b502-fcb33594c8b3,HUMAN PRESCRIPTION DRUG,0074-0124_c8f3937d-66ea-4bdb-b502-fcb33594c8b3,BLA125057,Humira,,,,,0074-0124-04,4 KIT in 1 CARTON (0074-0124-04)  / 1 KIT in 1 KIT *  1 SYRINGE in 1 TRAY / .8 mL in 1 SYRINGE *  1 mL in 1 PACKET,2/24/2021,12/31/2025,FALSE,TRUE
7,0074-0124,Adalimumab,AbbVie Inc.,Humira,BLA,KIT,c8f3937d-66ea-4bdb-b502-fcb33594c8b3,HUMAN PRESCRIPTION DRUG,0074-0124_c8f3937d-66ea-4bdb-b502-fcb33594c8b3,BLA125057,Humira,,,,,0074-0124-04,4 KIT in 1 CARTON (0074-0124-04)  / 1 KIT in 1 KIT *  1 SYRINGE in 1 TRAY / .8 mL in 1 SYRINGE *  1 mL in 1 PACKET,2/24/2021,12/31/2025,FALSE,TRUE
8,0074-0124,Adalimumab,AbbVie Inc.,Humira,BLA,KIT,c8f3937d-66ea-4bdb-b502-fcb33594c8b3,HUMAN PRESCRIPTION DRUG,0074-0124_c8f3937d-66ea-4bdb-b502-fcb33594c8b3,BLA125057,Humira,,,,,0074-0124-04,4 KIT in 1 CARTON (0074-0124-04)  / 1 KIT in 1 KIT *  1 SYRINGE in 1 TRAY / .8 mL in 1 SYRINGE *  1 mL in 1 PACKET,2/24/2021,12/31/2025,FALSE,TRUE
9,0074-0124,Adalimumab,AbbVie Inc.,Humira,BLA,KIT,c8f3937d-66ea-4bdb-b502-fcb33594c8b3,HUMAN PRESCRIPTION DRUG,0074-0124_c8f3937d-66ea-4bdb-b502-fcb33594c8b3,BLA125057,Humira,,,,,0074-0124-04,4 KIT in 1 CARTON (0074-0124-04)  / 1 KIT in 1 KIT *  1 SYRINGE in 1 TRAY / .8 mL in 1 SYRINGE *  1 mL in 1 PACKET,2/24/2021,12/31/2025,FALSE,TRUE
10,0074-0124,Adalimumab,AbbVie Inc.,Humira,BLA,KIT,c8f3937d-66ea-4bdb-b502-fcb33594c8b3,HUMAN PRESCRIPTION DRUG,0074-0124_c8f3937d-66ea-4bdb-b502-fcb33594c8b3,BLA125057,Humira,,,,,0074-0124-01,1 KIT in 1 CARTON (0074-0124-01)  / 1 KIT in 1 KIT *  1 SYRINGE in 1 TRAY / .8 mL in 1 SYRINGE *  1 mL in 1 PACKET,4/21/2017,12/31/2025,FALSE,TRUE
11,0074-0124,Adalimumab,AbbVie Inc.,Humira,BLA,KIT,c8f3937d-66ea-4bdb-b502-fcb33594c8b3,HUMAN PRESCRIPTION DRUG,0074-0124_c8f3937d-66ea-4bdb-b502-fcb33594c8b3,BLA125057,Humira,,,,,0074-0124-03,3 KIT in 1 CARTON (0074-0124-03)  / 1 KIT in 1 KIT *  1 SYRINGE in 1 TRAY / .8 mL in 1 SYRINGE *  1 mL in 1 PACKET,4/21/2017,12/31/2025,FALSE,TRUE
12,0074-0124,Adalimumab,AbbVie Inc.,Humira,BLA,KIT,c8f3937d-66ea-4bdb-b502-fcb33594c8b3,HUMAN PRESCRIPTION DRUG,0074-0124_c8f3937d-66ea-4bdb-b502-fcb33594c8b3,BLA125057,Humira,,,,,0074-0124-74,1 KIT in 1 CARTON (0074-0124-74)  / 1 KIT in 1 KIT *  1 SYRINGE in 1 TRAY / .8 mL in 1 SYRINGE *  1 mL in 1 PACKET,4/21/2017,12/31/2025,TRUE,TRUE
13,0074-0124,Adalimumab,AbbVie Inc.,Humira,BLA,KIT,c8f3937d-66ea-4bdb-b502-fcb33594c8b3,HUMAN PRESCRIPTION DRUG,0074-0124_c8f3937d-66ea-4bdb-b502-fcb33594c8b3,BLA125057,Humira,,,,,0074-0124-01,1 KIT in 1 CARTON (0074-0124-01)  / 1 KIT in 1 KIT *  1 SYRINGE in 1 TRAY / .8 mL in 1 SYRINGE *  1 mL in 1 PACKET,4/21/2017,12/31/2025,FALSE,TRUE
14,0074-0124,Adalimumab,AbbVie Inc.,Humira,BLA,KIT,c8f3937d-66ea-4bdb-b502-fcb33594c8b3,HUMAN PRESCRIPTION DRUG,0074-0124_c8f3937d-66ea-4bdb-b502-fcb33594c8b3,BLA125057,Humira,,,,,0074-0124-03,3 KIT in 1 CARTON (0074-0124-03)  / 1 KIT in 1 KIT *  1 SYRINGE in 1 TRAY / .8 mL in 1 SYRINGE *  1 mL in 1 PACKET,4/21/2017,12/31/2025,FALSE,TRUE
15,0074-0124,Adalimumab,AbbVie Inc.,Humira,BLA,KIT,c8f3937d-66ea-4bdb-b502-fcb33594c8b3,HUMAN PRESCRIPTION DRUG,0074-0124_c8f3937d-66ea-4bdb-b502-fcb33594c8b3,BLA125057,Humira,,,,,0074-0124-74,1 KIT in 1 CARTON (0074-0124-74)  / 1 KIT in 1 KIT *  1 SYRINGE in 1 TRAY / .8 mL in 1 SYRINGE *  1 mL in 1 PACKET,4/21/2017,12/31/2025,TRUE,TRUE
16,0074-0124,Adalimumab,AbbVie Inc.,Humira,BLA,KIT,c8f3937d-66ea-4bdb-b502-fcb33594c8b3,HUMAN PRESCRIPTION DRUG,0074-0124_c8f3937d-66ea-4bdb-b502-fcb33594c8b3,BLA125057,Humira,,,,,0074-0124-01,1 KIT in 1 CARTON (0074-0124-01)  / 1 KIT in 1 KIT *  1 SYRINGE in 1 TRAY / .8 mL in 1 SYRINGE *  1 mL in 1 PACKET,4/21/2017,12/31/2025,FALSE,TRUE
17,0074-0124,Adalimumab,AbbVie Inc.,Humira,BLA,KIT,c8f3937d-66ea-4bdb-b502-fcb33594c8b3,HUMAN PRESCRIPTION DRUG,0074-0124_c8f3937d-66ea-4bdb-b502-fcb33594c8b3,BLA125057,Humira,,,,,0074-0124-03,3 KIT in 1 CARTON (0074-0124-03)  / 1 KIT in 1 KIT *  1 SYRINGE in 1 TRAY / .8 mL in 1 SYRINGE *  1 mL in 1 PACKET,4/21/2017,12/31/2025,FALSE,TRUE
18,0074-0124,Adalimumab,AbbVie Inc.,Humira,BLA,KIT,c8f3937d-66ea-4bdb-b502-fcb33594c8b3,HUMAN PRESCRIPTION DRUG,0074-0124_c8f3937d-66ea-4bdb-b502-fcb33594c8b3,BLA125057,Humira,,,,,0074-0124-74,1 KIT in 1 CARTON (0074-0124-74)  / 1 KIT in 1 KIT *  1 SYRINGE in 1 TRAY / .8 mL in 1 SYRINGE *  1 mL in 1 PACKET,4/21/2017,12/31/2025,TRUE,TRUE
19,0074-0124,Adalimumab,AbbVie Inc.,Humira,BLA,KIT,c8f3937d-66ea-4bdb-b502-fcb33594c8b3,HUMAN PRESCRIPTION DRUG,0074-0124_c8f3937d-66ea-4bdb-b502-fcb33594c8b3,BLA125057,Humira,,,,,0074-0124-01,1 KIT in 1 CARTON (0074-0124-01)  / 1 KIT in 1 KIT *  1 SYRINGE in 1 TRAY / .8 mL in 1 SYRINGE *  1 mL in 1 PACKET,4/21/2017,12/31/2025,FALSE,TRUE
20,0074-0124,Adalimumab,AbbVie Inc.,Humira,BLA,KIT,c8f3937d-66ea-4bdb-b502-fcb33594c8b3,HUMAN PRESCRIPTION DRUG,0074-0124_c8f3937d-66ea-4bdb-b502-fcb33594c8b3,BLA125057,Humira,,,,,0074-0124-03,3 KIT in 1 CARTON (0074-0124-03)  / 1 KIT in 1 KIT *  1 SYRINGE in 1 TRAY / .8 mL in 1 SYRINGE *  1 mL in 1 PACKET,4/21/2017,12/31/2025,FALSE,TRUE
21,0074-0124,Adalimumab,AbbVie Inc.,Humira,BLA,KIT,c8f3937d-66ea-4bdb-b502-fcb33594c8b3,HUMAN PRESCRIPTION DRUG,0074-0124_c8f3937d-66ea-4bdb-b502-fcb33594c8b3,BLA125057,Humira,,,,,0074-0124-74,1 KIT in 1 CARTON (0074-0124-74)  / 1 KIT in 1 KIT *  1 SYRINGE in 1 TRAY / .8 mL in 1 SYRINGE *  1 mL in 1 PACKET,4/21/2017,12/31/2025,TRUE,TRUE
22,0074-0124,Adalimumab,AbbVie Inc.,Humira,BLA,KIT,c8f3937d-66ea-4bdb-b502-fcb33594c8b3,HUMAN PRESCRIPTION DRUG,0074-0124_c8f3937d-66ea-4bdb-b502-fcb33594c8b3,BLA125057,Humira,,,,,0074-0124-01,1 KIT in 1 CARTON (0074-0124-01)  / 1 KIT in 1 KIT *  1 SYRINGE in 1 TRAY / .8 mL in 1 SYRINGE *  1 mL in 1 PACKET,4/21/2017,12/31/2025,FALSE,TRUE
23,0074-0124,Adalimumab,AbbVie Inc.,Humira,BLA,KIT,c8f3937d-66ea-4bdb-b502-fcb33594c8b3,HUMAN PRESCRIPTION DRUG,0074-0124_c8f3937d-66ea-4bdb-b502-fcb33594c8b3,BLA125057,Humira,,,,,0074-0124-03,3 KIT in 1 CARTON (0074-0124-03)  / 1 KIT in 1 KIT *  1 SYRINGE in 1 TRAY / .8 mL in 1 SYRINGE *  1 mL in 1 PACKET,4/21/2017,12/31/2025,FALSE,TRUE
24,0074-0124,Adalimumab,AbbVie Inc.,Humira,BLA,KIT,c8f3937d-66ea-4bdb-b502-fcb33594c8b3,HUMAN PRESCRIPTION DRUG,0074-0124_c8f3937d-66ea-4bdb-b502-fcb33594c8b3,BLA125057,Humira,,,,,0074-0124-74,1 KIT in 1 CARTON (0074-0124-74)  / 1 KIT in 1 KIT *  1 SYRINGE in 1 TRAY / .8 mL in 1 SYRINGE *  1 mL in 1 PACKET,4/21/2017,12/31/2025,TRUE,TRUE
25,0074-0124,Adalimumab,AbbVie Inc.,Humira,BLA,KIT,c8f3937d-66ea-4bdb-b502-fcb33594c8b3,HUMAN PRESCRIPTION DRUG,0074-0124_c8f3937d-66ea-4bdb-b502-fcb33594c8b3,BLA125057,Humira,,,,,0074-0124-01,1 KIT in 1 CARTON (0074-0124-01)  / 1 KIT in 1 KIT *  1 SYRINGE in 1 TRAY / .8 mL in 1 SYRINGE *  1 mL in 1 PACKET,4/21/2017,12/31/2025,FALSE,TRUE
26,0074-0124,Adalimumab,AbbVie Inc.,Humira,BLA,KIT,c8f3937d-66ea-4bdb-b502-fcb33594c8b3,HUMAN PRESCRIPTION DRUG,0074-0124_c8f3937d-66ea-4bdb-b502-fcb33594c8b3,BLA125057,Humira,,,,,0074-0124-03,3 KIT in 1 CARTON (0074-0124-03)  / 1 KIT in 1 KIT *  1 SYRINGE in 1 TRAY / .8 mL in 1 SYRINGE *  1 mL in 1 PACKET,4/21/2017,12/31/2025,FALSE,TRUE
27,0074-0124,Adalimumab,AbbVie Inc.,Humira,BLA,KIT,c8f3937d-66ea-4bdb-b502-fcb33594c8b3,HUMAN PRESCRIPTION DRUG,0074-0124_c8f3937d-66ea-4bdb-b502-fcb33594c8b3,BLA125057,Humira,,,,,0074-0124-74,1 KIT in 1 CARTON (0074-0124-74)  / 1 KIT in 1 KIT *  1 SYRINGE in 1 TRAY / .8 mL in 1 SYRINGE *  1 mL in 1 PACKET,4/21/2017,12/31/2025,TRUE,TRUE
28,0074-0124,Adalimumab,AbbVie Inc.,Humira,BLA,KIT,c8f3937d-66ea-4bdb-b502-fcb33594c8b3,HUMAN PRESCRIPTION DRUG,0074-0124_c8f3937d-66ea-4bdb-b502-fcb33594c8b3,BLA125057,Humira,,,,,0074-0124-01,1 KIT in 1 CARTON (0074-0124-01)  / 1 KIT in 1 KIT *  1 SYRINGE in 1 TRAY / .8 mL in 1 SYRINGE *  1 mL in 1 PACKET,4/21/2017,12/31/2025,FALSE,TRUE
29,0074-0124,Adalimumab,AbbVie Inc.,Humira,BLA,KIT,c8f3937d-66ea-4bdb-b502-fcb33594c8b3,HUMAN PRESCRIPTION DRUG,0074-0124_c8f3937d-66ea-4bdb-b502-fcb33594c8b3,BLA125057,Humira,,,,,0074-0124-03,3 KIT in 1 CARTON (0074-0124-03)  / 1 KIT in 1 KIT *  1 SYRINGE in 1 TRAY / .8 mL in 1 SYRINGE *  1 mL in 1 PACKET,4/21/2017,12/31/2025,FALSE,TRUE
30,0074-0124,Adalimumab,AbbVie Inc.,Humira,BLA,KIT,c8f3937d-66ea-4bdb-b502-fcb33594c8b3,HUMAN PRESCRIPTION DRUG,0074-0124_c8f3937d-66ea-4bdb-b502-fcb33594c8b3,BLA125057,Humira,,,,,0074-0124-74,1 KIT in 1 CARTON (0074-0124-74)  / 1 KIT in 1 KIT *  1 SYRINGE in 1 TRAY / .8 mL in 1 SYRINGE *  1 mL in 1 PACKET,4/21/2017,12/31/2025,TRUE,TRUE
31,0074-0124,Adalimumab,AbbVie Inc.,Humira,BLA,KIT,c8f3937d-66ea-4bdb-b502-fcb33594c8b3,HUMAN PRESCRIPTION DRUG,0074-0124_c8f3937d-66ea-4bdb-b502-fcb33594c8b3,BLA125057,Humira,,,,,0074-0124-01,1 KIT in 1 CARTON (0074-0124-01)  / 1 KIT in 1 KIT *  1 SYRINGE in 1 TRAY / .8 mL in 1 SYRINGE *  1 mL in 1 PACKET,4/21/2017,12/31/2025,FALSE,TRUE
32,0074-0124,Adalimumab,AbbVie Inc.,Humira,BLA,KIT,c8f3937d-66ea-4bdb-b502-fcb33594c8b3,HUMAN PRESCRIPTION DRUG,0074-0124_c8f3937d-66ea-4bdb-b502-fcb33594c8b3,BLA125057,Humira,,,,,0074-0124-03,3 KIT in 1 CARTON (0074-0124-03)  / 1 KIT in 1 KIT *  1 SYRINGE in 1 TRAY / .8 mL in 1 SYRINGE *  1 mL in 1 PACKET,4/21/2017,12/31/2025,FALSE,TRUE
33,0074-0124,Adalimumab,AbbVie Inc.,Humira,BLA,KIT,c8f3937d-66ea-4bdb-b502-fcb33594c8b3,HUMAN PRESCRIPTION DRUG,0074-0124_c8f3937d-66ea-4bdb-b502-fcb33594c8b3,BLA125057,Humira,,,,,0074-0124-74,1 KIT in 1 CARTON (0074-0124-74)  / 1 KIT in 1 KIT *  1 SYRINGE in 1 TRAY / .8 mL in 1 SYRINGE *  1 mL in 1 PACKET,4/21/2017,12/31/2025,TRUE,TRUE
34,0074-0124,Adalimumab,AbbVie Inc.,Humira,BLA,KIT,c8f3937d-66ea-4bdb-b502-fcb33594c8b3,HUMAN PRESCRIPTION DRUG,0074-0124_c8f3937d-66ea-4bdb-b502-fcb33594c8b3,BLA125057,Humira,,,,,0074-0124-01,1 KIT in 1 CARTON (0074-0124-01)  / 1 KIT in 1 KIT *  1 SYRINGE in 1 TRAY / .8 mL in 1 SYRINGE *  1 mL in 1 PACKET,4/21/2017,12/31/2025,FALSE,TRUE
35,0074-0124,Adalimumab,AbbVie Inc.,Humira,BLA,KIT,c8f3937d-66ea-4bdb-b502-fcb33594c8b3,HUMAN PRESCRIPTION DRUG,0074-0124_c8f3937d-66ea-4bdb-b502-fcb33594c8b3,BLA125057,Humira,,,,,0074-0124-03,3 KIT in 1 CARTON (0074-0124-03)  / 1 KIT in 1 KIT *  1 SYRINGE in 1 TRAY / .8 mL in 1 SYRINGE *  1 mL in 1 PACKET,4/21/2017,12/31/2025,FALSE,TRUE
36,0074-0124,Adalimumab,AbbVie Inc.,Humira,BLA,KIT,c8f3937d-66ea-4bdb-b502-fcb33594c8b3,HUMAN PRESCRIPTION DRUG,0074-0124_c8f3937d-66ea-4bdb-b502-fcb33594c8b3,BLA125057,Humira,,,,,0074-0124-74,1 KIT in 1 CARTON (0074-0124-74)  / 1 KIT in 1 KIT *  1 SYRINGE in 1 TRAY / .8 mL in 1 SYRINGE *  1 mL in 1 PACKET,4/21/2017,12/31/2025,TRUE,TRUE
37,0074-0124,Adalimumab,AbbVie Inc.,Humira,BLA,KIT,c8f3937d-66ea-4bdb-b502-fcb33594c8b3,HUMAN PRESCRIPTION DRUG,0074-0124_c8f3937d-66ea-4bdb-b502-fcb33594c8b3,BLA125057,Humira,,,,,0074-0124-02,2 KIT in 1 CARTON (0074-0124-02)  / 1 KIT in 1 KIT *  1 SYRINGE in 1 TRAY / .8 mL in 1 SYRINGE *  1 mL in 1 PACKET,12/16/2020,12/31/2025,FALSE,TRUE
38,0074-0124,Adalimumab,AbbVie Inc.,Humira,BLA,KIT,c8f3937d-66ea-4bdb-b502-fcb33594c8b3,HUMAN PRESCRIPTION DRUG,0074-0124_c8f3937d-66ea-4bdb-b502-fcb33594c8b3,BLA125057,Humira,,,,,0074-0124-02,2 KIT in 1 CARTON (0074-0124-02)  / 1 KIT in 1 KIT *  1 SYRINGE in 1 TRAY / .8 mL in 1 SYRINGE *  1 mL in 1 PACKET,12/16/2020,12/31/2025,FALSE,TRUE
39,0074-0124,Adalimumab,AbbVie Inc.,Humira,BLA,KIT,c8f3937d-66ea-4bdb-b502-fcb33594c8b3,HUMAN PRESCRIPTION DRUG,0074-0124_c8f3937d-66ea-4bdb-b502-fcb33594c8b3,BLA125057,Humira,,,,,0074-0124-02,2 KIT in 1 CARTON (0074-0124-02)  / 1 KIT in 1 KIT *  1 SYRINGE in 1 TRAY / .8 mL in 1 SYRINGE *  1 mL in 1 PACKET,12/16/2020,12/31/2025,FALSE,TRUE
40,0074-0124,Adalimumab,AbbVie Inc.,Humira,BLA,KIT,c8f3937d-66ea-4bdb-b502-fcb33594c8b3,HUMAN PRESCRIPTION DRUG,0074-0124_c8f3937d-66ea-4bdb-b502-fcb33594c8b3,BLA125057,Humira,,,,,0074-0124-02,2 KIT in 1 CARTON (0074-0124-02)  / 1 KIT in 1 KIT *  1 SYRINGE in 1 TRAY / .8 mL in 1 SYRINGE *  1 mL in 1 PACKET,12/16/2020,12/31/2025,FALSE,TRUE
41,0074-0124,Adalimumab,AbbVie Inc.,Humira,BLA,KIT,c8f3937d-66ea-4bdb-b502-fcb33594c8b3,HUMAN PRESCRIPTION DRUG,0074-0124_c8f3937d-66ea-4bdb-b502-fcb33594c8b3,BLA125057,Humira,,,,,0074-0124-02,2 KIT in 1 CARTON (0074-0124-02)  / 1 KIT in 1 KIT *  1 SYRINGE in 1 TRAY / .8 mL in 1 SYRINGE *  1 mL in 1 PACKET,12/16/2020,12/31/2025,FALSE,TRUE
42,0074-0124,Adalimumab,AbbVie Inc.,Humira,BLA,KIT,c8f3937d-66ea-4bdb-b502-fcb33594c8b3,HUMAN PRESCRIPTION DRUG,0074-0124_c8f3937d-66ea-4bdb-b502-fcb33594c8b3,BLA125057,Humira,,,,,0074-0124-02,2 KIT in 1 CARTON (0074-0124-02)  / 1 KIT in 1 KIT *  1 SYRINGE in 1 TRAY / .8 mL in 1 SYRINGE *  1 mL in 1 PACKET,12/16/2020,12/31/2025,FALSE,TRUE
43,0074-0124,Adalimumab,AbbVie Inc.,Humira,BLA,KIT,c8f3937d-66ea-4bdb-b502-fcb33594c8b3,HUMAN PRESCRIPTION DRUG,0074-0124_c8f3937d-66ea-4bdb-b502-fcb33594c8b3,BLA125057,Humira,,,,,0074-0124-02,2 KIT in 1 CARTON (0074-0124-02)  / 1 KIT in 1 KIT *  1 SYRINGE in 1 TRAY / .8 mL in 1 SYRINGE *  1 mL in 1 PACKET,12/16/2020,12/31/2025,FALSE,TRUE
44,0074-0124,Adalimumab,AbbVie Inc.,Humira,BLA,KIT,c8f3937d-66ea-4bdb-b502-fcb33594c8b3,HUMAN PRESCRIPTION DRUG,0074-0124_c8f3937d-66ea-4bdb-b502-fcb33594c8b3,BLA125057,Humira,,,,,0074-0124-02,2 KIT in 1 CARTON (0074-0124-02)  / 1 KIT in 1 KIT *  1 SYRINGE in 1 TRAY / .8 mL in 1 SYRINGE *  1 mL in 1 PACKET,12/16/2020,12/31/2025,FALSE,TRUE
45,0074-0124,Adalimumab,AbbVie Inc.,Humira,BLA,KIT,c8f3937d-66ea-4bdb-b502-fcb33594c8b3,HUMAN PRESCRIPTION DRUG,0074-0124_c8f3937d-66ea-4bdb-b502-fcb33594c8b3,BLA125057,Humira,,,,,0074-0124-02,2 KIT in 1 CARTON (0074-0124-02)  / 1 KIT in 1 KIT *  1 SYRINGE in 1 TRAY / .8 mL in 1 SYRINGE *  1 mL in 1 PACKET,12/16/2020,12/31/2025,FALSE,TRUE
46,0074-0243,Adalimumab,AbbVie Inc.,Humira,BLA,KIT,c8f3937d-66ea-4bdb-b502-fcb33594c8b3,HUMAN PRESCRIPTION DRUG,0074-0243_c8f3937d-66ea-4bdb-b502-fcb33594c8b3,BLA125057,Humira,,,,,0074-0243-02,2 KIT in 1 CARTON (0074-0243-02)  / 1 KIT in 1 KIT *  1 SYRINGE in 1 TRAY / .4 mL in 1 SYRINGE *  1 mL in 1 PACKET,11/23/2015,12/31/2025,FALSE,TRUE
47,0074-0243,Adalimumab,AbbVie Inc.,Humira,BLA,KIT,c8f3937d-66ea-4bdb-b502-fcb33594c8b3,HUMAN PRESCRIPTION DRUG,0074-0243_c8f3937d-66ea-4bdb-b502-fcb33594c8b3,BLA125057,Humira,,,,,0074-0243-02,2 KIT in 1 CARTON (0074-0243-02)  / 1 KIT in 1 KIT *  1 SYRINGE in 1 TRAY / .4 mL in 1 SYRINGE *  1 mL in 1 PACKET,11/23/2015,12/31/2025,FALSE,TRUE
48,0074-0243,Adalimumab,AbbVie Inc.,Humira,BLA,KIT,c8f3937d-66ea-4bdb-b502-fcb33594c8b3,HUMAN PRESCRIPTION DRUG,0074-0243_c8f3937d-66ea-4bdb-b502-fcb33594c8b3,BLA125057,Humira,,,,,0074-0243-02,2 KIT in 1 CARTON (0074-0243-02)  / 1 KIT in 1 KIT *  1 SYRINGE in 1 TRAY / .4 mL in 1 SYRINGE *  1 mL in 1 PACKET,11/23/2015,12/31/2025,FALSE,TRUE
49,0074-0243,Adalimumab,AbbVie Inc.,Humira,BLA,KIT,c8f3937d-66ea-4bdb-b502-fcb33594c8b3,HUMAN PRESCRIPTION DRUG,0074-0243_c8f3937d-66ea-4bdb-b502-fcb33594c8b3,BLA125057,Humira,,,,,0074-0243-02,2 KIT in 1 CARTON (0074-0243-02)  / 1 KIT in 1 KIT *  1 SYRINGE in 1 TRAY / .4 mL in 1 SYRINGE *  1 mL in 1 PACKET,11/23/2015,12/31/2025,FALSE,TRUE
50,0074-0243,Adalimumab,AbbVie Inc.,Humira,BLA,KIT,c8f3937d-66ea-4bdb-b502-fcb33594c8b3,HUMAN PRESCRIPTION DRUG,0074-0243_c8f3937d-66ea-4bdb-b502-fcb33594c8b3,BLA125057,Humira,,,,,0074-0243-02,2 KIT in 1 CARTON (0074-0243-02)  / 1 KIT in 1 KIT *  1 SYRINGE in 1 TRAY / .4 mL in 1 SYRINGE *  1 mL in 1 PACKET,11/23/2015,12/31/2025,FALSE,TRUE
51,0074-0243,Adalimumab,AbbVie Inc.,Humira,BLA,KIT,c8f3937d-66ea-4bdb-b502-fcb33594c8b3,HUMAN PRESCRIPTION DRUG,0074-0243_c8f3937d-66ea-4bdb-b502-fcb33594c8b3,BLA125057,Humira,,,,,0074-0243-02,2 KIT in 1 CARTON (0074-0243-02)  / 1 KIT in 1 KIT *  1 SYRINGE in 1 TRAY / .4 mL in 1 SYRINGE *  1 mL in 1 PACKET,11/23/2015,12/31/2025,FALSE,TRUE
52,0074-0243,Adalimumab,AbbVie Inc.,Humira,BLA,KIT,c8f3937d-66ea-4bdb-b502-fcb33594c8b3,HUMAN PRESCRIPTION DRUG,0074-0243_c8f3937d-66ea-4bdb-b502-fcb33594c8b3,BLA125057,Humira,,,,,0074-0243-02,2 KIT in 1 CARTON (0074-0243-02)  / 1 KIT in 1 KIT *  1 SYRINGE in 1 TRAY / .4 mL in 1 SYRINGE *  1 mL in 1 PACKET,11/23/2015,12/31/2025,FALSE,TRUE
53,0074-0243,Adalimumab,AbbVie Inc.,Humira,BLA,KIT,c8f3937d-66ea-4bdb-b502-fcb33594c8b3,HUMAN PRESCRIPTION DRUG,0074-0243_c8f3937d-66ea-4bdb-b502-fcb33594c8b3,BLA125057,Humira,,,,,0074-0243-02,2 KIT in 1 CARTON (0074-0243-02)  / 1 KIT in 1 KIT *  1 SYRINGE in 1 TRAY / .4 mL in 1 SYRINGE *  1 mL in 1 PACKET,11/23/2015,12/31/2025,FALSE,TRUE
54,0074-0243,Adalimumab,AbbVie Inc.,Humira,BLA,KIT,c8f3937d-66ea-4bdb-b502-fcb33594c8b3,HUMAN PRESCRIPTION DRUG,0074-0243_c8f3937d-66ea-4bdb-b502-fcb33594c8b3,BLA125057,Humira,,,,,0074-0243-02,2 KIT in 1 CARTON (0074-0243-02)  / 1 KIT in 1 KIT *  1 SYRINGE in 1 TRAY / .4 mL in 1 SYRINGE *  1 mL in 1 PACKET,11/23/2015,12/31/2025,FALSE,TRUE
55,0074-0554,Adalimumab,AbbVie Inc.,Humira,BLA,KIT,c8f3937d-66ea-4bdb-b502-fcb33594c8b3,HUMAN PRESCRIPTION DRUG,0074-0554_c8f3937d-66ea-4bdb-b502-fcb33594c8b3,BLA125057,Humira,,,,,0074-0554-01,1 KIT in 1 CARTON (0074-0554-01)  / 1 KIT in 1 KIT *  1 SYRINGE in 1 TRAY / .4 mL in 1 SYRINGE *  1 mL in 1 PACKET,3/9/2016,12/31/2025,FALSE,TRUE
56,0074-0554,Adalimumab,AbbVie Inc.,Humira,BLA,KIT,c8f3937d-66ea-4bdb-b502-fcb33594c8b3,HUMAN PRESCRIPTION DRUG,0074-0554_c8f3937d-66ea-4bdb-b502-fcb33594c8b3,BLA125057,Humira,,,,,0074-0554-02,2 KIT in 1 CARTON (0074-0554-02)  / 1 KIT in 1 KIT *  1 SYRINGE in 1 TRAY / .4 mL in 1 SYRINGE *  1 mL in 1 PACKET,3/9/2016,12/31/2025,FALSE,TRUE
57,0074-0554,Adalimumab,AbbVie Inc.,Humira,BLA,KIT,c8f3937d-66ea-4bdb-b502-fcb33594c8b3,HUMAN PRESCRIPTION DRUG,0074-0554_c8f3937d-66ea-4bdb-b502-fcb33594c8b3,BLA125057,Humira,,,,,0074-0554-71,2 KIT in 1 CARTON (0074-0554-71)  / 1 KIT in 1 KIT *  1 SYRINGE in 1 TRAY / .4 mL in 1 SYRINGE *  1 mL in 1 PACKET,3/9/2016,12/31/2025,TRUE,TRUE
58,0074-0554,Adalimumab,AbbVie Inc.,Humira,BLA,KIT,c8f3937d-66ea-4bdb-b502-fcb33594c8b3,HUMAN PRESCRIPTION DRUG,0074-0554_c8f3937d-66ea-4bdb-b502-fcb33594c8b3,BLA125057,Humira,,,,,0074-0554-74,1 KIT in 1 CARTON (0074-0554-74)  / 1 KIT in 1 KIT *  1 SYRINGE in 1 TRAY / .4 mL in 1 SYRINGE *  1 mL in 1 PACKET,3/9/2016,12/31/2025,TRUE,TRUE
59,0074-0554,Adalimumab,AbbVie Inc.,Humira,BLA,KIT,c8f3937d-66ea-4bdb-b502-fcb33594c8b3,HUMAN PRESCRIPTION DRUG,0074-0554_c8f3937d-66ea-4bdb-b502-fcb33594c8b3,BLA125057,Humira,,,,,0074-0554-01,1 KIT in 1 CARTON (0074-0554-01)  / 1 KIT in 1 KIT *  1 SYRINGE in 1 TRAY / .4 mL in 1 SYRINGE *  1 mL in 1 PACKET,3/9/2016,12/31/2025,FALSE,TRUE
60,0074-0554,Adalimumab,AbbVie Inc.,Humira,BLA,KIT,c8f3937d-66ea-4bdb-b502-fcb33594c8b3,HUMAN PRESCRIPTION DRUG,0074-0554_c8f3937d-66ea-4bdb-b502-fcb33594c8b3,BLA125057,Humira,,,,,0074-0554-02,2 KIT in 1 CARTON (0074-0554-02)  / 1 KIT in 1 KIT *  1 SYRINGE in 1 TRAY / .4 mL in 1 SYRINGE *  1 mL in 1 PACKET,3/9/2016,12/31/2025,FALSE,TRUE
61,0074-0554,Adalimumab,AbbVie Inc.,Humira,BLA,KIT,c8f3937d-66ea-4bdb-b502-fcb33594c8b3,HUMAN PRESCRIPTION DRUG,0074-0554_c8f3937d-66ea-4bdb-b502-fcb33594c8b3,BLA125057,Humira,,,,,0074-0554-71,2 KIT in 1 CARTON (0074-0554-71)  / 1 KIT in 1 KIT *  1 SYRINGE in 1 TRAY / .4 mL in 1 SYRINGE *  1 mL in 1 PACKET,3/9/2016,12/31/2025,TRUE,TRUE
62,0074-0554,Adalimumab,AbbVie Inc.,Humira,BLA,KIT,c8f3937d-66ea-4bdb-b502-fcb33594c8b3,HUMAN PRESCRIPTION DRUG,0074-0554_c8f3937d-66ea-4bdb-b502-fcb33594c8b3,BLA125057,Humira,,,,,0074-0554-74,1 KIT in 1 CARTON (0074-0554-74)  / 1 KIT in 1 KIT *  1 SYRINGE in 1 TRAY / .4 mL in 1 SYRINGE *  1 mL in 1 PACKET,3/9/2016,12/31/2025,TRUE,TRUE
63,0074-0554,Adalimumab,AbbVie Inc.,Humira,BLA,KIT,c8f3937d-66ea-4bdb-b502-fcb33594c8b3,HUMAN PRESCRIPTION DRUG,0074-0554_c8f3937d-66ea-4bdb-b502-fcb33594c8b3,BLA125057,Humira,,,,,0074-0554-01,1 KIT in 1 CARTON (0074-0554-01)  / 1 KIT in 1 KIT *  1 SYRINGE in 1 TRAY / .4 mL in 1 SYRINGE *  1 mL in 1 PACKET,3/9/2016,12/31/2025,FALSE,TRUE
64,0074-0554,Adalimumab,AbbVie Inc.,Humira,BLA,KIT,c8f3937d-66ea-4bdb-b502-fcb33594c8b3,HUMAN PRESCRIPTION DRUG,0074-0554_c8f3937d-66ea-4bdb-b502-fcb33594c8b3,BLA125057,Humira,,,,,0074-0554-02,2 KIT in 1 CARTON (0074-0554-02)  / 1 KIT in 1 KIT *  1 SYRINGE in 1 TRAY / .4 mL in 1 SYRINGE *  1 mL in 1 PACKET,3/9/2016,12/31/2025,FALSE,TRUE
65,0074-0554,Adalimumab,AbbVie Inc.,Humira,BLA,KIT,c8f3937d-66ea-4bdb-b502-fcb33594c8b3,HUMAN PRESCRIPTION DRUG,0074-0554_c8f3937d-66ea-4bdb-b502-fcb33594c8b3,BLA125057,Humira,,,,,0074-0554-71,2 KIT in 1 CARTON (0074-0554-71)  / 1 KIT in 1 KIT *  1 SYRINGE in 1 TRAY / .4 mL in 1 SYRINGE *  1 mL in 1 PACKET,3/9/2016,12/31/2025,TRUE,TRUE
66,0074-0554,Adalimumab,AbbVie Inc.,Humira,BLA,KIT,c8f3937d-66ea-4bdb-b502-fcb33594c8b3,HUMAN PRESCRIPTION DRUG,0074-0554_c8f3937d-66ea-4bdb-b502-fcb33594c8b3,BLA125057,Humira,,,,,0074-0554-74,1 KIT in 1 CARTON (0074-0554-74)  / 1 KIT in 1 KIT *  1 SYRINGE in 1 TRAY / .4 mL in 1 SYRINGE *  1 mL in 1 PACKET,3/9/2016,12/31/2025,TRUE,TRUE
67,0074-0554,Adalimumab,AbbVie Inc.,Humira,BLA,KIT,c8f3937d-66ea-4bdb-b502-fcb33594c8b3,HUMAN PRESCRIPTION DRUG,0074-0554_c8f3937d-66ea-4bdb-b502-fcb33594c8b3,BLA125057,Humira,,,,,0074-0554-01,1 KIT in 1 CARTON (0074-0554-01)  / 1 KIT in 1 KIT *  1 SYRINGE in 1 TRAY / .4 mL in 1 SYRINGE *  1 mL in 1 PACKET,3/9/2016,12/31/2025,FALSE,TRUE
68,0074-0554,Adalimumab,AbbVie Inc.,Humira,BLA,KIT,c8f3937d-66ea-4bdb-b502-fcb33594c8b3,HUMAN PRESCRIPTION DRUG,0074-0554_c8f3937d-66ea-4bdb-b502-fcb33594c8b3,BLA125057,Humira,,,,,0074-0554-02,2 KIT in 1 CARTON (0074-0554-02)  / 1 KIT in 1 KIT *  1 SYRINGE in 1 TRAY / .4 mL in 1 SYRINGE *  1 mL in 1 PACKET,3/9/2016,12/31/2025,FALSE,TRUE
69,0074-0554,Adalimumab,AbbVie Inc.,Humira,BLA,KIT,c8f3937d-66ea-4bdb-b502-fcb33594c8b3,HUMAN PRESCRIPTION DRUG,0074-0554_c8f3937d-66ea-4bdb-b502-fcb33594c8b3,BLA125057,Humira,,,,,0074-0554-71,2 KIT in 1 CARTON (0074-0554-71)  / 1 KIT in 1 KIT *  1 SYRINGE in 1 TRAY / .4 mL in 1 SYRINGE *  1 mL in 1 PACKET,3/9/2016,12/31/2025,TRUE,TRUE
70,0074-0554,Adalimumab,AbbVie Inc.,Humira,BLA,KIT,c8f3937d-66ea-4bdb-b502-fcb33594c8b3,HUMAN PRESCRIPTION DRUG,0074-0554_c8f3937d-66ea-4bdb-b502-fcb33594c8b3,BLA125057,Humira,,,,,0074-0554-74,1 KIT in 1 CARTON (0074-0554-74)  / 1 KIT in 1 KIT *  1 SYRINGE in 1 TRAY / .4 mL in 1 SYRINGE *  1 mL in 1 PACKET,3/9/2016,12/31/2025,TRUE,TRUE
71,0074-0554,Adalimumab,AbbVie Inc.,Humira,BLA,KIT,c8f3937d-66ea-4bdb-b502-fcb33594c8b3,HUMAN PRESCRIPTION DRUG,0074-0554_c8f3937d-66ea-4bdb-b502-fcb33594c8b3,BLA125057,Humira,,,,,0074-0554-01,1 KIT in 1 CARTON (0074-0554-01)  / 1 KIT in 1 KIT *  1 SYRINGE in 1 TRAY / .4 mL in 1 SYRINGE *  1 mL in 1 PACKET,3/9/2016,12/31/2025,FALSE,TRUE
72,0074-0554,Adalimumab,AbbVie Inc.,Humira,BLA,KIT,c8f3937d-66ea-4bdb-b502-fcb33594c8b3,HUMAN PRESCRIPTION DRUG,0074-0554_c8f3937d-66ea-4bdb-b502-fcb33594c8b3,BLA125057,Humira,,,,,0074-0554-02,2 KIT in 1 CARTON (0074-0554-02)  / 1 KIT in 1 KIT *  1 SYRINGE in 1 TRAY / .4 mL in 1 SYRINGE *  1 mL in 1 PACKET,3/9/2016,12/31/2025,FALSE,TRUE
73,0074-0554,Adalimumab,AbbVie Inc.,Humira,BLA,KIT,c8f3937d-66ea-4bdb-b502-fcb33594c8b3,HUMAN PRESCRIPTION DRUG,0074-0554_c8f3937d-66ea-4bdb-b502-fcb33594c8b3,BLA125057,Humira,,,,,0074-0554-71,2 KIT in 1 CARTON (0074-0554-71)  / 1 KIT in 1 KIT *  1 SYRINGE in 1 TRAY / .4 mL in 1 SYRINGE *  1 mL in 1 PACKET,3/9/2016,12/31/2025,TRUE,TRUE
74,0074-0554,Adalimumab,AbbVie Inc.,Humira,BLA,KIT,c8f3937d-66ea-4bdb-b502-fcb33594c8b3,HUMAN PRESCRIPTION DRUG,0074-0554_c8f3937d-66ea-4bdb-b502-fcb33594c8b3,BLA125057,Humira,,,,,0074-0554-74,1 KIT in 1 CARTON (0074-0554-74)  / 1 KIT in 1 KIT *  1 SYRINGE in 1 TRAY / .4 mL in 1 SYRINGE *  1 mL in 1 PACKET,3/9/2016,12/31/2025,TRUE,TRUE
75,0074-0554,Adalimumab,AbbVie Inc.,Humira,BLA,KIT,c8f3937d-66ea-4bdb-b502-fcb33594c8b3,HUMAN PRESCRIPTION DRUG,0074-0554_c8f3937d-66ea-4bdb-b502-fcb33594c8b3,BLA125057,Humira,,,,,0074-0554-01,1 KIT in 1 CARTON (0074-0554-01)  / 1 KIT in 1 KIT *  1 SYRINGE in 1 TRAY / .4 mL in 1 SYRINGE *  1 mL in 1 PACKET,3/9/2016,12/31/2025,FALSE,TRUE
76,0074-0554,Adalimumab,AbbVie Inc.,Humira,BLA,KIT,c8f3937d-66ea-4bdb-b502-fcb33594c8b3,HUMAN PRESCRIPTION DRUG,0074-0554_c8f3937d-66ea-4bdb-b502-fcb33594c8b3,BLA125057,Humira,,,,,0074-0554-02,2 KIT in 1 CARTON (0074-0554-02)  / 1 KIT in 1 KIT *  1 SYRINGE in 1 TRAY / .4 mL in 1 SYRINGE *  1 mL in 1 PACKET,3/9/2016,12/31/2025,FALSE,TRUE
77,0074-0554,Adalimumab,AbbVie Inc.,Humira,BLA,KIT,c8f3937d-66ea-4bdb-b502-fcb33594c8b3,HUMAN PRESCRIPTION DRUG,0074-0554_c8f3937d-66ea-4bdb-b502-fcb33594c8b3,BLA125057,Humira,,,,,0074-0554-71,2 KIT in 1 CARTON (0074-0554-71)  / 1 KIT in 1 KIT *  1 SYRINGE in 1 TRAY / .4 mL in 1 SYRINGE *  1 mL in 1 PACKET,3/9/2016,12/31/2025,TRUE,TRUE
78,0074-0554,Adalimumab,AbbVie Inc.,Humira,BLA,KIT,c8f3937d-66ea-4bdb-b502-fcb33594c8b3,HUMAN PRESCRIPTION DRUG,0074-0554_c8f3937d-66ea-4bdb-b502-fcb33594c8b3,BLA125057,Humira,,,,,0074-0554-74,1 KIT in 1 CARTON (0074-0554-74)  / 1 KIT in 1 KIT *  1 SYRINGE in 1 TRAY / .4 mL in 1 SYRINGE *  1 mL in 1 PACKET,3/9/2016,12/31/2025,TRUE,TRUE
79,0074-0554,Adalimumab,AbbVie Inc.,Humira,BLA,KIT,c8f3937d-66ea-4bdb-b502-fcb33594c8b3,HUMAN PRESCRIPTION DRUG,0074-0554_c8f3937d-66ea-4bdb-b502-fcb33594c8b3,BLA125057,Humira,,,,,0074-0554-01,1 KIT in 1 CARTON (0074-0554-01)  / 1 KIT in 1 KIT *  1 SYRINGE in 1 TRAY / .4 mL in 1 SYRINGE *  1 mL in 1 PACKET,3/9/2016,12/31/2025,FALSE,TRUE
80,0074-0554,Adalimumab,AbbVie Inc.,Humira,BLA,KIT,c8f3937d-66ea-4bdb-b502-fcb33594c8b3,HUMAN PRESCRIPTION DRUG,0074-0554_c8f3937d-66ea-4bdb-b502-fcb33594c8b3,BLA125057,Humira,,,,,0074-0554-02,2 KIT in 1 CARTON (0074-0554-02)  / 1 KIT in 1 KIT *  1 SYRINGE in 1 TRAY / .4 mL in 1 SYRINGE *  1 mL in 1 PACKET,3/9/2016,12/31/2025,FALSE,TRUE
81,0074-0554,Adalimumab,AbbVie Inc.,Humira,BLA,KIT,c8f3937d-66ea-4bdb-b502-fcb33594c8b3,HUMAN PRESCRIPTION DRUG,0074-0554_c8f3937d-66ea-4bdb-b502-fcb33594c8b3,BLA125057,Humira,,,,,0074-0554-71,2 KIT in 1 CARTON (0074-0554-71)  / 1 KIT in 1 KIT *  1 SYRINGE in 1 TRAY / .4 mL in 1 SYRINGE *  1 mL in 1 PACKET,3/9/2016,12/31/2025,TRUE,TRUE
82,0074-0554,Adalimumab,AbbVie Inc.,Humira,BLA,KIT,c8f3937d-66ea-4bdb-b502-fcb33594c8b3,HUMAN PRESCRIPTION DRUG,0074-0554_c8f3937d-66ea-4bdb-b502-fcb33594c8b3,BLA125057,Humira,,,,,0074-0554-74,1 KIT in 1 CARTON (0074-0554-74)  / 1 KIT in 1 KIT *  1 SYRINGE in 1 TRAY / .4 mL in 1 SYRINGE *  1 mL in 1 PACKET,3/9/2016,12/31/2025,TRUE,TRUE
83,0074-0554,Adalimumab,AbbVie Inc.,Humira,BLA,KIT,c8f3937d-66ea-4bdb-b502-fcb33594c8b3,HUMAN PRESCRIPTION DRUG,0074-0554_c8f3937d-66ea-4bdb-b502-fcb33594c8b3,BLA125057,Humira,,,,,0074-0554-01,1 KIT in 1 CARTON (0074-0554-01)  / 1 KIT in 1 KIT *  1 SYRINGE in 1 TRAY / .4 mL in 1 SYRINGE *  1 mL in 1 PACKET,3/9/2016,12/31/2025,FALSE,TRUE
84,0074-0554,Adalimumab,AbbVie Inc.,Humira,BLA,KIT,c8f3937d-66ea-4bdb-b502-fcb33594c8b3,HUMAN PRESCRIPTION DRUG,0074-0554_c8f3937d-66ea-4bdb-b502-fcb33594c8b3,BLA125057,Humira,,,,,0074-0554-02,2 KIT in 1 CARTON (0074-0554-02)  / 1 KIT in 1 KIT *  1 SYRINGE in 1 TRAY / .4 mL in 1 SYRINGE *  1 mL in 1 PACKET,3/9/2016,12/31/2025,FALSE,TRUE
85,0074-0554,Adalimumab,AbbVie Inc.,Humira,BLA,KIT,c8f3937d-66ea-4bdb-b502-fcb33594c8b3,HUMAN PRESCRIPTION DRUG,0074-0554_c8f3937d-66ea-4bdb-b502-fcb33594c8b3,BLA125057,Humira,,,,,0074-0554-71,2 KIT in 1 CARTON (0074-0554-71)  / 1 KIT in 1 KIT *  1 SYRINGE in 1 TRAY / .4 mL in 1 SYRINGE *  1 mL in 1 PACKET,3/9/2016,12/31/2025,TRUE,TRUE
86,0074-0554,Adalimumab,AbbVie Inc.,Humira,BLA,KIT,c8f3937d-66ea-4bdb-b502-fcb33594c8b3,HUMAN PRESCRIPTION DRUG,0074-0554_c8f3937d-66ea-4bdb-b502-fcb33594c8b3,BLA125057,Humira,,,,,0074-0554-74,1 KIT in 1 CARTON (0074-0554-74)  / 1 KIT in 1 KIT *  1 SYRINGE in 1 TRAY / .4 mL in 1 SYRINGE *  1 mL in 1 PACKET,3/9/2016,12/31/2025,TRUE,TRUE
87,0074-0554,Adalimumab,AbbVie Inc.,Humira,BLA,KIT,c8f3937d-66ea-4bdb-b502-fcb33594c8b3,HUMAN PRESCRIPTION DRUG,0074-0554_c8f3937d-66ea-4bdb-b502-fcb33594c8b3,BLA125057,Humira,,,,,0074-0554-01,1 KIT in 1 CARTON (0074-0554-01)  / 1 KIT in 1 KIT *  1 SYRINGE in 1 TRAY / .4 mL in 1 SYRINGE *  1 mL in 1 PACKET,3/9/2016,12/31/2025,FALSE,TRUE
88,0074-0554,Adalimumab,AbbVie Inc.,Humira,BLA,KIT,c8f3937d-66ea-4bdb-b502-fcb33594c8b3,HUMAN PRESCRIPTION DRUG,0074-0554_c8f3937d-66ea-4bdb-b502-fcb33594c8b3,BLA125057,Humira,,,,,0074-0554-02,2 KIT in 1 CARTON (0074-0554-02)  / 1 KIT in 1 KIT *  1 SYRINGE in 1 TRAY / .4 mL in 1 SYRINGE *  1 mL in 1 PACKET,3/9/2016,12/31/2025,FALSE,TRUE
89,0074-0554,Adalimumab,AbbVie Inc.,Humira,BLA,KIT,c8f3937d-66ea-4bdb-b502-fcb33594c8b3,HUMAN PRESCRIPTION DRUG,0074-0554_c8f3937d-66ea-4bdb-b502-fcb33594c8b3,BLA125057,Humira,,,,,0074-0554-71,2 KIT in 1 CARTON (0074-0554-71)  / 1 KIT in 1 KIT *  1 SYRINGE in 1 TRAY / .4 mL in 1 SYRINGE *  1 mL in 1 PACKET,3/9/2016,12/31/2025,TRUE,TRUE
90,0074-0554,Adalimumab,AbbVie Inc.,Humira,BLA,KIT,c8f3937d-66ea-4bdb-b502-fcb33594c8b3,HUMAN PRESCRIPTION DRUG,0074-0554_c8f3937d-66ea-4bdb-b502-fcb33594c8b3,BLA125057,Humira,,,,,0074-0554-74,1 KIT in 1 CARTON (0074-0554-74)  / 1 KIT in 1 KIT *  1 SYRINGE in 1 TRAY / .4 mL in 1 SYRINGE *  1 mL in 1 PACKET,3/9/2016,12/31/2025,TRUE,TRUE
91,0074-0616,Adalimumab,AbbVie Inc.,Humira,BLA,KIT,c8f3937d-66ea-4bdb-b502-fcb33594c8b3,HUMAN PRESCRIPTION DRUG,0074-0616_c8f3937d-66ea-4bdb-b502-fcb33594c8b3,BLA125057,Humira,,,,,0074-0616-02,2 KIT in 1 CARTON (0074-0616-02)  / 1 KIT in 1 KIT *  1 SYRINGE in 1 TRAY / .2 mL in 1 SYRINGE *  1 mL in 1 PACKET,4/28/2017,12/31/2025,FALSE,TRUE
92,0074-0616,Adalimumab,AbbVie Inc.,Humira,BLA,KIT,c8f3937d-66ea-4bdb-b502-fcb33594c8b3,HUMAN PRESCRIPTION DRUG,0074-0616_c8f3937d-66ea-4bdb-b502-fcb33594c8b3,BLA125057,Humira,,,,,0074-0616-71,2 KIT in 1 CARTON (0074-0616-71)  / 1 KIT in 1 KIT *  1 SYRINGE in 1 TRAY / .2 mL in 1 SYRINGE *  1 mL in 1 PACKET,4/28/2017,12/31/2025,TRUE,TRUE
93,0074-0616,Adalimumab,AbbVie Inc.,Humira,BLA,KIT,c8f3937d-66ea-4bdb-b502-fcb33594c8b3,HUMAN PRESCRIPTION DRUG,0074-0616_c8f3937d-66ea-4bdb-b502-fcb33594c8b3,BLA125057,Humira,,,,,0074-0616-02,2 KIT in 1 CARTON (0074-0616-02)  / 1 KIT in 1 KIT *  1 SYRINGE in 1 TRAY / .2 mL in 1 SYRINGE *  1 mL in 1 PACKET,4/28/2017,12/31/2025,FALSE,TRUE
94,0074-0616,Adalimumab,AbbVie Inc.,Humira,BLA,KIT,c8f3937d-66ea-4bdb-b502-fcb33594c8b3,HUMAN PRESCRIPTION DRUG,0074-0616_c8f3937d-66ea-4bdb-b502-fcb33594c8b3,BLA125057,Humira,,,,,0074-0616-71,2 KIT in 1 CARTON (0074-0616-71)  / 1 KIT in 1 KIT *  1 SYRINGE in 1 TRAY / .2 mL in 1 SYRINGE *  1 mL in 1 PACKET,4/28/2017,12/31/2025,TRUE,TRUE
95,0074-0616,Adalimumab,AbbVie Inc.,Humira,BLA,KIT,c8f3937d-66ea-4bdb-b502-fcb33594c8b3,HUMAN PRESCRIPTION DRUG,0074-0616_c8f3937d-66ea-4bdb-b502-fcb33594c8b3,BLA125057,Humira,,,,,0074-0616-02,2 KIT in 1 CARTON (0074-0616-02)  / 1 KIT in 1 KIT *  1 SYRINGE in 1 TRAY / .2 mL in 1 SYRINGE *  1 mL in 1 PACKET,4/28/2017,12/31/2025,FALSE,TRUE
96,0074-0616,Adalimumab,AbbVie Inc.,Humira,BLA,KIT,c8f3937d-66ea-4bdb-b502-fcb33594c8b3,HUMAN PRESCRIPTION DRUG,0074-0616_c8f3937d-66ea-4bdb-b502-fcb33594c8b3,BLA125057,Humira,,,,,0074-0616-71,2 KIT in 1 CARTON (0074-0616-71)  / 1 KIT in 1 KIT *  1 SYRINGE in 1 TRAY / .2 mL in 1 SYRINGE *  1 mL in 1 PACKET,4/28/2017,12/31/2025,TRUE,TRUE
97,0074-0616,Adalimumab,AbbVie Inc.,Humira,BLA,KIT,c8f3937d-66ea-4bdb-b502-fcb33594c8b3,HUMAN PRESCRIPTION DRUG,0074-0616_c8f3937d-66ea-4bdb-b502-fcb33594c8b3,BLA125057,Humira,,,,,0074-0616-02,2 KIT in 1 CARTON (0074-0616-02)  / 1 KIT in 1 KIT *  1 SYRINGE in 1 TRAY / .2 mL in 1 SYRINGE *  1 mL in 1 PACKET,4/28/2017,12/31/2025,FALSE,TRUE
98,0074-0616,Adalimumab,AbbVie Inc.,Humira,BLA,KIT,c8f3937d-66ea-4bdb-b502-fcb33594c8b3,HUMAN PRESCRIPTION DRUG,0074-0616_c8f3937d-66ea-4bdb-b502-fcb33594c8b3,BLA125057,Humira,,,,,0074-0616-71,2 KIT in 1 CARTON (0074-0616-71)  / 1 KIT in 1 KIT *  1 SYRINGE in 1 TRAY / .2 mL in 1 SYRINGE *  1 mL in 1 PACKET,4/28/2017,12/31/2025,TRUE,TRUE
99,0074-0616,Adalimumab,AbbVie Inc.,Humira,BLA,KIT,c8f3937d-66ea-4bdb-b502-fcb33594c8b3,HUMAN PRESCRIPTION DRUG,0074-0616_c8f3937d-66ea-4bdb-b502-fcb33594c8b3,BLA125057,Humira,,,,,0074-0616-02,2 KIT in 1 CARTON (0074-0616-02)  / 1 KIT in 1 KIT *  1 SYRINGE in 1 TRAY / .2 mL in 1 SYRINGE *  1 mL in 1 PACKET,4/28/2017,12/31/2025,FALSE,TRUE
100,0074-0616,Adalimumab,AbbVie Inc.,Humira,BLA,KIT,c8f3937d-66ea-4bdb-b502-fcb33594c8b3,HUMAN PRESCRIPTION DRUG,0074-0616_c8f3937d-66ea-4bdb-b502-fcb33594c8b3,BLA125057,Humira,,,,,0074-0616-71,2 KIT in 1 CARTON (0074-0616-71)  / 1 KIT in 1 KIT *  1 SYRINGE in 1 TRAY / .2 mL in 1 SYRINGE *  1 mL in 1 PACKET,4/28/2017,12/31/2025,TRUE,TRUE
101,0074-0616,Adalimumab,AbbVie Inc.,Humira,BLA,KIT,c8f3937d-66ea-4bdb-b502-fcb33594c8b3,HUMAN PRESCRIPTION DRUG,0074-0616_c8f3937d-66ea-4bdb-b502-fcb33594c8b3,BLA125057,Humira,,,,,0074-0616-02,2 KIT in 1 CARTON (0074-0616-02)  / 1 KIT in 1 KIT *  1 SYRINGE in 1 TRAY / .2 mL in 1 SYRINGE *  1 mL in 1 PACKET,4/28/2017,12/31/2025,FALSE,TRUE
102,0074-0616,Adalimumab,AbbVie Inc.,Humira,BLA,KIT,c8f3937d-66ea-4bdb-b502-fcb33594c8b3,HUMAN PRESCRIPTION DRUG,0074-0616_c8f3937d-66ea-4bdb-b502-fcb33594c8b3,BLA125057,Humira,,,,,0074-0616-71,2 KIT in 1 CARTON (0074-0616-71)  / 1 KIT in 1 KIT *  1 SYRINGE in 1 TRAY / .2 mL in 1 SYRINGE *  1 mL in 1 PACKET,4/28/2017,12/31/2025,TRUE,TRUE
103,0074-0616,Adalimumab,AbbVie Inc.,Humira,BLA,KIT,c8f3937d-66ea-4bdb-b502-fcb33594c8b3,HUMAN PRESCRIPTION DRUG,0074-0616_c8f3937d-66ea-4bdb-b502-fcb33594c8b3,BLA125057,Humira,,,,,0074-0616-02,2 KIT in 1 CARTON (0074-0616-02)  / 1 KIT in 1 KIT *  1 SYRINGE in 1 TRAY / .2 mL in 1 SYRINGE *  1 mL in 1 PACKET,4/28/2017,12/31/2025,FALSE,TRUE
104,0074-0616,Adalimumab,AbbVie Inc.,Humira,BLA,KIT,c8f3937d-66ea-4bdb-b502-fcb33594c8b3,HUMAN PRESCRIPTION DRUG,0074-0616_c8f3937d-66ea-4bdb-b502-fcb33594c8b3,BLA125057,Humira,,,,,0074-0616-71,2 KIT in 1 CARTON (0074-0616-71)  / 1 KIT in 1 KIT *  1 SYRINGE in 1 TRAY / .2 mL in 1 SYRINGE *  1 mL in 1 PACKET,4/28/2017,12/31/2025,TRUE,TRUE
105,0074-0616,Adalimumab,AbbVie Inc.,Humira,BLA,KIT,c8f3937d-66ea-4bdb-b502-fcb33594c8b3,HUMAN PRESCRIPTION DRUG,0074-0616_c8f3937d-66ea-4bdb-b502-fcb33594c8b3,BLA125057,Humira,,,,,0074-0616-02,2 KIT in 1 CARTON (0074-0616-02)  / 1 KIT in 1 KIT *  1 SYRINGE in 1 TRAY / .2 mL in 1 SYRINGE *  1 mL in 1 PACKET,4/28/2017,12/31/2025,FALSE,TRUE
106,0074-0616,Adalimumab,AbbVie Inc.,Humira,BLA,KIT,c8f3937d-66ea-4bdb-b502-fcb33594c8b3,HUMAN PRESCRIPTION DRUG,0074-0616_c8f3937d-66ea-4bdb-b502-fcb33594c8b3,BLA125057,Humira,,,,,0074-0616-71,2 KIT in 1 CARTON (0074-0616-71)  / 1 KIT in 1 KIT *  1 SYRINGE in 1 TRAY / .2 mL in 1 SYRINGE *  1 mL in 1 PACKET,4/28/2017,12/31/2025,TRUE,TRUE
107,0074-0616,Adalimumab,AbbVie Inc.,Humira,BLA,KIT,c8f3937d-66ea-4bdb-b502-fcb33594c8b3,HUMAN PRESCRIPTION DRUG,0074-0616_c8f3937d-66ea-4bdb-b502-fcb33594c8b3,BLA125057,Humira,,,,,0074-0616-02,2 KIT in 1 CARTON (0074-0616-02)  / 1 KIT in 1 KIT *  1 SYRINGE in 1 TRAY / .2 mL in 1 SYRINGE *  1 mL in 1 PACKET,4/28/2017,12/31/2025,FALSE,TRUE
108,0074-0616,Adalimumab,AbbVie Inc.,Humira,BLA,KIT,c8f3937d-66ea-4bdb-b502-fcb33594c8b3,HUMAN PRESCRIPTION DRUG,0074-0616_c8f3937d-66ea-4bdb-b502-fcb33594c8b3,BLA125057,Humira,,,,,0074-0616-71,2 KIT in 1 CARTON (0074-0616-71)  / 1 KIT in 1 KIT *  1 SYRINGE in 1 TRAY / .2 mL in 1 SYRINGE *  1 mL in 1 PACKET,4/28/2017,12/31/2025,TRUE,TRUE
109,0074-0817,Adalimumab,AbbVie Inc.,Humira,BLA,KIT,c8f3937d-66ea-4bdb-b502-fcb33594c8b3,HUMAN PRESCRIPTION DRUG,0074-0817_c8f3937d-66ea-4bdb-b502-fcb33594c8b3,BLA125057,Humira,,,,,0074-0817-02,2 KIT in 1 CARTON (0074-0817-02)  / 1 KIT in 1 KIT *  1 SYRINGE in 1 TRAY / .1 mL in 1 SYRINGE *  1 mL in 1 PACKET,4/28/2017,12/31/2025,FALSE,TRUE
110,0074-0817,Adalimumab,AbbVie Inc.,Humira,BLA,KIT,c8f3937d-66ea-4bdb-b502-fcb33594c8b3,HUMAN PRESCRIPTION DRUG,0074-0817_c8f3937d-66ea-4bdb-b502-fcb33594c8b3,BLA125057,Humira,,,,,0074-0817-02,2 KIT in 1 CARTON (0074-0817-02)  / 1 KIT in 1 KIT *  1 SYRINGE in 1 TRAY / .1 mL in 1 SYRINGE *  1 mL in 1 PACKET,4/28/2017,12/31/2025,FALSE,TRUE
111,0074-0817,Adalimumab,AbbVie Inc.,Humira,BLA,KIT,c8f3937d-66ea-4bdb-b502-fcb33594c8b3,HUMAN PRESCRIPTION DRUG,0074-0817_c8f3937d-66ea-4bdb-b502-fcb33594c8b3,BLA125057,Humira,,,,,0074-0817-02,2 KIT in 1 CARTON (0074-0817-02)  / 1 KIT in 1 KIT *  1 SYRINGE in 1 TRAY / .1 mL in 1 SYRINGE *  1 mL in 1 PACKET,4/28/2017,12/31/2025,FALSE,TRUE
112,0074-0817,Adalimumab,AbbVie Inc.,Humira,BLA,KIT,c8f3937d-66ea-4bdb-b502-fcb33594c8b3,HUMAN PRESCRIPTION DRUG,0074-0817_c8f3937d-66ea-4bdb-b502-fcb33594c8b3,BLA125057,Humira,,,,,0074-0817-02,2 KIT in 1 CARTON (0074-0817-02)  / 1 KIT in 1 KIT *  1 SYRINGE in 1 TRAY / .1 mL in 1 SYRINGE *  1 mL in 1 PACKET,4/28/2017,12/31/2025,FALSE,TRUE
113,0074-0817,Adalimumab,AbbVie Inc.,Humira,BLA,KIT,c8f3937d-66ea-4bdb-b502-fcb33594c8b3,HUMAN PRESCRIPTION DRUG,0074-0817_c8f3937d-66ea-4bdb-b502-fcb33594c8b3,BLA125057,Humira,,,,,0074-0817-02,2 KIT in 1 CARTON (0074-0817-02)  / 1 KIT in 1 KIT *  1 SYRINGE in 1 TRAY / .1 mL in 1 SYRINGE *  1 mL in 1 PACKET,4/28/2017,12/31/2025,FALSE,TRUE
114,0074-0817,Adalimumab,AbbVie Inc.,Humira,BLA,KIT,c8f3937d-66ea-4bdb-b502-fcb33594c8b3,HUMAN PRESCRIPTION DRUG,0074-0817_c8f3937d-66ea-4bdb-b502-fcb33594c8b3,BLA125057,Humira,,,,,0074-0817-02,2 KIT in 1 CARTON (0074-0817-02)  / 1 KIT in 1 KIT *  1 SYRINGE in 1 TRAY / .1 mL in 1 SYRINGE *  1 mL in 1 PACKET,4/28/2017,12/31/2025,FALSE,TRUE
115,0074-0817,Adalimumab,AbbVie Inc.,Humira,BLA,KIT,c8f3937d-66ea-4bdb-b502-fcb33594c8b3,HUMAN PRESCRIPTION DRUG,0074-0817_c8f3937d-66ea-4bdb-b502-fcb33594c8b3,BLA125057,Humira,,,,,0074-0817-02,2 KIT in 1 CARTON (0074-0817-02)  / 1 KIT in 1 KIT *  1 SYRINGE in 1 TRAY / .1 mL in 1 SYRINGE *  1 mL in 1 PACKET,4/28/2017,12/31/2025,FALSE,TRUE
116,0074-0817,Adalimumab,AbbVie Inc.,Humira,BLA,KIT,c8f3937d-66ea-4bdb-b502-fcb33594c8b3,HUMAN PRESCRIPTION DRUG,0074-0817_c8f3937d-66ea-4bdb-b502-fcb33594c8b3,BLA125057,Humira,,,,,0074-0817-02,2 KIT in 1 CARTON (0074-0817-02)  / 1 KIT in 1 KIT *  1 SYRINGE in 1 TRAY / .1 mL in 1 SYRINGE *  1 mL in 1 PACKET,4/28/2017,12/31/2025,FALSE,TRUE
117,0074-0817,Adalimumab,AbbVie Inc.,Humira,BLA,KIT,c8f3937d-66ea-4bdb-b502-fcb33594c8b3,HUMAN PRESCRIPTION DRUG,0074-0817_c8f3937d-66ea-4bdb-b502-fcb33594c8b3,BLA125057,Humira,,,,,0074-0817-02,2 KIT in 1 CARTON (0074-0817-02)  / 1 KIT in 1 KIT *  1 SYRINGE in 1 TRAY / .1 mL in 1 SYRINGE *  1 mL in 1 PACKET,4/28/2017,12/31/2025,FALSE,TRUE
118,0074-1539,Adalimumab,AbbVie Inc.,Humira,BLA,KIT,c8f3937d-66ea-4bdb-b502-fcb33594c8b3,HUMAN PRESCRIPTION DRUG,0074-1539_c8f3937d-66ea-4bdb-b502-fcb33594c8b3,BLA125057,Humira,,,,,0074-1539-03,3 KIT in 1 CARTON (0074-1539-03)  / 1 KIT in 1 KIT *  1 SYRINGE in 1 TRAY / .8 mL in 1 SYRINGE *  1 SYRINGE in 1 TRAY / .4 mL in 1 SYRINGE *  1 mL in 1 PACKET,4/21/2017,12/31/2025,FALSE,TRUE
119,0074-1539,Adalimumab,AbbVie Inc.,Humira,BLA,KIT,c8f3937d-66ea-4bdb-b502-fcb33594c8b3,HUMAN PRESCRIPTION DRUG,0074-1539_c8f3937d-66ea-4bdb-b502-fcb33594c8b3,BLA125057,Humira,,,,,0074-1539-03,3 KIT in 1 CARTON (0074-1539-03)  / 1 KIT in 1 KIT *  1 SYRINGE in 1 TRAY / .8 mL in 1 SYRINGE *  1 SYRINGE in 1 TRAY / .4 mL in 1 SYRINGE *  1 mL in 1 PACKET,4/21/2017,12/31/2025,FALSE,TRUE
120,0074-1539,Adalimumab,AbbVie Inc.,Humira,BLA,KIT,c8f3937d-66ea-4bdb-b502-fcb33594c8b3,HUMAN PRESCRIPTION DRUG,0074-1539_c8f3937d-66ea-4bdb-b502-fcb33594c8b3,BLA125057,Humira,,,,,0074-1539-03,3 KIT in 1 CARTON (0074-1539-03)  / 1 KIT in 1 KIT *  1 SYRINGE in 1 TRAY / .8 mL in 1 SYRINGE *  1 SYRINGE in 1 TRAY / .4 mL in 1 SYRINGE *  1 mL in 1 PACKET,4/21/2017,12/31/2025,FALSE,TRUE
121,0074-1539,Adalimumab,AbbVie Inc.,Humira,BLA,KIT,c8f3937d-66ea-4bdb-b502-fcb33594c8b3,HUMAN PRESCRIPTION DRUG,0074-1539_c8f3937d-66ea-4bdb-b502-fcb33594c8b3,BLA125057,Humira,,,,,0074-1539-03,3 KIT in 1 CARTON (0074-1539-03)  / 1 KIT in 1 KIT *  1 SYRINGE in 1 TRAY / .8 mL in 1 SYRINGE *  1 SYRINGE in 1 TRAY / .4 mL in 1 SYRINGE *  1 mL in 1 PACKET,4/21/2017,12/31/2025,FALSE,TRUE
122,0074-1539,Adalimumab,AbbVie Inc.,Humira,BLA,KIT,c8f3937d-66ea-4bdb-b502-fcb33594c8b3,HUMAN PRESCRIPTION DRUG,0074-1539_c8f3937d-66ea-4bdb-b502-fcb33594c8b3,BLA125057,Humira,,,,,0074-1539-03,3 KIT in 1 CARTON (0074-1539-03)  / 1 KIT in 1 KIT *  1 SYRINGE in 1 TRAY / .8 mL in 1 SYRINGE *  1 SYRINGE in 1 TRAY / .4 mL in 1 SYRINGE *  1 mL in 1 PACKET,4/21/2017,12/31/2025,FALSE,TRUE
123,0074-1539,Adalimumab,AbbVie Inc.,Humira,BLA,KIT,c8f3937d-66ea-4bdb-b502-fcb33594c8b3,HUMAN PRESCRIPTION DRUG,0074-1539_c8f3937d-66ea-4bdb-b502-fcb33594c8b3,BLA125057,Humira,,,,,0074-1539-03,3 KIT in 1 CARTON (0074-1539-03)  / 1 KIT in 1 KIT *  1 SYRINGE in 1 TRAY / .8 mL in 1 SYRINGE *  1 SYRINGE in 1 TRAY / .4 mL in 1 SYRINGE *  1 mL in 1 PACKET,4/21/2017,12/31/2025,FALSE,TRUE
124,0074-1539,Adalimumab,AbbVie Inc.,Humira,BLA,KIT,c8f3937d-66ea-4bdb-b502-fcb33594c8b3,HUMAN PRESCRIPTION DRUG,0074-1539_c8f3937d-66ea-4bdb-b502-fcb33594c8b3,BLA125057,Humira,,,,,0074-1539-03,3 KIT in 1 CARTON (0074-1539-03)  / 1 KIT in 1 KIT *  1 SYRINGE in 1 TRAY / .8 mL in 1 SYRINGE *  1 SYRINGE in 1 TRAY / .4 mL in 1 SYRINGE *  1 mL in 1 PACKET,4/21/2017,12/31/2025,FALSE,TRUE
125,0074-1539,Adalimumab,AbbVie Inc.,Humira,BLA,KIT,c8f3937d-66ea-4bdb-b502-fcb33594c8b3,HUMAN PRESCRIPTION DRUG,0074-1539_c8f3937d-66ea-4bdb-b502-fcb33594c8b3,BLA125057,Humira,,,,,0074-1539-03,3 KIT in 1 CARTON (0074-1539-03)  / 1 KIT in 1 KIT *  1 SYRINGE in 1 TRAY / .8 mL in 1 SYRINGE *  1 SYRINGE in 1 TRAY / .4 mL in 1 SYRINGE *  1 mL in 1 PACKET,4/21/2017,12/31/2025,FALSE,TRUE
126,0074-1539,Adalimumab,AbbVie Inc.,Humira,BLA,KIT,c8f3937d-66ea-4bdb-b502-fcb33594c8b3,HUMAN PRESCRIPTION DRUG,0074-1539_c8f3937d-66ea-4bdb-b502-fcb33594c8b3,BLA125057,Humira,,,,,0074-1539-03,3 KIT in 1 CARTON (0074-1539-03)  / 1 KIT in 1 KIT *  1 SYRINGE in 1 TRAY / .8 mL in 1 SYRINGE *  1 SYRINGE in 1 TRAY / .4 mL in 1 SYRINGE *  1 mL in 1 PACKET,4/21/2017,12/31/2025,FALSE,TRUE
127,0074-2540,Adalimumab,AbbVie Inc.,Humira,BLA,KIT,c8f3937d-66ea-4bdb-b502-fcb33594c8b3,HUMAN PRESCRIPTION DRUG,0074-2540_c8f3937d-66ea-4bdb-b502-fcb33594c8b3,BLA125057,Humira,,,,,0074-2540-01,1 KIT in 1 CARTON (0074-2540-01)  / 1 KIT in 1 KIT *  1 SYRINGE in 1 TRAY / .8 mL in 1 SYRINGE *  1 mL in 1 PACKAGE,10/17/2016,12/31/2025,FALSE,TRUE
128,0074-2540,Adalimumab,AbbVie Inc.,Humira,BLA,KIT,c8f3937d-66ea-4bdb-b502-fcb33594c8b3,HUMAN PRESCRIPTION DRUG,0074-2540_c8f3937d-66ea-4bdb-b502-fcb33594c8b3,BLA125057,Humira,,,,,0074-2540-01,1 KIT in 1 CARTON (0074-2540-01)  / 1 KIT in 1 KIT *  1 SYRINGE in 1 TRAY / .8 mL in 1 SYRINGE *  1 mL in 1 PACKAGE,10/17/2016,12/31/2025,FALSE,TRUE
129,0074-2540,Adalimumab,AbbVie Inc.,Humira,BLA,KIT,c8f3937d-66ea-4bdb-b502-fcb33594c8b3,HUMAN PRESCRIPTION DRUG,0074-2540_c8f3937d-66ea-4bdb-b502-fcb33594c8b3,BLA125057,Humira,,,,,0074-2540-01,1 KIT in 1 CARTON (0074-2540-01)  / 1 KIT in 1 KIT *  1 SYRINGE in 1 TRAY / .8 mL in 1 SYRINGE *  1 mL in 1 PACKAGE,10/17/2016,12/31/2025,FALSE,TRUE
130,0074-2540,Adalimumab,AbbVie Inc.,Humira,BLA,KIT,c8f3937d-66ea-4bdb-b502-fcb33594c8b3,HUMAN PRESCRIPTION DRUG,0074-2540_c8f3937d-66ea-4bdb-b502-fcb33594c8b3,BLA125057,Humira,,,,,0074-2540-01,1 KIT in 1 CARTON (0074-2540-01)  / 1 KIT in 1 KIT *  1 SYRINGE in 1 TRAY / .8 mL in 1 SYRINGE *  1 mL in 1 PACKAGE,10/17/2016,12/31/2025,FALSE,TRUE
131,0074-2540,Adalimumab,AbbVie Inc.,Humira,BLA,KIT,c8f3937d-66ea-4bdb-b502-fcb33594c8b3,HUMAN PRESCRIPTION DRUG,0074-2540_c8f3937d-66ea-4bdb-b502-fcb33594c8b3,BLA125057,Humira,,,,,0074-2540-01,1 KIT in 1 CARTON (0074-2540-01)  / 1 KIT in 1 KIT *  1 SYRINGE in 1 TRAY / .8 mL in 1 SYRINGE *  1 mL in 1 PACKAGE,10/17/2016,12/31/2025,FALSE,TRUE
132,0074-2540,Adalimumab,AbbVie Inc.,Humira,BLA,KIT,c8f3937d-66ea-4bdb-b502-fcb33594c8b3,HUMAN PRESCRIPTION DRUG,0074-2540_c8f3937d-66ea-4bdb-b502-fcb33594c8b3,BLA125057,Humira,,,,,0074-2540-01,1 KIT in 1 CARTON (0074-2540-01)  / 1 KIT in 1 KIT *  1 SYRINGE in 1 TRAY / .8 mL in 1 SYRINGE *  1 mL in 1 PACKAGE,10/17/2016,12/31/2025,FALSE,TRUE
133,0074-2540,Adalimumab,AbbVie Inc.,Humira,BLA,KIT,c8f3937d-66ea-4bdb-b502-fcb33594c8b3,HUMAN PRESCRIPTION DRUG,0074-2540_c8f3937d-66ea-4bdb-b502-fcb33594c8b3,BLA125057,Humira,,,,,0074-2540-01,1 KIT in 1 CARTON (0074-2540-01)  / 1 KIT in 1 KIT *  1 SYRINGE in 1 TRAY / .8 mL in 1 SYRINGE *  1 mL in 1 PACKAGE,10/17/2016,12/31/2025,FALSE,TRUE
134,0074-2540,Adalimumab,AbbVie Inc.,Humira,BLA,KIT,c8f3937d-66ea-4bdb-b502-fcb33594c8b3,HUMAN PRESCRIPTION DRUG,0074-2540_c8f3937d-66ea-4bdb-b502-fcb33594c8b3,BLA125057,Humira,,,,,0074-2540-01,1 KIT in 1 CARTON (0074-2540-01)  / 1 KIT in 1 KIT *  1 SYRINGE in 1 TRAY / .8 mL in 1 SYRINGE *  1 mL in 1 PACKAGE,10/17/2016,12/31/2025,FALSE,TRUE
135,0074-2540,Adalimumab,AbbVie Inc.,Humira,BLA,KIT,c8f3937d-66ea-4bdb-b502-fcb33594c8b3,HUMAN PRESCRIPTION DRUG,0074-2540_c8f3937d-66ea-4bdb-b502-fcb33594c8b3,BLA125057,Humira,,,,,0074-2540-01,1 KIT in 1 CARTON (0074-2540-01)  / 1 KIT in 1 KIT *  1 SYRINGE in 1 TRAY / .8 mL in 1 SYRINGE *  1 mL in 1 PACKAGE,10/17/2016,12/31/2025,FALSE,TRUE
136,0074-3799,Adalimumab,AbbVie Inc.,Humira,BLA,KIT,c8f3937d-66ea-4bdb-b502-fcb33594c8b3,HUMAN PRESCRIPTION DRUG,0074-3799_c8f3937d-66ea-4bdb-b502-fcb33594c8b3,BLA125057,Humira,,,,,0074-3799-02,2 KIT in 1 CARTON (0074-3799-02)  / 1 KIT in 1 KIT *  1 SYRINGE in 1 TRAY / .8 mL in 1 SYRINGE *  1 mL in 1 PACKET,12/31/2002,12/31/2025,FALSE,TRUE
137,0074-3799,Adalimumab,AbbVie Inc.,Humira,BLA,KIT,c8f3937d-66ea-4bdb-b502-fcb33594c8b3,HUMAN PRESCRIPTION DRUG,0074-3799_c8f3937d-66ea-4bdb-b502-fcb33594c8b3,BLA125057,Humira,,,,,0074-3799-02,2 KIT in 1 CARTON (0074-3799-02)  / 1 KIT in 1 KIT *  1 SYRINGE in 1 TRAY / .8 mL in 1 SYRINGE *  1 mL in 1 PACKET,12/31/2002,12/31/2025,FALSE,TRUE
138,0074-3799,Adalimumab,AbbVie Inc.,Humira,BLA,KIT,c8f3937d-66ea-4bdb-b502-fcb33594c8b3,HUMAN PRESCRIPTION DRUG,0074-3799_c8f3937d-66ea-4bdb-b502-fcb33594c8b3,BLA125057,Humira,,,,,0074-3799-02,2 KIT in 1 CARTON (0074-3799-02)  / 1 KIT in 1 KIT *  1 SYRINGE in 1 TRAY / .8 mL in 1 SYRINGE *  1 mL in 1 PACKET,12/31/2002,12/31/2025,FALSE,TRUE
139,0074-3799,Adalimumab,AbbVie Inc.,Humira,BLA,KIT,c8f3937d-66ea-4bdb-b502-fcb33594c8b3,HUMAN PRESCRIPTION DRUG,0074-3799_c8f3937d-66ea-4bdb-b502-fcb33594c8b3,BLA125057,Humira,,,,,0074-3799-02,2 KIT in 1 CARTON (0074-3799-02)  / 1 KIT in 1 KIT *  1 SYRINGE in 1 TRAY / .8 mL in 1 SYRINGE *  1 mL in 1 PACKET,12/31/2002,12/31/2025,FALSE,TRUE
140,0074-3799,Adalimumab,AbbVie Inc.,Humira,BLA,KIT,c8f3937d-66ea-4bdb-b502-fcb33594c8b3,HUMAN PRESCRIPTION DRUG,0074-3799_c8f3937d-66ea-4bdb-b502-fcb33594c8b3,BLA125057,Humira,,,,,0074-3799-02,2 KIT in 1 CARTON (0074-3799-02)  / 1 KIT in 1 KIT *  1 SYRINGE in 1 TRAY / .8 mL in 1 SYRINGE *  1 mL in 1 PACKET,12/31/2002,12/31/2025,FALSE,TRUE
141,0074-3799,Adalimumab,AbbVie Inc.,Humira,BLA,KIT,c8f3937d-66ea-4bdb-b502-fcb33594c8b3,HUMAN PRESCRIPTION DRUG,0074-3799_c8f3937d-66ea-4bdb-b502-fcb33594c8b3,BLA125057,Humira,,,,,0074-3799-02,2 KIT in 1 CARTON (0074-3799-02)  / 1 KIT in 1 KIT *  1 SYRINGE in 1 TRAY / .8 mL in 1 SYRINGE *  1 mL in 1 PACKET,12/31/2002,12/31/2025,FALSE,TRUE
142,0074-3799,Adalimumab,AbbVie Inc.,Humira,BLA,KIT,c8f3937d-66ea-4bdb-b502-fcb33594c8b3,HUMAN PRESCRIPTION DRUG,0074-3799_c8f3937d-66ea-4bdb-b502-fcb33594c8b3,BLA125057,Humira,,,,,0074-3799-02,2 KIT in 1 CARTON (0074-3799-02)  / 1 KIT in 1 KIT *  1 SYRINGE in 1 TRAY / .8 mL in 1 SYRINGE *  1 mL in 1 PACKET,12/31/2002,12/31/2025,FALSE,TRUE
143,0074-3799,Adalimumab,AbbVie Inc.,Humira,BLA,KIT,c8f3937d-66ea-4bdb-b502-fcb33594c8b3,HUMAN PRESCRIPTION DRUG,0074-3799_c8f3937d-66ea-4bdb-b502-fcb33594c8b3,BLA125057,Humira,,,,,0074-3799-02,2 KIT in 1 CARTON (0074-3799-02)  / 1 KIT in 1 KIT *  1 SYRINGE in 1 TRAY / .8 mL in 1 SYRINGE *  1 mL in 1 PACKET,12/31/2002,12/31/2025,FALSE,TRUE
144,0074-3799,Adalimumab,AbbVie Inc.,Humira,BLA,KIT,c8f3937d-66ea-4bdb-b502-fcb33594c8b3,HUMAN PRESCRIPTION DRUG,0074-3799_c8f3937d-66ea-4bdb-b502-fcb33594c8b3,BLA125057,Humira,,,,,0074-3799-02,2 KIT in 1 CARTON (0074-3799-02)  / 1 KIT in 1 KIT *  1 SYRINGE in 1 TRAY / .8 mL in 1 SYRINGE *  1 mL in 1 PACKET,12/31/2002,12/31/2025,FALSE,TRUE
145,0074-4339,Adalimumab,AbbVie Inc.,Humira,BLA,KIT,c8f3937d-66ea-4bdb-b502-fcb33594c8b3,HUMAN PRESCRIPTION DRUG,0074-4339_c8f3937d-66ea-4bdb-b502-fcb33594c8b3,BLA125057,Humira,,,,,0074-4339-02,2 KIT in 1 CARTON (0074-4339-02)  / 1 KIT in 1 KIT *  1 SYRINGE in 1 TRAY / .8 mL in 1 SYRINGE *  1 mL in 1 PACKET,6/23/2006,12/31/2025,FALSE,TRUE
146,0074-4339,Adalimumab,AbbVie Inc.,Humira,BLA,KIT,c8f3937d-66ea-4bdb-b502-fcb33594c8b3,HUMAN PRESCRIPTION DRUG,0074-4339_c8f3937d-66ea-4bdb-b502-fcb33594c8b3,BLA125057,Humira,,,,,0074-4339-02,2 KIT in 1 CARTON (0074-4339-02)  / 1 KIT in 1 KIT *  1 SYRINGE in 1 TRAY / .8 mL in 1 SYRINGE *  1 mL in 1 PACKET,6/23/2006,12/31/2025,FALSE,TRUE
147,0074-4339,Adalimumab,AbbVie Inc.,Humira,BLA,KIT,c8f3937d-66ea-4bdb-b502-fcb33594c8b3,HUMAN PRESCRIPTION DRUG,0074-4339_c8f3937d-66ea-4bdb-b502-fcb33594c8b3,BLA125057,Humira,,,,,0074-4339-02,2 KIT in 1 CARTON (0074-4339-02)  / 1 KIT in 1 KIT *  1 SYRINGE in 1 TRAY / .8 mL in 1 SYRINGE *  1 mL in 1 PACKET,6/23/2006,12/31/2025,FALSE,TRUE
148,0074-4339,Adalimumab,AbbVie Inc.,Humira,BLA,KIT,c8f3937d-66ea-4bdb-b502-fcb33594c8b3,HUMAN PRESCRIPTION DRUG,0074-4339_c8f3937d-66ea-4bdb-b502-fcb33594c8b3,BLA125057,Humira,,,,,0074-4339-02,2 KIT in 1 CARTON (0074-4339-02)  / 1 KIT in 1 KIT *  1 SYRINGE in 1 TRAY / .8 mL in 1 SYRINGE *  1 mL in 1 PACKET,6/23/2006,12/31/2025,FALSE,TRUE
149,0074-4339,Adalimumab,AbbVie Inc.,Humira,BLA,KIT,c8f3937d-66ea-4bdb-b502-fcb33594c8b3,HUMAN PRESCRIPTION DRUG,0074-4339_c8f3937d-66ea-4bdb-b502-fcb33594c8b3,BLA125057,Humira,,,,,0074-4339-02,2 KIT in 1 CARTON (0074-4339-02)  / 1 KIT in 1 KIT *  1 SYRINGE in 1 TRAY / .8 mL in 1 SYRINGE *  1 mL in 1 PACKET,6/23/2006,12/31/2025,FALSE,TRUE
150,0074-4339,Adalimumab,AbbVie Inc.,Humira,BLA,KIT,c8f3937d-66ea-4bdb-b502-fcb33594c8b3,HUMAN PRESCRIPTION DRUG,0074-4339_c8f3937d-66ea-4bdb-b502-fcb33594c8b3,BLA125057,Humira,,,,,0074-4339-02,2 KIT in 1 CARTON (0074-4339-02)  / 1 KIT in 1 KIT *  1 SYRINGE in 1 TRAY / .8 mL in 1 SYRINGE *  1 mL in 1 PACKET,6/23/2006,12/31/2025,FALSE,TRUE
151,0074-4339,Adalimumab,AbbVie Inc.,Humira,BLA,KIT,c8f3937d-66ea-4bdb-b502-fcb33594c8b3,HUMAN PRESCRIPTION DRUG,0074-4339_c8f3937d-66ea-4bdb-b502-fcb33594c8b3,BLA125057,Humira,,,,,0074-4339-02,2 KIT in 1 CARTON (0074-4339-02)  / 1 KIT in 1 KIT *  1 SYRINGE in 1 TRAY / .8 mL in 1 SYRINGE *  1 mL in 1 PACKET,6/23/2006,12/31/2025,FALSE,TRUE
152,0074-4339,Adalimumab,AbbVie Inc.,Humira,BLA,KIT,c8f3937d-66ea-4bdb-b502-fcb33594c8b3,HUMAN PRESCRIPTION DRUG,0074-4339_c8f3937d-66ea-4bdb-b502-fcb33594c8b3,BLA125057,Humira,,,,,0074-4339-02,2 KIT in 1 CARTON (0074-4339-02)  / 1 KIT in 1 KIT *  1 SYRINGE in 1 TRAY / .8 mL in 1 SYRINGE *  1 mL in 1 PACKET,6/23/2006,12/31/2025,FALSE,TRUE
153,0074-4339,Adalimumab,AbbVie Inc.,Humira,BLA,KIT,c8f3937d-66ea-4bdb-b502-fcb33594c8b3,HUMAN PRESCRIPTION DRUG,0074-4339_c8f3937d-66ea-4bdb-b502-fcb33594c8b3,BLA125057,Humira,,,,,0074-4339-02,2 KIT in 1 CARTON (0074-4339-02)  / 1 KIT in 1 KIT *  1 SYRINGE in 1 TRAY / .8 mL in 1 SYRINGE *  1 mL in 1 PACKET,6/23/2006,12/31/2025,FALSE,TRUE
154,0597-0370,adalimumab-adbm,"Boehringer Ingelheim Pharmaceuticals, Inc.",Cyltezo,BLA,KIT,b9a21704-58a7-4806-beab-2518b7a3e6fc,HUMAN PRESCRIPTION DRUG,0597-0370_b9a21704-58a7-4806-beab-2518b7a3e6fc,BLA761058,Cyltezo,,,,,0597-0370-45,1 KIT in 1 CARTON (0597-0370-45)  / 1 KIT in 1 KIT *  1 SYRINGE in 1 TRAY / .8 mL in 1 SYRINGE *  1 mL in 1 PACKET,7/1/2023,12/31/2025,TRUE,TRUE
155,0597-0370,adalimumab-adbm,"Boehringer Ingelheim Pharmaceuticals, Inc.",Cyltezo,BLA,KIT,b9a21704-58a7-4806-beab-2518b7a3e6fc,HUMAN PRESCRIPTION DRUG,0597-0370_b9a21704-58a7-4806-beab-2518b7a3e6fc,BLA761058,Cyltezo,,,,,0597-0370-72,1 KIT in 1 CARTON (0597-0370-72)  / 1 KIT in 1 KIT *  1 SYRINGE in 1 TRAY / .8 mL in 1 SYRINGE *  1 mL in 1 PACKET,7/1/2023,12/31/2025,FALSE,TRUE
156,0597-0370,adalimumab-adbm,"Boehringer Ingelheim Pharmaceuticals, Inc.",Cyltezo,BLA,KIT,b9a21704-58a7-4806-beab-2518b7a3e6fc,HUMAN PRESCRIPTION DRUG,0597-0370_b9a21704-58a7-4806-beab-2518b7a3e6fc,BLA761058,Cyltezo,,,,,0597-0370-82,2 KIT in 1 CARTON (0597-0370-82)  / 1 KIT in 1 KIT *  1 SYRINGE in 1 TRAY / .8 mL in 1 SYRINGE *  1 mL in 1 PACKET,7/1/2023,12/31/2025,FALSE,TRUE
157,0597-0370,adalimumab-adbm,"Boehringer Ingelheim Pharmaceuticals, Inc.",Cyltezo,BLA,KIT,b9a21704-58a7-4806-beab-2518b7a3e6fc,HUMAN PRESCRIPTION DRUG,0597-0370_b9a21704-58a7-4806-beab-2518b7a3e6fc,BLA761058,Cyltezo,,,,,0597-0370-45,1 KIT in 1 CARTON (0597-0370-45)  / 1 KIT in 1 KIT *  1 SYRINGE in 1 TRAY / .8 mL in 1 SYRINGE *  1 mL in 1 PACKET,7/1/2023,12/31/2025,TRUE,TRUE
158,0597-0370,adalimumab-adbm,"Boehringer Ingelheim Pharmaceuticals, Inc.",Cyltezo,BLA,KIT,b9a21704-58a7-4806-beab-2518b7a3e6fc,HUMAN PRESCRIPTION DRUG,0597-0370_b9a21704-58a7-4806-beab-2518b7a3e6fc,BLA761058,Cyltezo,,,,,0597-0370-72,1 KIT in 1 CARTON (0597-0370-72)  / 1 KIT in 1 KIT *  1 SYRINGE in 1 TRAY / .8 mL in 1 SYRINGE *  1 mL in 1 PACKET,7/1/2023,12/31/2025,FALSE,TRUE
159,0597-0370,adalimumab-adbm,"Boehringer Ingelheim Pharmaceuticals, Inc.",Cyltezo,BLA,KIT,b9a21704-58a7-4806-beab-2518b7a3e6fc,HUMAN PRESCRIPTION DRUG,0597-0370_b9a21704-58a7-4806-beab-2518b7a3e6fc,BLA761058,Cyltezo,,,,,0597-0370-82,2 KIT in 1 CARTON (0597-0370-82)  / 1 KIT in 1 KIT *  1 SYRINGE in 1 TRAY / .8 mL in 1 SYRINGE *  1 mL in 1 PACKET,7/1/2023,12/31/2025,FALSE,TRUE
160,0597-0370,adalimumab-adbm,"Boehringer Ingelheim Pharmaceuticals, Inc.",Cyltezo,BLA,KIT,b9a21704-58a7-4806-beab-2518b7a3e6fc,HUMAN PRESCRIPTION DRUG,0597-0370_b9a21704-58a7-4806-beab-2518b7a3e6fc,BLA761058,Cyltezo,,,,,0597-0370-45,1 KIT in 1 CARTON (0597-0370-45)  / 1 KIT in 1 KIT *  1 SYRINGE in 1 TRAY / .8 mL in 1 SYRINGE *  1 mL in 1 PACKET,7/1/2023,12/31/2025,TRUE,TRUE
161,0597-0370,adalimumab-adbm,"Boehringer Ingelheim Pharmaceuticals, Inc.",Cyltezo,BLA,KIT,b9a21704-58a7-4806-beab-2518b7a3e6fc,HUMAN PRESCRIPTION DRUG,0597-0370_b9a21704-58a7-4806-beab-2518b7a3e6fc,BLA761058,Cyltezo,,,,,0597-0370-72,1 KIT in 1 CARTON (0597-0370-72)  / 1 KIT in 1 KIT *  1 SYRINGE in 1 TRAY / .8 mL in 1 SYRINGE *  1 mL in 1 PACKET,7/1/2023,12/31/2025,FALSE,TRUE
162,0597-0370,adalimumab-adbm,"Boehringer Ingelheim Pharmaceuticals, Inc.",Cyltezo,BLA,KIT,b9a21704-58a7-4806-beab-2518b7a3e6fc,HUMAN PRESCRIPTION DRUG,0597-0370_b9a21704-58a7-4806-beab-2518b7a3e6fc,BLA761058,Cyltezo,,,,,0597-0370-82,2 KIT in 1 CARTON (0597-0370-82)  / 1 KIT in 1 KIT *  1 SYRINGE in 1 TRAY / .8 mL in 1 SYRINGE *  1 mL in 1 PACKET,7/1/2023,12/31/2025,FALSE,TRUE
163,0597-0370,adalimumab-adbm,"Boehringer Ingelheim Pharmaceuticals, Inc.",Cyltezo,BLA,KIT,b9a21704-58a7-4806-beab-2518b7a3e6fc,HUMAN PRESCRIPTION DRUG,0597-0370_b9a21704-58a7-4806-beab-2518b7a3e6fc,BLA761058,Cyltezo,,,,,0597-0370-45,1 KIT in 1 CARTON (0597-0370-45)  / 1 KIT in 1 KIT *  1 SYRINGE in 1 TRAY / .8 mL in 1 SYRINGE *  1 mL in 1 PACKET,7/1/2023,12/31/2025,TRUE,TRUE
164,0597-0370,adalimumab-adbm,"Boehringer Ingelheim Pharmaceuticals, Inc.",Cyltezo,BLA,KIT,b9a21704-58a7-4806-beab-2518b7a3e6fc,HUMAN PRESCRIPTION DRUG,0597-0370_b9a21704-58a7-4806-beab-2518b7a3e6fc,BLA761058,Cyltezo,,,,,0597-0370-72,1 KIT in 1 CARTON (0597-0370-72)  / 1 KIT in 1 KIT *  1 SYRINGE in 1 TRAY / .8 mL in 1 SYRINGE *  1 mL in 1 PACKET,7/1/2023,12/31/2025,FALSE,TRUE
165,0597-0370,adalimumab-adbm,"Boehringer Ingelheim Pharmaceuticals, Inc.",Cyltezo,BLA,KIT,b9a21704-58a7-4806-beab-2518b7a3e6fc,HUMAN PRESCRIPTION DRUG,0597-0370_b9a21704-58a7-4806-beab-2518b7a3e6fc,BLA761058,Cyltezo,,,,,0597-0370-82,2 KIT in 1 CARTON (0597-0370-82)  / 1 KIT in 1 KIT *  1 SYRINGE in 1 TRAY / .8 mL in 1 SYRINGE *  1 mL in 1 PACKET,7/1/2023,12/31/2025,FALSE,TRUE
166,0597-0370,adalimumab-adbm,"Boehringer Ingelheim Pharmaceuticals, Inc.",Cyltezo,BLA,KIT,b9a21704-58a7-4806-beab-2518b7a3e6fc,HUMAN PRESCRIPTION DRUG,0597-0370_b9a21704-58a7-4806-beab-2518b7a3e6fc,BLA761058,Cyltezo,,,,,0597-0370-45,1 KIT in 1 CARTON (0597-0370-45)  / 1 KIT in 1 KIT *  1 SYRINGE in 1 TRAY / .8 mL in 1 SYRINGE *  1 mL in 1 PACKET,7/1/2023,12/31/2025,TRUE,TRUE
167,0597-0370,adalimumab-adbm,"Boehringer Ingelheim Pharmaceuticals, Inc.",Cyltezo,BLA,KIT,b9a21704-58a7-4806-beab-2518b7a3e6fc,HUMAN PRESCRIPTION DRUG,0597-0370_b9a21704-58a7-4806-beab-2518b7a3e6fc,BLA761058,Cyltezo,,,,,0597-0370-72,1 KIT in 1 CARTON (0597-0370-72)  / 1 KIT in 1 KIT *  1 SYRINGE in 1 TRAY / .8 mL in 1 SYRINGE *  1 mL in 1 PACKET,7/1/2023,12/31/2025,FALSE,TRUE
168,0597-0370,adalimumab-adbm,"Boehringer Ingelheim Pharmaceuticals, Inc.",Cyltezo,BLA,KIT,b9a21704-58a7-4806-beab-2518b7a3e6fc,HUMAN PRESCRIPTION DRUG,0597-0370_b9a21704-58a7-4806-beab-2518b7a3e6fc,BLA761058,Cyltezo,,,,,0597-0370-82,2 KIT in 1 CARTON (0597-0370-82)  / 1 KIT in 1 KIT *  1 SYRINGE in 1 TRAY / .8 mL in 1 SYRINGE *  1 mL in 1 PACKET,7/1/2023,12/31/2025,FALSE,TRUE
169,0597-0370,adalimumab-adbm,"Boehringer Ingelheim Pharmaceuticals, Inc.",Cyltezo,BLA,KIT,b9a21704-58a7-4806-beab-2518b7a3e6fc,HUMAN PRESCRIPTION DRUG,0597-0370_b9a21704-58a7-4806-beab-2518b7a3e6fc,BLA761058,Cyltezo,,,,,0597-0370-45,1 KIT in 1 CARTON (0597-0370-45)  / 1 KIT in 1 KIT *  1 SYRINGE in 1 TRAY / .8 mL in 1 SYRINGE *  1 mL in 1 PACKET,7/1/2023,12/31/2025,TRUE,TRUE
170,0597-0370,adalimumab-adbm,"Boehringer Ingelheim Pharmaceuticals, Inc.",Cyltezo,BLA,KIT,b9a21704-58a7-4806-beab-2518b7a3e6fc,HUMAN PRESCRIPTION DRUG,0597-0370_b9a21704-58a7-4806-beab-2518b7a3e6fc,BLA761058,Cyltezo,,,,,0597-0370-72,1 KIT in 1 CARTON (0597-0370-72)  / 1 KIT in 1 KIT *  1 SYRINGE in 1 TRAY / .8 mL in 1 SYRINGE *  1 mL in 1 PACKET,7/1/2023,12/31/2025,FALSE,TRUE
171,0597-0370,adalimumab-adbm,"Boehringer Ingelheim Pharmaceuticals, Inc.",Cyltezo,BLA,KIT,b9a21704-58a7-4806-beab-2518b7a3e6fc,HUMAN PRESCRIPTION DRUG,0597-0370_b9a21704-58a7-4806-beab-2518b7a3e6fc,BLA761058,Cyltezo,,,,,0597-0370-82,2 KIT in 1 CARTON (0597-0370-82)  / 1 KIT in 1 KIT *  1 SYRINGE in 1 TRAY / .8 mL in 1 SYRINGE *  1 mL in 1 PACKET,7/1/2023,12/31/2025,FALSE,TRUE
172,0597-0370,adalimumab-adbm,"Boehringer Ingelheim Pharmaceuticals, Inc.",Cyltezo,BLA,KIT,b9a21704-58a7-4806-beab-2518b7a3e6fc,HUMAN PRESCRIPTION DRUG,0597-0370_b9a21704-58a7-4806-beab-2518b7a3e6fc,BLA761058,Cyltezo,,,,,0597-0370-45,1 KIT in 1 CARTON (0597-0370-45)  / 1 KIT in 1 KIT *  1 SYRINGE in 1 TRAY / .8 mL in 1 SYRINGE *  1 mL in 1 PACKET,7/1/2023,12/31/2025,TRUE,TRUE
173,0597-0370,adalimumab-adbm,"Boehringer Ingelheim Pharmaceuticals, Inc.",Cyltezo,BLA,KIT,b9a21704-58a7-4806-beab-2518b7a3e6fc,HUMAN PRESCRIPTION DRUG,0597-0370_b9a21704-58a7-4806-beab-2518b7a3e6fc,BLA761058,Cyltezo,,,,,0597-0370-72,1 KIT in 1 CARTON (0597-0370-72)  / 1 KIT in 1 KIT *  1 SYRINGE in 1 TRAY / .8 mL in 1 SYRINGE *  1 mL in 1 PACKET,7/1/2023,12/31/2025,FALSE,TRUE
174,0597-0370,adalimumab-adbm,"Boehringer Ingelheim Pharmaceuticals, Inc.",Cyltezo,BLA,KIT,b9a21704-58a7-4806-beab-2518b7a3e6fc,HUMAN PRESCRIPTION DRUG,0597-0370_b9a21704-58a7-4806-beab-2518b7a3e6fc,BLA761058,Cyltezo,,,,,0597-0370-82,2 KIT in 1 CARTON (0597-0370-82)  / 1 KIT in 1 KIT *  1 SYRINGE in 1 TRAY / .8 mL in 1 SYRINGE *  1 mL in 1 PACKET,7/1/2023,12/31/2025,FALSE,TRUE
175,0597-0370,adalimumab-adbm,"Boehringer Ingelheim Pharmaceuticals, Inc.",Cyltezo,BLA,KIT,b9a21704-58a7-4806-beab-2518b7a3e6fc,HUMAN PRESCRIPTION DRUG,0597-0370_b9a21704-58a7-4806-beab-2518b7a3e6fc,BLA761058,Cyltezo,,,,,0597-0370-45,1 KIT in 1 CARTON (0597-0370-45)  / 1 KIT in 1 KIT *  1 SYRINGE in 1 TRAY / .8 mL in 1 SYRINGE *  1 mL in 1 PACKET,7/1/2023,12/31/2025,TRUE,TRUE
176,0597-0370,adalimumab-adbm,"Boehringer Ingelheim Pharmaceuticals, Inc.",Cyltezo,BLA,KIT,b9a21704-58a7-4806-beab-2518b7a3e6fc,HUMAN PRESCRIPTION DRUG,0597-0370_b9a21704-58a7-4806-beab-2518b7a3e6fc,BLA761058,Cyltezo,,,,,0597-0370-72,1 KIT in 1 CARTON (0597-0370-72)  / 1 KIT in 1 KIT *  1 SYRINGE in 1 TRAY / .8 mL in 1 SYRINGE *  1 mL in 1 PACKET,7/1/2023,12/31/2025,FALSE,TRUE
177,0597-0370,adalimumab-adbm,"Boehringer Ingelheim Pharmaceuticals, Inc.",Cyltezo,BLA,KIT,b9a21704-58a7-4806-beab-2518b7a3e6fc,HUMAN PRESCRIPTION DRUG,0597-0370_b9a21704-58a7-4806-beab-2518b7a3e6fc,BLA761058,Cyltezo,,,,,0597-0370-82,2 KIT in 1 CARTON (0597-0370-82)  / 1 KIT in 1 KIT *  1 SYRINGE in 1 TRAY / .8 mL in 1 SYRINGE *  1 mL in 1 PACKET,7/1/2023,12/31/2025,FALSE,TRUE
178,0597-0370,adalimumab-adbm,"Boehringer Ingelheim Pharmaceuticals, Inc.",Cyltezo,BLA,KIT,b9a21704-58a7-4806-beab-2518b7a3e6fc,HUMAN PRESCRIPTION DRUG,0597-0370_b9a21704-58a7-4806-beab-2518b7a3e6fc,BLA761058,Cyltezo,,,,,0597-0370-45,1 KIT in 1 CARTON (0597-0370-45)  / 1 KIT in 1 KIT *  1 SYRINGE in 1 TRAY / .8 mL in 1 SYRINGE *  1 mL in 1 PACKET,7/1/2023,12/31/2025,TRUE,TRUE
179,0597-0370,adalimumab-adbm,"Boehringer Ingelheim Pharmaceuticals, Inc.",Cyltezo,BLA,KIT,b9a21704-58a7-4806-beab-2518b7a3e6fc,HUMAN PRESCRIPTION DRUG,0597-0370_b9a21704-58a7-4806-beab-2518b7a3e6fc,BLA761058,Cyltezo,,,,,0597-0370-72,1 KIT in 1 CARTON (0597-0370-72)  / 1 KIT in 1 KIT *  1 SYRINGE in 1 TRAY / .8 mL in 1 SYRINGE *  1 mL in 1 PACKET,7/1/2023,12/31/2025,FALSE,TRUE
180,0597-0370,adalimumab-adbm,"Boehringer Ingelheim Pharmaceuticals, Inc.",Cyltezo,BLA,KIT,b9a21704-58a7-4806-beab-2518b7a3e6fc,HUMAN PRESCRIPTION DRUG,0597-0370_b9a21704-58a7-4806-beab-2518b7a3e6fc,BLA761058,Cyltezo,,,,,0597-0370-82,2 KIT in 1 CARTON (0597-0370-82)  / 1 KIT in 1 KIT *  1 SYRINGE in 1 TRAY / .8 mL in 1 SYRINGE *  1 mL in 1 PACKET,7/1/2023,12/31/2025,FALSE,TRUE
181,0597-0375,adalimumab-adbm,"Boehringer Ingelheim Pharmaceuticals, Inc.",Cyltezo,BLA,KIT,b9a21704-58a7-4806-beab-2518b7a3e6fc,HUMAN PRESCRIPTION DRUG,0597-0375_b9a21704-58a7-4806-beab-2518b7a3e6fc,BLA761058,Cyltezo,,,,,0597-0375-16,6 KIT in 1 CARTON (0597-0375-16)  / 1 KIT in 1 KIT *  1 SYRINGE in 1 TRAY / .8 mL in 1 SYRINGE *  2 PACKET in 1 TRAY / 1 mL in 1 PACKET,7/1/2023,12/31/2025,FALSE,TRUE
182,0597-0375,adalimumab-adbm,"Boehringer Ingelheim Pharmaceuticals, Inc.",Cyltezo,BLA,KIT,b9a21704-58a7-4806-beab-2518b7a3e6fc,HUMAN PRESCRIPTION DRUG,0597-0375_b9a21704-58a7-4806-beab-2518b7a3e6fc,BLA761058,Cyltezo,,,,,0597-0375-23,4 KIT in 1 CARTON (0597-0375-23)  / 1 KIT in 1 KIT *  1 SYRINGE in 1 TRAY / .8 mL in 1 SYRINGE *  2 PACKET in 1 TRAY / 1 mL in 1 PACKET,7/1/2023,12/31/2025,FALSE,TRUE
183,0597-0375,adalimumab-adbm,"Boehringer Ingelheim Pharmaceuticals, Inc.",Cyltezo,BLA,KIT,b9a21704-58a7-4806-beab-2518b7a3e6fc,HUMAN PRESCRIPTION DRUG,0597-0375_b9a21704-58a7-4806-beab-2518b7a3e6fc,BLA761058,Cyltezo,,,,,0597-0375-48,1 KIT in 1 CARTON (0597-0375-48)  / 1 KIT in 1 KIT *  1 SYRINGE in 1 TRAY / .8 mL in 1 SYRINGE *  2 PACKET in 1 TRAY / 1 mL in 1 PACKET,7/1/2023,12/31/2025,TRUE,TRUE
184,0597-0375,adalimumab-adbm,"Boehringer Ingelheim Pharmaceuticals, Inc.",Cyltezo,BLA,KIT,b9a21704-58a7-4806-beab-2518b7a3e6fc,HUMAN PRESCRIPTION DRUG,0597-0375_b9a21704-58a7-4806-beab-2518b7a3e6fc,BLA761058,Cyltezo,,,,,0597-0375-53,1 KIT in 1 CARTON (0597-0375-53)  / 1 KIT in 1 KIT *  1 SYRINGE in 1 TRAY / .8 mL in 1 SYRINGE *  2 PACKET in 1 TRAY / 1 mL in 1 PACKET,7/1/2023,12/31/2025,FALSE,TRUE
185,0597-0375,adalimumab-adbm,"Boehringer Ingelheim Pharmaceuticals, Inc.",Cyltezo,BLA,KIT,b9a21704-58a7-4806-beab-2518b7a3e6fc,HUMAN PRESCRIPTION DRUG,0597-0375_b9a21704-58a7-4806-beab-2518b7a3e6fc,BLA761058,Cyltezo,,,,,0597-0375-97,2 KIT in 1 CARTON (0597-0375-97)  / 1 KIT in 1 KIT *  1 SYRINGE in 1 TRAY / .8 mL in 1 SYRINGE *  2 PACKET in 1 TRAY / 1 mL in 1 PACKET,7/1/2023,12/31/2025,FALSE,TRUE
186,0597-0375,adalimumab-adbm,"Boehringer Ingelheim Pharmaceuticals, Inc.",Cyltezo,BLA,KIT,b9a21704-58a7-4806-beab-2518b7a3e6fc,HUMAN PRESCRIPTION DRUG,0597-0375_b9a21704-58a7-4806-beab-2518b7a3e6fc,BLA761058,Cyltezo,,,,,0597-0375-16,6 KIT in 1 CARTON (0597-0375-16)  / 1 KIT in 1 KIT *  1 SYRINGE in 1 TRAY / .8 mL in 1 SYRINGE *  2 PACKET in 1 TRAY / 1 mL in 1 PACKET,7/1/2023,12/31/2025,FALSE,TRUE
187,0597-0375,adalimumab-adbm,"Boehringer Ingelheim Pharmaceuticals, Inc.",Cyltezo,BLA,KIT,b9a21704-58a7-4806-beab-2518b7a3e6fc,HUMAN PRESCRIPTION DRUG,0597-0375_b9a21704-58a7-4806-beab-2518b7a3e6fc,BLA761058,Cyltezo,,,,,0597-0375-23,4 KIT in 1 CARTON (0597-0375-23)  / 1 KIT in 1 KIT *  1 SYRINGE in 1 TRAY / .8 mL in 1 SYRINGE *  2 PACKET in 1 TRAY / 1 mL in 1 PACKET,7/1/2023,12/31/2025,FALSE,TRUE
188,0597-0375,adalimumab-adbm,"Boehringer Ingelheim Pharmaceuticals, Inc.",Cyltezo,BLA,KIT,b9a21704-58a7-4806-beab-2518b7a3e6fc,HUMAN PRESCRIPTION DRUG,0597-0375_b9a21704-58a7-4806-beab-2518b7a3e6fc,BLA761058,Cyltezo,,,,,0597-0375-48,1 KIT in 1 CARTON (0597-0375-48)  / 1 KIT in 1 KIT *  1 SYRINGE in 1 TRAY / .8 mL in 1 SYRINGE *  2 PACKET in 1 TRAY / 1 mL in 1 PACKET,7/1/2023,12/31/2025,TRUE,TRUE
189,0597-0375,adalimumab-adbm,"Boehringer Ingelheim Pharmaceuticals, Inc.",Cyltezo,BLA,KIT,b9a21704-58a7-4806-beab-2518b7a3e6fc,HUMAN PRESCRIPTION DRUG,0597-0375_b9a21704-58a7-4806-beab-2518b7a3e6fc,BLA761058,Cyltezo,,,,,0597-0375-53,1 KIT in 1 CARTON (0597-0375-53)  / 1 KIT in 1 KIT *  1 SYRINGE in 1 TRAY / .8 mL in 1 SYRINGE *  2 PACKET in 1 TRAY / 1 mL in 1 PACKET,7/1/2023,12/31/2025,FALSE,TRUE
190,0597-0375,adalimumab-adbm,"Boehringer Ingelheim Pharmaceuticals, Inc.",Cyltezo,BLA,KIT,b9a21704-58a7-4806-beab-2518b7a3e6fc,HUMAN PRESCRIPTION DRUG,0597-0375_b9a21704-58a7-4806-beab-2518b7a3e6fc,BLA761058,Cyltezo,,,,,0597-0375-97,2 KIT in 1 CARTON (0597-0375-97)  / 1 KIT in 1 KIT *  1 SYRINGE in 1 TRAY / .8 mL in 1 SYRINGE *  2 PACKET in 1 TRAY / 1 mL in 1 PACKET,7/1/2023,12/31/2025,FALSE,TRUE
191,0597-0375,adalimumab-adbm,"Boehringer Ingelheim Pharmaceuticals, Inc.",Cyltezo,BLA,KIT,b9a21704-58a7-4806-beab-2518b7a3e6fc,HUMAN PRESCRIPTION DRUG,0597-0375_b9a21704-58a7-4806-beab-2518b7a3e6fc,BLA761058,Cyltezo,,,,,0597-0375-16,6 KIT in 1 CARTON (0597-0375-16)  / 1 KIT in 1 KIT *  1 SYRINGE in 1 TRAY / .8 mL in 1 SYRINGE *  2 PACKET in 1 TRAY / 1 mL in 1 PACKET,7/1/2023,12/31/2025,FALSE,TRUE
192,0597-0375,adalimumab-adbm,"Boehringer Ingelheim Pharmaceuticals, Inc.",Cyltezo,BLA,KIT,b9a21704-58a7-4806-beab-2518b7a3e6fc,HUMAN PRESCRIPTION DRUG,0597-0375_b9a21704-58a7-4806-beab-2518b7a3e6fc,BLA761058,Cyltezo,,,,,0597-0375-23,4 KIT in 1 CARTON (0597-0375-23)  / 1 KIT in 1 KIT *  1 SYRINGE in 1 TRAY / .8 mL in 1 SYRINGE *  2 PACKET in 1 TRAY / 1 mL in 1 PACKET,7/1/2023,12/31/2025,FALSE,TRUE
193,0597-0375,adalimumab-adbm,"Boehringer Ingelheim Pharmaceuticals, Inc.",Cyltezo,BLA,KIT,b9a21704-58a7-4806-beab-2518b7a3e6fc,HUMAN PRESCRIPTION DRUG,0597-0375_b9a21704-58a7-4806-beab-2518b7a3e6fc,BLA761058,Cyltezo,,,,,0597-0375-48,1 KIT in 1 CARTON (0597-0375-48)  / 1 KIT in 1 KIT *  1 SYRINGE in 1 TRAY / .8 mL in 1 SYRINGE *  2 PACKET in 1 TRAY / 1 mL in 1 PACKET,7/1/2023,12/31/2025,TRUE,TRUE
194,0597-0375,adalimumab-adbm,"Boehringer Ingelheim Pharmaceuticals, Inc.",Cyltezo,BLA,KIT,b9a21704-58a7-4806-beab-2518b7a3e6fc,HUMAN PRESCRIPTION DRUG,0597-0375_b9a21704-58a7-4806-beab-2518b7a3e6fc,BLA761058,Cyltezo,,,,,0597-0375-53,1 KIT in 1 CARTON (0597-0375-53)  / 1 KIT in 1 KIT *  1 SYRINGE in 1 TRAY / .8 mL in 1 SYRINGE *  2 PACKET in 1 TRAY / 1 mL in 1 PACKET,7/1/2023,12/31/2025,FALSE,TRUE
195,0597-0375,adalimumab-adbm,"Boehringer Ingelheim Pharmaceuticals, Inc.",Cyltezo,BLA,KIT,b9a21704-58a7-4806-beab-2518b7a3e6fc,HUMAN PRESCRIPTION DRUG,0597-0375_b9a21704-58a7-4806-beab-2518b7a3e6fc,BLA761058,Cyltezo,,,,,0597-0375-97,2 KIT in 1 CARTON (0597-0375-97)  / 1 KIT in 1 KIT *  1 SYRINGE in 1 TRAY / .8 mL in 1 SYRINGE *  2 PACKET in 1 TRAY / 1 mL in 1 PACKET,7/1/2023,12/31/2025,FALSE,TRUE
196,0597-0375,adalimumab-adbm,"Boehringer Ingelheim Pharmaceuticals, Inc.",Cyltezo,BLA,KIT,b9a21704-58a7-4806-beab-2518b7a3e6fc,HUMAN PRESCRIPTION DRUG,0597-0375_b9a21704-58a7-4806-beab-2518b7a3e6fc,BLA761058,Cyltezo,,,,,0597-0375-16,6 KIT in 1 CARTON (0597-0375-16)  / 1 KIT in 1 KIT *  1 SYRINGE in 1 TRAY / .8 mL in 1 SYRINGE *  2 PACKET in 1 TRAY / 1 mL in 1 PACKET,7/1/2023,12/31/2025,FALSE,TRUE
197,0597-0375,adalimumab-adbm,"Boehringer Ingelheim Pharmaceuticals, Inc.",Cyltezo,BLA,KIT,b9a21704-58a7-4806-beab-2518b7a3e6fc,HUMAN PRESCRIPTION DRUG,0597-0375_b9a21704-58a7-4806-beab-2518b7a3e6fc,BLA761058,Cyltezo,,,,,0597-0375-23,4 KIT in 1 CARTON (0597-0375-23)  / 1 KIT in 1 KIT *  1 SYRINGE in 1 TRAY / .8 mL in 1 SYRINGE *  2 PACKET in 1 TRAY / 1 mL in 1 PACKET,7/1/2023,12/31/2025,FALSE,TRUE
198,0597-0375,adalimumab-adbm,"Boehringer Ingelheim Pharmaceuticals, Inc.",Cyltezo,BLA,KIT,b9a21704-58a7-4806-beab-2518b7a3e6fc,HUMAN PRESCRIPTION DRUG,0597-0375_b9a21704-58a7-4806-beab-2518b7a3e6fc,BLA761058,Cyltezo,,,,,0597-0375-48,1 KIT in 1 CARTON (0597-0375-48)  / 1 KIT in 1 KIT *  1 SYRINGE in 1 TRAY / .8 mL in 1 SYRINGE *  2 PACKET in 1 TRAY / 1 mL in 1 PACKET,7/1/2023,12/31/2025,TRUE,TRUE
199,0597-0375,adalimumab-adbm,"Boehringer Ingelheim Pharmaceuticals, Inc.",Cyltezo,BLA,KIT,b9a21704-58a7-4806-beab-2518b7a3e6fc,HUMAN PRESCRIPTION DRUG,0597-0375_b9a21704-58a7-4806-beab-2518b7a3e6fc,BLA761058,Cyltezo,,,,,0597-0375-53,1 KIT in 1 CARTON (0597-0375-53)  / 1 KIT in 1 KIT *  1 SYRINGE in 1 TRAY / .8 mL in 1 SYRINGE *  2 PACKET in 1 TRAY / 1 mL in 1 PACKET,7/1/2023,12/31/2025,FALSE,TRUE
200,0597-0375,adalimumab-adbm,"Boehringer Ingelheim Pharmaceuticals, Inc.",Cyltezo,BLA,KIT,b9a21704-58a7-4806-beab-2518b7a3e6fc,HUMAN PRESCRIPTION DRUG,0597-0375_b9a21704-58a7-4806-beab-2518b7a3e6fc,BLA761058,Cyltezo,,,,,0597-0375-97,2 KIT in 1 CARTON (0597-0375-97)  / 1 KIT in 1 KIT *  1 SYRINGE in 1 TRAY / .8 mL in 1 SYRINGE *  2 PACKET in 1 TRAY / 1 mL in 1 PACKET,7/1/2023,12/31/2025,FALSE,TRUE
201,0597-0375,adalimumab-adbm,"Boehringer Ingelheim Pharmaceuticals, Inc.",Cyltezo,BLA,KIT,b9a21704-58a7-4806-beab-2518b7a3e6fc,HUMAN PRESCRIPTION DRUG,0597-0375_b9a21704-58a7-4806-beab-2518b7a3e6fc,BLA761058,Cyltezo,,,,,0597-0375-16,6 KIT in 1 CARTON (0597-0375-16)  / 1 KIT in 1 KIT *  1 SYRINGE in 1 TRAY / .8 mL in 1 SYRINGE *  2 PACKET in 1 TRAY / 1 mL in 1 PACKET,7/1/2023,12/31/2025,FALSE,TRUE
202,0597-0375,adalimumab-adbm,"Boehringer Ingelheim Pharmaceuticals, Inc.",Cyltezo,BLA,KIT,b9a21704-58a7-4806-beab-2518b7a3e6fc,HUMAN PRESCRIPTION DRUG,0597-0375_b9a21704-58a7-4806-beab-2518b7a3e6fc,BLA761058,Cyltezo,,,,,0597-0375-23,4 KIT in 1 CARTON (0597-0375-23)  / 1 KIT in 1 KIT *  1 SYRINGE in 1 TRAY / .8 mL in 1 SYRINGE *  2 PACKET in 1 TRAY / 1 mL in 1 PACKET,7/1/2023,12/31/2025,FALSE,TRUE
203,0597-0375,adalimumab-adbm,"Boehringer Ingelheim Pharmaceuticals, Inc.",Cyltezo,BLA,KIT,b9a21704-58a7-4806-beab-2518b7a3e6fc,HUMAN PRESCRIPTION DRUG,0597-0375_b9a21704-58a7-4806-beab-2518b7a3e6fc,BLA761058,Cyltezo,,,,,0597-0375-48,1 KIT in 1 CARTON (0597-0375-48)  / 1 KIT in 1 KIT *  1 SYRINGE in 1 TRAY / .8 mL in 1 SYRINGE *  2 PACKET in 1 TRAY / 1 mL in 1 PACKET,7/1/2023,12/31/2025,TRUE,TRUE
204,0597-0375,adalimumab-adbm,"Boehringer Ingelheim Pharmaceuticals, Inc.",Cyltezo,BLA,KIT,b9a21704-58a7-4806-beab-2518b7a3e6fc,HUMAN PRESCRIPTION DRUG,0597-0375_b9a21704-58a7-4806-beab-2518b7a3e6fc,BLA761058,Cyltezo,,,,,0597-0375-53,1 KIT in 1 CARTON (0597-0375-53)  / 1 KIT in 1 KIT *  1 SYRINGE in 1 TRAY / .8 mL in 1 SYRINGE *  2 PACKET in 1 TRAY / 1 mL in 1 PACKET,7/1/2023,12/31/2025,FALSE,TRUE
205,0597-0375,adalimumab-adbm,"Boehringer Ingelheim Pharmaceuticals, Inc.",Cyltezo,BLA,KIT,b9a21704-58a7-4806-beab-2518b7a3e6fc,HUMAN PRESCRIPTION DRUG,0597-0375_b9a21704-58a7-4806-beab-2518b7a3e6fc,BLA761058,Cyltezo,,,,,0597-0375-97,2 KIT in 1 CARTON (0597-0375-97)  / 1 KIT in 1 KIT *  1 SYRINGE in 1 TRAY / .8 mL in 1 SYRINGE *  2 PACKET in 1 TRAY / 1 mL in 1 PACKET,7/1/2023,12/31/2025,FALSE,TRUE
206,0597-0375,adalimumab-adbm,"Boehringer Ingelheim Pharmaceuticals, Inc.",Cyltezo,BLA,KIT,b9a21704-58a7-4806-beab-2518b7a3e6fc,HUMAN PRESCRIPTION DRUG,0597-0375_b9a21704-58a7-4806-beab-2518b7a3e6fc,BLA761058,Cyltezo,,,,,0597-0375-16,6 KIT in 1 CARTON (0597-0375-16)  / 1 KIT in 1 KIT *  1 SYRINGE in 1 TRAY / .8 mL in 1 SYRINGE *  2 PACKET in 1 TRAY / 1 mL in 1 PACKET,7/1/2023,12/31/2025,FALSE,TRUE
207,0597-0375,adalimumab-adbm,"Boehringer Ingelheim Pharmaceuticals, Inc.",Cyltezo,BLA,KIT,b9a21704-58a7-4806-beab-2518b7a3e6fc,HUMAN PRESCRIPTION DRUG,0597-0375_b9a21704-58a7-4806-beab-2518b7a3e6fc,BLA761058,Cyltezo,,,,,0597-0375-23,4 KIT in 1 CARTON (0597-0375-23)  / 1 KIT in 1 KIT *  1 SYRINGE in 1 TRAY / .8 mL in 1 SYRINGE *  2 PACKET in 1 TRAY / 1 mL in 1 PACKET,7/1/2023,12/31/2025,FALSE,TRUE
208,0597-0375,adalimumab-adbm,"Boehringer Ingelheim Pharmaceuticals, Inc.",Cyltezo,BLA,KIT,b9a21704-58a7-4806-beab-2518b7a3e6fc,HUMAN PRESCRIPTION DRUG,0597-0375_b9a21704-58a7-4806-beab-2518b7a3e6fc,BLA761058,Cyltezo,,,,,0597-0375-48,1 KIT in 1 CARTON (0597-0375-48)  / 1 KIT in 1 KIT *  1 SYRINGE in 1 TRAY / .8 mL in 1 SYRINGE *  2 PACKET in 1 TRAY / 1 mL in 1 PACKET,7/1/2023,12/31/2025,TRUE,TRUE
209,0597-0375,adalimumab-adbm,"Boehringer Ingelheim Pharmaceuticals, Inc.",Cyltezo,BLA,KIT,b9a21704-58a7-4806-beab-2518b7a3e6fc,HUMAN PRESCRIPTION DRUG,0597-0375_b9a21704-58a7-4806-beab-2518b7a3e6fc,BLA761058,Cyltezo,,,,,0597-0375-53,1 KIT in 1 CARTON (0597-0375-53)  / 1 KIT in 1 KIT *  1 SYRINGE in 1 TRAY / .8 mL in 1 SYRINGE *  2 PACKET in 1 TRAY / 1 mL in 1 PACKET,7/1/2023,12/31/2025,FALSE,TRUE
210,0597-0375,adalimumab-adbm,"Boehringer Ingelheim Pharmaceuticals, Inc.",Cyltezo,BLA,KIT,b9a21704-58a7-4806-beab-2518b7a3e6fc,HUMAN PRESCRIPTION DRUG,0597-0375_b9a21704-58a7-4806-beab-2518b7a3e6fc,BLA761058,Cyltezo,,,,,0597-0375-97,2 KIT in 1 CARTON (0597-0375-97)  / 1 KIT in 1 KIT *  1 SYRINGE in 1 TRAY / .8 mL in 1 SYRINGE *  2 PACKET in 1 TRAY / 1 mL in 1 PACKET,7/1/2023,12/31/2025,FALSE,TRUE
211,0597-0375,adalimumab-adbm,"Boehringer Ingelheim Pharmaceuticals, Inc.",Cyltezo,BLA,KIT,b9a21704-58a7-4806-beab-2518b7a3e6fc,HUMAN PRESCRIPTION DRUG,0597-0375_b9a21704-58a7-4806-beab-2518b7a3e6fc,BLA761058,Cyltezo,,,,,0597-0375-16,6 KIT in 1 CARTON (0597-0375-16)  / 1 KIT in 1 KIT *  1 SYRINGE in 1 TRAY / .8 mL in 1 SYRINGE *  2 PACKET in 1 TRAY / 1 mL in 1 PACKET,7/1/2023,12/31/2025,FALSE,TRUE
212,0597-0375,adalimumab-adbm,"Boehringer Ingelheim Pharmaceuticals, Inc.",Cyltezo,BLA,KIT,b9a21704-58a7-4806-beab-2518b7a3e6fc,HUMAN PRESCRIPTION DRUG,0597-0375_b9a21704-58a7-4806-beab-2518b7a3e6fc,BLA761058,Cyltezo,,,,,0597-0375-23,4 KIT in 1 CARTON (0597-0375-23)  / 1 KIT in 1 KIT *  1 SYRINGE in 1 TRAY / .8 mL in 1 SYRINGE *  2 PACKET in 1 TRAY / 1 mL in 1 PACKET,7/1/2023,12/31/2025,FALSE,TRUE
213,0597-0375,adalimumab-adbm,"Boehringer Ingelheim Pharmaceuticals, Inc.",Cyltezo,BLA,KIT,b9a21704-58a7-4806-beab-2518b7a3e6fc,HUMAN PRESCRIPTION DRUG,0597-0375_b9a21704-58a7-4806-beab-2518b7a3e6fc,BLA761058,Cyltezo,,,,,0597-0375-48,1 KIT in 1 CARTON (0597-0375-48)  / 1 KIT in 1 KIT *  1 SYRINGE in 1 TRAY / .8 mL in 1 SYRINGE *  2 PACKET in 1 TRAY / 1 mL in 1 PACKET,7/1/2023,12/31/2025,TRUE,TRUE
214,0597-0375,adalimumab-adbm,"Boehringer Ingelheim Pharmaceuticals, Inc.",Cyltezo,BLA,KIT,b9a21704-58a7-4806-beab-2518b7a3e6fc,HUMAN PRESCRIPTION DRUG,0597-0375_b9a21704-58a7-4806-beab-2518b7a3e6fc,BLA761058,Cyltezo,,,,,0597-0375-53,1 KIT in 1 CARTON (0597-0375-53)  / 1 KIT in 1 KIT *  1 SYRINGE in 1 TRAY / .8 mL in 1 SYRINGE *  2 PACKET in 1 TRAY / 1 mL in 1 PACKET,7/1/2023,12/31/2025,FALSE,TRUE
215,0597-0375,adalimumab-adbm,"Boehringer Ingelheim Pharmaceuticals, Inc.",Cyltezo,BLA,KIT,b9a21704-58a7-4806-beab-2518b7a3e6fc,HUMAN PRESCRIPTION DRUG,0597-0375_b9a21704-58a7-4806-beab-2518b7a3e6fc,BLA761058,Cyltezo,,,,,0597-0375-97,2 KIT in 1 CARTON (0597-0375-97)  / 1 KIT in 1 KIT *  1 SYRINGE in 1 TRAY / .8 mL in 1 SYRINGE *  2 PACKET in 1 TRAY / 1 mL in 1 PACKET,7/1/2023,12/31/2025,FALSE,TRUE
216,0597-0375,adalimumab-adbm,"Boehringer Ingelheim Pharmaceuticals, Inc.",Cyltezo,BLA,KIT,b9a21704-58a7-4806-beab-2518b7a3e6fc,HUMAN PRESCRIPTION DRUG,0597-0375_b9a21704-58a7-4806-beab-2518b7a3e6fc,BLA761058,Cyltezo,,,,,0597-0375-16,6 KIT in 1 CARTON (0597-0375-16)  / 1 KIT in 1 KIT *  1 SYRINGE in 1 TRAY / .8 mL in 1 SYRINGE *  2 PACKET in 1 TRAY / 1 mL in 1 PACKET,7/1/2023,12/31/2025,FALSE,TRUE
217,0597-0375,adalimumab-adbm,"Boehringer Ingelheim Pharmaceuticals, Inc.",Cyltezo,BLA,KIT,b9a21704-58a7-4806-beab-2518b7a3e6fc,HUMAN PRESCRIPTION DRUG,0597-0375_b9a21704-58a7-4806-beab-2518b7a3e6fc,BLA761058,Cyltezo,,,,,0597-0375-23,4 KIT in 1 CARTON (0597-0375-23)  / 1 KIT in 1 KIT *  1 SYRINGE in 1 TRAY / .8 mL in 1 SYRINGE *  2 PACKET in 1 TRAY / 1 mL in 1 PACKET,7/1/2023,12/31/2025,FALSE,TRUE
218,0597-0375,adalimumab-adbm,"Boehringer Ingelheim Pharmaceuticals, Inc.",Cyltezo,BLA,KIT,b9a21704-58a7-4806-beab-2518b7a3e6fc,HUMAN PRESCRIPTION DRUG,0597-0375_b9a21704-58a7-4806-beab-2518b7a3e6fc,BLA761058,Cyltezo,,,,,0597-0375-48,1 KIT in 1 CARTON (0597-0375-48)  / 1 KIT in 1 KIT *  1 SYRINGE in 1 TRAY / .8 mL in 1 SYRINGE *  2 PACKET in 1 TRAY / 1 mL in 1 PACKET,7/1/2023,12/31/2025,TRUE,TRUE
219,0597-0375,adalimumab-adbm,"Boehringer Ingelheim Pharmaceuticals, Inc.",Cyltezo,BLA,KIT,b9a21704-58a7-4806-beab-2518b7a3e6fc,HUMAN PRESCRIPTION DRUG,0597-0375_b9a21704-58a7-4806-beab-2518b7a3e6fc,BLA761058,Cyltezo,,,,,0597-0375-53,1 KIT in 1 CARTON (0597-0375-53)  / 1 KIT in 1 KIT *  1 SYRINGE in 1 TRAY / .8 mL in 1 SYRINGE *  2 PACKET in 1 TRAY / 1 mL in 1 PACKET,7/1/2023,12/31/2025,FALSE,TRUE
220,0597-0375,adalimumab-adbm,"Boehringer Ingelheim Pharmaceuticals, Inc.",Cyltezo,BLA,KIT,b9a21704-58a7-4806-beab-2518b7a3e6fc,HUMAN PRESCRIPTION DRUG,0597-0375_b9a21704-58a7-4806-beab-2518b7a3e6fc,BLA761058,Cyltezo,,,,,0597-0375-97,2 KIT in 1 CARTON (0597-0375-97)  / 1 KIT in 1 KIT *  1 SYRINGE in 1 TRAY / .8 mL in 1 SYRINGE *  2 PACKET in 1 TRAY / 1 mL in 1 PACKET,7/1/2023,12/31/2025,FALSE,TRUE
221,0597-0375,adalimumab-adbm,"Boehringer Ingelheim Pharmaceuticals, Inc.",Cyltezo,BLA,KIT,b9a21704-58a7-4806-beab-2518b7a3e6fc,HUMAN PRESCRIPTION DRUG,0597-0375_b9a21704-58a7-4806-beab-2518b7a3e6fc,BLA761058,Cyltezo,,,,,0597-0375-16,6 KIT in 1 CARTON (0597-0375-16)  / 1 KIT in 1 KIT *  1 SYRINGE in 1 TRAY / .8 mL in 1 SYRINGE *  2 PACKET in 1 TRAY / 1 mL in 1 PACKET,7/1/2023,12/31/2025,FALSE,TRUE
222,0597-0375,adalimumab-adbm,"Boehringer Ingelheim Pharmaceuticals, Inc.",Cyltezo,BLA,KIT,b9a21704-58a7-4806-beab-2518b7a3e6fc,HUMAN PRESCRIPTION DRUG,0597-0375_b9a21704-58a7-4806-beab-2518b7a3e6fc,BLA761058,Cyltezo,,,,,0597-0375-23,4 KIT in 1 CARTON (0597-0375-23)  / 1 KIT in 1 KIT *  1 SYRINGE in 1 TRAY / .8 mL in 1 SYRINGE *  2 PACKET in 1 TRAY / 1 mL in 1 PACKET,7/1/2023,12/31/2025,FALSE,TRUE
223,0597-0375,adalimumab-adbm,"Boehringer Ingelheim Pharmaceuticals, Inc.",Cyltezo,BLA,KIT,b9a21704-58a7-4806-beab-2518b7a3e6fc,HUMAN PRESCRIPTION DRUG,0597-0375_b9a21704-58a7-4806-beab-2518b7a3e6fc,BLA761058,Cyltezo,,,,,0597-0375-48,1 KIT in 1 CARTON (0597-0375-48)  / 1 KIT in 1 KIT *  1 SYRINGE in 1 TRAY / .8 mL in 1 SYRINGE *  2 PACKET in 1 TRAY / 1 mL in 1 PACKET,7/1/2023,12/31/2025,TRUE,TRUE
224,0597-0375,adalimumab-adbm,"Boehringer Ingelheim Pharmaceuticals, Inc.",Cyltezo,BLA,KIT,b9a21704-58a7-4806-beab-2518b7a3e6fc,HUMAN PRESCRIPTION DRUG,0597-0375_b9a21704-58a7-4806-beab-2518b7a3e6fc,BLA761058,Cyltezo,,,,,0597-0375-53,1 KIT in 1 CARTON (0597-0375-53)  / 1 KIT in 1 KIT *  1 SYRINGE in 1 TRAY / .8 mL in 1 SYRINGE *  2 PACKET in 1 TRAY / 1 mL in 1 PACKET,7/1/2023,12/31/2025,FALSE,TRUE
225,0597-0375,adalimumab-adbm,"Boehringer Ingelheim Pharmaceuticals, Inc.",Cyltezo,BLA,KIT,b9a21704-58a7-4806-beab-2518b7a3e6fc,HUMAN PRESCRIPTION DRUG,0597-0375_b9a21704-58a7-4806-beab-2518b7a3e6fc,BLA761058,Cyltezo,,,,,0597-0375-97,2 KIT in 1 CARTON (0597-0375-97)  / 1 KIT in 1 KIT *  1 SYRINGE in 1 TRAY / .8 mL in 1 SYRINGE *  2 PACKET in 1 TRAY / 1 mL in 1 PACKET,7/1/2023,12/31/2025,FALSE,TRUE
226,0597-0400,adalimumab-adbm,"Boehringer Ingelheim Pharmaceuticals, Inc.",Cyltezo,BLA,KIT,b9a21704-58a7-4806-beab-2518b7a3e6fc,HUMAN PRESCRIPTION DRUG,0597-0400_b9a21704-58a7-4806-beab-2518b7a3e6fc,BLA761058,Cyltezo,,,,,0597-0400-89,2 KIT in 1 CARTON (0597-0400-89)  / 1 KIT in 1 KIT *  1 SYRINGE in 1 TRAY / .2 mL in 1 SYRINGE *  1 mL in 1 PACKET,7/1/2023,12/31/2025,FALSE,TRUE
227,0597-0400,adalimumab-adbm,"Boehringer Ingelheim Pharmaceuticals, Inc.",Cyltezo,BLA,KIT,b9a21704-58a7-4806-beab-2518b7a3e6fc,HUMAN PRESCRIPTION DRUG,0597-0400_b9a21704-58a7-4806-beab-2518b7a3e6fc,BLA761058,Cyltezo,,,,,0597-0400-89,2 KIT in 1 CARTON (0597-0400-89)  / 1 KIT in 1 KIT *  1 SYRINGE in 1 TRAY / .2 mL in 1 SYRINGE *  1 mL in 1 PACKET,7/1/2023,12/31/2025,FALSE,TRUE
228,0597-0400,adalimumab-adbm,"Boehringer Ingelheim Pharmaceuticals, Inc.",Cyltezo,BLA,KIT,b9a21704-58a7-4806-beab-2518b7a3e6fc,HUMAN PRESCRIPTION DRUG,0597-0400_b9a21704-58a7-4806-beab-2518b7a3e6fc,BLA761058,Cyltezo,,,,,0597-0400-89,2 KIT in 1 CARTON (0597-0400-89)  / 1 KIT in 1 KIT *  1 SYRINGE in 1 TRAY / .2 mL in 1 SYRINGE *  1 mL in 1 PACKET,7/1/2023,12/31/2025,FALSE,TRUE
229,0597-0400,adalimumab-adbm,"Boehringer Ingelheim Pharmaceuticals, Inc.",Cyltezo,BLA,KIT,b9a21704-58a7-4806-beab-2518b7a3e6fc,HUMAN PRESCRIPTION DRUG,0597-0400_b9a21704-58a7-4806-beab-2518b7a3e6fc,BLA761058,Cyltezo,,,,,0597-0400-89,2 KIT in 1 CARTON (0597-0400-89)  / 1 KIT in 1 KIT *  1 SYRINGE in 1 TRAY / .2 mL in 1 SYRINGE *  1 mL in 1 PACKET,7/1/2023,12/31/2025,FALSE,TRUE
230,0597-0400,adalimumab-adbm,"Boehringer Ingelheim Pharmaceuticals, Inc.",Cyltezo,BLA,KIT,b9a21704-58a7-4806-beab-2518b7a3e6fc,HUMAN PRESCRIPTION DRUG,0597-0400_b9a21704-58a7-4806-beab-2518b7a3e6fc,BLA761058,Cyltezo,,,,,0597-0400-89,2 KIT in 1 CARTON (0597-0400-89)  / 1 KIT in 1 KIT *  1 SYRINGE in 1 TRAY / .2 mL in 1 SYRINGE *  1 mL in 1 PACKET,7/1/2023,12/31/2025,FALSE,TRUE
231,0597-0400,adalimumab-adbm,"Boehringer Ingelheim Pharmaceuticals, Inc.",Cyltezo,BLA,KIT,b9a21704-58a7-4806-beab-2518b7a3e6fc,HUMAN PRESCRIPTION DRUG,0597-0400_b9a21704-58a7-4806-beab-2518b7a3e6fc,BLA761058,Cyltezo,,,,,0597-0400-89,2 KIT in 1 CARTON (0597-0400-89)  / 1 KIT in 1 KIT *  1 SYRINGE in 1 TRAY / .2 mL in 1 SYRINGE *  1 mL in 1 PACKET,7/1/2023,12/31/2025,FALSE,TRUE
232,0597-0400,adalimumab-adbm,"Boehringer Ingelheim Pharmaceuticals, Inc.",Cyltezo,BLA,KIT,b9a21704-58a7-4806-beab-2518b7a3e6fc,HUMAN PRESCRIPTION DRUG,0597-0400_b9a21704-58a7-4806-beab-2518b7a3e6fc,BLA761058,Cyltezo,,,,,0597-0400-89,2 KIT in 1 CARTON (0597-0400-89)  / 1 KIT in 1 KIT *  1 SYRINGE in 1 TRAY / .2 mL in 1 SYRINGE *  1 mL in 1 PACKET,7/1/2023,12/31/2025,FALSE,TRUE
233,0597-0400,adalimumab-adbm,"Boehringer Ingelheim Pharmaceuticals, Inc.",Cyltezo,BLA,KIT,b9a21704-58a7-4806-beab-2518b7a3e6fc,HUMAN PRESCRIPTION DRUG,0597-0400_b9a21704-58a7-4806-beab-2518b7a3e6fc,BLA761058,Cyltezo,,,,,0597-0400-89,2 KIT in 1 CARTON (0597-0400-89)  / 1 KIT in 1 KIT *  1 SYRINGE in 1 TRAY / .2 mL in 1 SYRINGE *  1 mL in 1 PACKET,7/1/2023,12/31/2025,FALSE,TRUE
234,0597-0400,adalimumab-adbm,"Boehringer Ingelheim Pharmaceuticals, Inc.",Cyltezo,BLA,KIT,b9a21704-58a7-4806-beab-2518b7a3e6fc,HUMAN PRESCRIPTION DRUG,0597-0400_b9a21704-58a7-4806-beab-2518b7a3e6fc,BLA761058,Cyltezo,,,,,0597-0400-89,2 KIT in 1 CARTON (0597-0400-89)  / 1 KIT in 1 KIT *  1 SYRINGE in 1 TRAY / .2 mL in 1 SYRINGE *  1 mL in 1 PACKET,7/1/2023,12/31/2025,FALSE,TRUE
235,0597-0405,adalimumab-adbm,"Boehringer Ingelheim Pharmaceuticals, Inc.",Cyltezo,BLA,KIT,b9a21704-58a7-4806-beab-2518b7a3e6fc,HUMAN PRESCRIPTION DRUG,0597-0405_b9a21704-58a7-4806-beab-2518b7a3e6fc,BLA761058,Cyltezo,,,,,0597-0405-10,1 KIT in 1 CARTON (0597-0405-10)  / 1 KIT in 1 KIT *  1 SYRINGE in 1 TRAY / .4 mL in 1 SYRINGE *  1 mL in 1 PACKET,7/1/2023,12/31/2025,FALSE,TRUE
236,0597-0405,adalimumab-adbm,"Boehringer Ingelheim Pharmaceuticals, Inc.",Cyltezo,BLA,KIT,b9a21704-58a7-4806-beab-2518b7a3e6fc,HUMAN PRESCRIPTION DRUG,0597-0405_b9a21704-58a7-4806-beab-2518b7a3e6fc,BLA761058,Cyltezo,,,,,0597-0405-80,2 KIT in 1 CARTON (0597-0405-80)  / 1 KIT in 1 KIT *  1 SYRINGE in 1 TRAY / .4 mL in 1 SYRINGE *  1 mL in 1 PACKET,7/1/2023,12/31/2025,FALSE,TRUE
237,0597-0405,adalimumab-adbm,"Boehringer Ingelheim Pharmaceuticals, Inc.",Cyltezo,BLA,KIT,b9a21704-58a7-4806-beab-2518b7a3e6fc,HUMAN PRESCRIPTION DRUG,0597-0405_b9a21704-58a7-4806-beab-2518b7a3e6fc,BLA761058,Cyltezo,,,,,0597-0405-10,1 KIT in 1 CARTON (0597-0405-10)  / 1 KIT in 1 KIT *  1 SYRINGE in 1 TRAY / .4 mL in 1 SYRINGE *  1 mL in 1 PACKET,7/1/2023,12/31/2025,FALSE,TRUE
238,0597-0405,adalimumab-adbm,"Boehringer Ingelheim Pharmaceuticals, Inc.",Cyltezo,BLA,KIT,b9a21704-58a7-4806-beab-2518b7a3e6fc,HUMAN PRESCRIPTION DRUG,0597-0405_b9a21704-58a7-4806-beab-2518b7a3e6fc,BLA761058,Cyltezo,,,,,0597-0405-80,2 KIT in 1 CARTON (0597-0405-80)  / 1 KIT in 1 KIT *  1 SYRINGE in 1 TRAY / .4 mL in 1 SYRINGE *  1 mL in 1 PACKET,7/1/2023,12/31/2025,FALSE,TRUE
239,0597-0405,adalimumab-adbm,"Boehringer Ingelheim Pharmaceuticals, Inc.",Cyltezo,BLA,KIT,b9a21704-58a7-4806-beab-2518b7a3e6fc,HUMAN PRESCRIPTION DRUG,0597-0405_b9a21704-58a7-4806-beab-2518b7a3e6fc,BLA761058,Cyltezo,,,,,0597-0405-10,1 KIT in 1 CARTON (0597-0405-10)  / 1 KIT in 1 KIT *  1 SYRINGE in 1 TRAY / .4 mL in 1 SYRINGE *  1 mL in 1 PACKET,7/1/2023,12/31/2025,FALSE,TRUE
240,0597-0405,adalimumab-adbm,"Boehringer Ingelheim Pharmaceuticals, Inc.",Cyltezo,BLA,KIT,b9a21704-58a7-4806-beab-2518b7a3e6fc,HUMAN PRESCRIPTION DRUG,0597-0405_b9a21704-58a7-4806-beab-2518b7a3e6fc,BLA761058,Cyltezo,,,,,0597-0405-80,2 KIT in 1 CARTON (0597-0405-80)  / 1 KIT in 1 KIT *  1 SYRINGE in 1 TRAY / .4 mL in 1 SYRINGE *  1 mL in 1 PACKET,7/1/2023,12/31/2025,FALSE,TRUE
241,0597-0405,adalimumab-adbm,"Boehringer Ingelheim Pharmaceuticals, Inc.",Cyltezo,BLA,KIT,b9a21704-58a7-4806-beab-2518b7a3e6fc,HUMAN PRESCRIPTION DRUG,0597-0405_b9a21704-58a7-4806-beab-2518b7a3e6fc,BLA761058,Cyltezo,,,,,0597-0405-10,1 KIT in 1 CARTON (0597-0405-10)  / 1 KIT in 1 KIT *  1 SYRINGE in 1 TRAY / .4 mL in 1 SYRINGE *  1 mL in 1 PACKET,7/1/2023,12/31/2025,FALSE,TRUE
242,0597-0405,adalimumab-adbm,"Boehringer Ingelheim Pharmaceuticals, Inc.",Cyltezo,BLA,KIT,b9a21704-58a7-4806-beab-2518b7a3e6fc,HUMAN PRESCRIPTION DRUG,0597-0405_b9a21704-58a7-4806-beab-2518b7a3e6fc,BLA761058,Cyltezo,,,,,0597-0405-80,2 KIT in 1 CARTON (0597-0405-80)  / 1 KIT in 1 KIT *  1 SYRINGE in 1 TRAY / .4 mL in 1 SYRINGE *  1 mL in 1 PACKET,7/1/2023,12/31/2025,FALSE,TRUE
243,0597-0405,adalimumab-adbm,"Boehringer Ingelheim Pharmaceuticals, Inc.",Cyltezo,BLA,KIT,b9a21704-58a7-4806-beab-2518b7a3e6fc,HUMAN PRESCRIPTION DRUG,0597-0405_b9a21704-58a7-4806-beab-2518b7a3e6fc,BLA761058,Cyltezo,,,,,0597-0405-10,1 KIT in 1 CARTON (0597-0405-10)  / 1 KIT in 1 KIT *  1 SYRINGE in 1 TRAY / .4 mL in 1 SYRINGE *  1 mL in 1 PACKET,7/1/2023,12/31/2025,FALSE,TRUE
244,0597-0405,adalimumab-adbm,"Boehringer Ingelheim Pharmaceuticals, Inc.",Cyltezo,BLA,KIT,b9a21704-58a7-4806-beab-2518b7a3e6fc,HUMAN PRESCRIPTION DRUG,0597-0405_b9a21704-58a7-4806-beab-2518b7a3e6fc,BLA761058,Cyltezo,,,,,0597-0405-80,2 KIT in 1 CARTON (0597-0405-80)  / 1 KIT in 1 KIT *  1 SYRINGE in 1 TRAY / .4 mL in 1 SYRINGE *  1 mL in 1 PACKET,7/1/2023,12/31/2025,FALSE,TRUE
245,0597-0405,adalimumab-adbm,"Boehringer Ingelheim Pharmaceuticals, Inc.",Cyltezo,BLA,KIT,b9a21704-58a7-4806-beab-2518b7a3e6fc,HUMAN PRESCRIPTION DRUG,0597-0405_b9a21704-58a7-4806-beab-2518b7a3e6fc,BLA761058,Cyltezo,,,,,0597-0405-10,1 KIT in 1 CARTON (0597-0405-10)  / 1 KIT in 1 KIT *  1 SYRINGE in 1 TRAY / .4 mL in 1 SYRINGE *  1 mL in 1 PACKET,7/1/2023,12/31/2025,FALSE,TRUE
246,0597-0405,adalimumab-adbm,"Boehringer Ingelheim Pharmaceuticals, Inc.",Cyltezo,BLA,KIT,b9a21704-58a7-4806-beab-2518b7a3e6fc,HUMAN PRESCRIPTION DRUG,0597-0405_b9a21704-58a7-4806-beab-2518b7a3e6fc,BLA761058,Cyltezo,,,,,0597-0405-80,2 KIT in 1 CARTON (0597-0405-80)  / 1 KIT in 1 KIT *  1 SYRINGE in 1 TRAY / .4 mL in 1 SYRINGE *  1 mL in 1 PACKET,7/1/2023,12/31/2025,FALSE,TRUE
247,0597-0405,adalimumab-adbm,"Boehringer Ingelheim Pharmaceuticals, Inc.",Cyltezo,BLA,KIT,b9a21704-58a7-4806-beab-2518b7a3e6fc,HUMAN PRESCRIPTION DRUG,0597-0405_b9a21704-58a7-4806-beab-2518b7a3e6fc,BLA761058,Cyltezo,,,,,0597-0405-10,1 KIT in 1 CARTON (0597-0405-10)  / 1 KIT in 1 KIT *  1 SYRINGE in 1 TRAY / .4 mL in 1 SYRINGE *  1 mL in 1 PACKET,7/1/2023,12/31/2025,FALSE,TRUE
248,0597-0405,adalimumab-adbm,"Boehringer Ingelheim Pharmaceuticals, Inc.",Cyltezo,BLA,KIT,b9a21704-58a7-4806-beab-2518b7a3e6fc,HUMAN PRESCRIPTION DRUG,0597-0405_b9a21704-58a7-4806-beab-2518b7a3e6fc,BLA761058,Cyltezo,,,,,0597-0405-80,2 KIT in 1 CARTON (0597-0405-80)  / 1 KIT in 1 KIT *  1 SYRINGE in 1 TRAY / .4 mL in 1 SYRINGE *  1 mL in 1 PACKET,7/1/2023,12/31/2025,FALSE,TRUE
249,0597-0405,adalimumab-adbm,"Boehringer Ingelheim Pharmaceuticals, Inc.",Cyltezo,BLA,KIT,b9a21704-58a7-4806-beab-2518b7a3e6fc,HUMAN PRESCRIPTION DRUG,0597-0405_b9a21704-58a7-4806-beab-2518b7a3e6fc,BLA761058,Cyltezo,,,,,0597-0405-10,1 KIT in 1 CARTON (0597-0405-10)  / 1 KIT in 1 KIT *  1 SYRINGE in 1 TRAY / .4 mL in 1 SYRINGE *  1 mL in 1 PACKET,7/1/2023,12/31/2025,FALSE,TRUE
250,0597-0405,adalimumab-adbm,"Boehringer Ingelheim Pharmaceuticals, Inc.",Cyltezo,BLA,KIT,b9a21704-58a7-4806-beab-2518b7a3e6fc,HUMAN PRESCRIPTION DRUG,0597-0405_b9a21704-58a7-4806-beab-2518b7a3e6fc,BLA761058,Cyltezo,,,,,0597-0405-80,2 KIT in 1 CARTON (0597-0405-80)  / 1 KIT in 1 KIT *  1 SYRINGE in 1 TRAY / .4 mL in 1 SYRINGE *  1 mL in 1 PACKET,7/1/2023,12/31/2025,FALSE,TRUE
251,0597-0405,adalimumab-adbm,"Boehringer Ingelheim Pharmaceuticals, Inc.",Cyltezo,BLA,KIT,b9a21704-58a7-4806-beab-2518b7a3e6fc,HUMAN PRESCRIPTION DRUG,0597-0405_b9a21704-58a7-4806-beab-2518b7a3e6fc,BLA761058,Cyltezo,,,,,0597-0405-10,1 KIT in 1 CARTON (0597-0405-10)  / 1 KIT in 1 KIT *  1 SYRINGE in 1 TRAY / .4 mL in 1 SYRINGE *  1 mL in 1 PACKET,7/1/2023,12/31/2025,FALSE,TRUE
252,0597-0405,adalimumab-adbm,"Boehringer Ingelheim Pharmaceuticals, Inc.",Cyltezo,BLA,KIT,b9a21704-58a7-4806-beab-2518b7a3e6fc,HUMAN PRESCRIPTION DRUG,0597-0405_b9a21704-58a7-4806-beab-2518b7a3e6fc,BLA761058,Cyltezo,,,,,0597-0405-80,2 KIT in 1 CARTON (0597-0405-80)  / 1 KIT in 1 KIT *  1 SYRINGE in 1 TRAY / .4 mL in 1 SYRINGE *  1 mL in 1 PACKET,7/1/2023,12/31/2025,FALSE,TRUE
253,0597-0485,adalimumab-adbm,"Boehringer Ingelheim Pharmaceuticals, Inc.",Cyltezo,BLA,KIT,b9a21704-58a7-4806-beab-2518b7a3e6fc,HUMAN PRESCRIPTION DRUG,0597-0485_b9a21704-58a7-4806-beab-2518b7a3e6fc,BLA761058,Cyltezo,,,,,0597-0485-20,2 KIT in 1 CARTON (0597-0485-20)  / 1 KIT in 1 KIT *  1 SYRINGE in 1 TRAY (0597-0480-12)  / .4 mL in 1 SYRINGE *  1 mL in 1 PACKET,4/30/2024,12/31/2025,FALSE,TRUE
254,0597-0485,adalimumab-adbm,"Boehringer Ingelheim Pharmaceuticals, Inc.",Cyltezo,BLA,KIT,b9a21704-58a7-4806-beab-2518b7a3e6fc,HUMAN PRESCRIPTION DRUG,0597-0485_b9a21704-58a7-4806-beab-2518b7a3e6fc,BLA761058,Cyltezo,,,,,0597-0485-46,1 KIT in 1 CARTON (0597-0485-46)  / 1 KIT in 1 KIT *  1 SYRINGE in 1 TRAY (0597-0480-12)  / .4 mL in 1 SYRINGE *  1 mL in 1 PACKET,4/30/2024,12/31/2025,TRUE,TRUE
255,0597-0485,adalimumab-adbm,"Boehringer Ingelheim Pharmaceuticals, Inc.",Cyltezo,BLA,KIT,b9a21704-58a7-4806-beab-2518b7a3e6fc,HUMAN PRESCRIPTION DRUG,0597-0485_b9a21704-58a7-4806-beab-2518b7a3e6fc,BLA761058,Cyltezo,,,,,0597-0485-20,2 KIT in 1 CARTON (0597-0485-20)  / 1 KIT in 1 KIT *  1 SYRINGE in 1 TRAY (0597-0480-12)  / .4 mL in 1 SYRINGE *  1 mL in 1 PACKET,4/30/2024,12/31/2025,FALSE,TRUE
256,0597-0485,adalimumab-adbm,"Boehringer Ingelheim Pharmaceuticals, Inc.",Cyltezo,BLA,KIT,b9a21704-58a7-4806-beab-2518b7a3e6fc,HUMAN PRESCRIPTION DRUG,0597-0485_b9a21704-58a7-4806-beab-2518b7a3e6fc,BLA761058,Cyltezo,,,,,0597-0485-46,1 KIT in 1 CARTON (0597-0485-46)  / 1 KIT in 1 KIT *  1 SYRINGE in 1 TRAY (0597-0480-12)  / .4 mL in 1 SYRINGE *  1 mL in 1 PACKET,4/30/2024,12/31/2025,TRUE,TRUE
257,0597-0485,adalimumab-adbm,"Boehringer Ingelheim Pharmaceuticals, Inc.",Cyltezo,BLA,KIT,b9a21704-58a7-4806-beab-2518b7a3e6fc,HUMAN PRESCRIPTION DRUG,0597-0485_b9a21704-58a7-4806-beab-2518b7a3e6fc,BLA761058,Cyltezo,,,,,0597-0485-20,2 KIT in 1 CARTON (0597-0485-20)  / 1 KIT in 1 KIT *  1 SYRINGE in 1 TRAY (0597-0480-12)  / .4 mL in 1 SYRINGE *  1 mL in 1 PACKET,4/30/2024,12/31/2025,FALSE,TRUE
258,0597-0485,adalimumab-adbm,"Boehringer Ingelheim Pharmaceuticals, Inc.",Cyltezo,BLA,KIT,b9a21704-58a7-4806-beab-2518b7a3e6fc,HUMAN PRESCRIPTION DRUG,0597-0485_b9a21704-58a7-4806-beab-2518b7a3e6fc,BLA761058,Cyltezo,,,,,0597-0485-46,1 KIT in 1 CARTON (0597-0485-46)  / 1 KIT in 1 KIT *  1 SYRINGE in 1 TRAY (0597-0480-12)  / .4 mL in 1 SYRINGE *  1 mL in 1 PACKET,4/30/2024,12/31/2025,TRUE,TRUE
259,0597-0485,adalimumab-adbm,"Boehringer Ingelheim Pharmaceuticals, Inc.",Cyltezo,BLA,KIT,b9a21704-58a7-4806-beab-2518b7a3e6fc,HUMAN PRESCRIPTION DRUG,0597-0485_b9a21704-58a7-4806-beab-2518b7a3e6fc,BLA761058,Cyltezo,,,,,0597-0485-20,2 KIT in 1 CARTON (0597-0485-20)  / 1 KIT in 1 KIT *  1 SYRINGE in 1 TRAY (0597-0480-12)  / .4 mL in 1 SYRINGE *  1 mL in 1 PACKET,4/30/2024,12/31/2025,FALSE,TRUE
260,0597-0485,adalimumab-adbm,"Boehringer Ingelheim Pharmaceuticals, Inc.",Cyltezo,BLA,KIT,b9a21704-58a7-4806-beab-2518b7a3e6fc,HUMAN PRESCRIPTION DRUG,0597-0485_b9a21704-58a7-4806-beab-2518b7a3e6fc,BLA761058,Cyltezo,,,,,0597-0485-46,1 KIT in 1 CARTON (0597-0485-46)  / 1 KIT in 1 KIT *  1 SYRINGE in 1 TRAY (0597-0480-12)  / .4 mL in 1 SYRINGE *  1 mL in 1 PACKET,4/30/2024,12/31/2025,TRUE,TRUE
261,0597-0485,adalimumab-adbm,"Boehringer Ingelheim Pharmaceuticals, Inc.",Cyltezo,BLA,KIT,b9a21704-58a7-4806-beab-2518b7a3e6fc,HUMAN PRESCRIPTION DRUG,0597-0485_b9a21704-58a7-4806-beab-2518b7a3e6fc,BLA761058,Cyltezo,,,,,0597-0485-20,2 KIT in 1 CARTON (0597-0485-20)  / 1 KIT in 1 KIT *  1 SYRINGE in 1 TRAY (0597-0480-12)  / .4 mL in 1 SYRINGE *  1 mL in 1 PACKET,4/30/2024,12/31/2025,FALSE,TRUE
262,0597-0485,adalimumab-adbm,"Boehringer Ingelheim Pharmaceuticals, Inc.",Cyltezo,BLA,KIT,b9a21704-58a7-4806-beab-2518b7a3e6fc,HUMAN PRESCRIPTION DRUG,0597-0485_b9a21704-58a7-4806-beab-2518b7a3e6fc,BLA761058,Cyltezo,,,,,0597-0485-46,1 KIT in 1 CARTON (0597-0485-46)  / 1 KIT in 1 KIT *  1 SYRINGE in 1 TRAY (0597-0480-12)  / .4 mL in 1 SYRINGE *  1 mL in 1 PACKET,4/30/2024,12/31/2025,TRUE,TRUE
263,0597-0485,adalimumab-adbm,"Boehringer Ingelheim Pharmaceuticals, Inc.",Cyltezo,BLA,KIT,b9a21704-58a7-4806-beab-2518b7a3e6fc,HUMAN PRESCRIPTION DRUG,0597-0485_b9a21704-58a7-4806-beab-2518b7a3e6fc,BLA761058,Cyltezo,,,,,0597-0485-20,2 KIT in 1 CARTON (0597-0485-20)  / 1 KIT in 1 KIT *  1 SYRINGE in 1 TRAY (0597-0480-12)  / .4 mL in 1 SYRINGE *  1 mL in 1 PACKET,4/30/2024,12/31/2025,FALSE,TRUE
264,0597-0485,adalimumab-adbm,"Boehringer Ingelheim Pharmaceuticals, Inc.",Cyltezo,BLA,KIT,b9a21704-58a7-4806-beab-2518b7a3e6fc,HUMAN PRESCRIPTION DRUG,0597-0485_b9a21704-58a7-4806-beab-2518b7a3e6fc,BLA761058,Cyltezo,,,,,0597-0485-46,1 KIT in 1 CARTON (0597-0485-46)  / 1 KIT in 1 KIT *  1 SYRINGE in 1 TRAY (0597-0480-12)  / .4 mL in 1 SYRINGE *  1 mL in 1 PACKET,4/30/2024,12/31/2025,TRUE,TRUE
265,0597-0485,adalimumab-adbm,"Boehringer Ingelheim Pharmaceuticals, Inc.",Cyltezo,BLA,KIT,b9a21704-58a7-4806-beab-2518b7a3e6fc,HUMAN PRESCRIPTION DRUG,0597-0485_b9a21704-58a7-4806-beab-2518b7a3e6fc,BLA761058,Cyltezo,,,,,0597-0485-20,2 KIT in 1 CARTON (0597-0485-20)  / 1 KIT in 1 KIT *  1 SYRINGE in 1 TRAY (0597-0480-12)  / .4 mL in 1 SYRINGE *  1 mL in 1 PACKET,4/30/2024,12/31/2025,FALSE,TRUE
266,0597-0485,adalimumab-adbm,"Boehringer Ingelheim Pharmaceuticals, Inc.",Cyltezo,BLA,KIT,b9a21704-58a7-4806-beab-2518b7a3e6fc,HUMAN PRESCRIPTION DRUG,0597-0485_b9a21704-58a7-4806-beab-2518b7a3e6fc,BLA761058,Cyltezo,,,,,0597-0485-46,1 KIT in 1 CARTON (0597-0485-46)  / 1 KIT in 1 KIT *  1 SYRINGE in 1 TRAY (0597-0480-12)  / .4 mL in 1 SYRINGE *  1 mL in 1 PACKET,4/30/2024,12/31/2025,TRUE,TRUE
267,0597-0485,adalimumab-adbm,"Boehringer Ingelheim Pharmaceuticals, Inc.",Cyltezo,BLA,KIT,b9a21704-58a7-4806-beab-2518b7a3e6fc,HUMAN PRESCRIPTION DRUG,0597-0485_b9a21704-58a7-4806-beab-2518b7a3e6fc,BLA761058,Cyltezo,,,,,0597-0485-20,2 KIT in 1 CARTON (0597-0485-20)  / 1 KIT in 1 KIT *  1 SYRINGE in 1 TRAY (0597-0480-12)  / .4 mL in 1 SYRINGE *  1 mL in 1 PACKET,4/30/2024,12/31/2025,FALSE,TRUE
268,0597-0485,adalimumab-adbm,"Boehringer Ingelheim Pharmaceuticals, Inc.",Cyltezo,BLA,KIT,b9a21704-58a7-4806-beab-2518b7a3e6fc,HUMAN PRESCRIPTION DRUG,0597-0485_b9a21704-58a7-4806-beab-2518b7a3e6fc,BLA761058,Cyltezo,,,,,0597-0485-46,1 KIT in 1 CARTON (0597-0485-46)  / 1 KIT in 1 KIT *  1 SYRINGE in 1 TRAY (0597-0480-12)  / .4 mL in 1 SYRINGE *  1 mL in 1 PACKET,4/30/2024,12/31/2025,TRUE,TRUE
269,0597-0485,adalimumab-adbm,"Boehringer Ingelheim Pharmaceuticals, Inc.",Cyltezo,BLA,KIT,b9a21704-58a7-4806-beab-2518b7a3e6fc,HUMAN PRESCRIPTION DRUG,0597-0485_b9a21704-58a7-4806-beab-2518b7a3e6fc,BLA761058,Cyltezo,,,,,0597-0485-20,2 KIT in 1 CARTON (0597-0485-20)  / 1 KIT in 1 KIT *  1 SYRINGE in 1 TRAY (0597-0480-12)  / .4 mL in 1 SYRINGE *  1 mL in 1 PACKET,4/30/2024,12/31/2025,FALSE,TRUE
270,0597-0485,adalimumab-adbm,"Boehringer Ingelheim Pharmaceuticals, Inc.",Cyltezo,BLA,KIT,b9a21704-58a7-4806-beab-2518b7a3e6fc,HUMAN PRESCRIPTION DRUG,0597-0485_b9a21704-58a7-4806-beab-2518b7a3e6fc,BLA761058,Cyltezo,,,,,0597-0485-46,1 KIT in 1 CARTON (0597-0485-46)  / 1 KIT in 1 KIT *  1 SYRINGE in 1 TRAY (0597-0480-12)  / .4 mL in 1 SYRINGE *  1 mL in 1 PACKET,4/30/2024,12/31/2025,TRUE,TRUE
271,0597-0495,adalimumab-adbm,"Boehringer Ingelheim Pharmaceuticals, Inc.",Cyltezo,BLA,KIT,b9a21704-58a7-4806-beab-2518b7a3e6fc,HUMAN PRESCRIPTION DRUG,0597-0495_b9a21704-58a7-4806-beab-2518b7a3e6fc,BLA761058,Cyltezo,,,,,0597-0495-40,4 KIT in 1 CARTON (0597-0495-40)  / 1 KIT in 1 KIT *  1 SYRINGE in 1 TRAY (0597-0490-32)  / .4 mL in 1 SYRINGE *  2 PACKET in 1 TRAY / 1 mL in 1 PACKET,4/30/2024,12/31/2025,FALSE,TRUE
272,0597-0495,adalimumab-adbm,"Boehringer Ingelheim Pharmaceuticals, Inc.",Cyltezo,BLA,KIT,b9a21704-58a7-4806-beab-2518b7a3e6fc,HUMAN PRESCRIPTION DRUG,0597-0495_b9a21704-58a7-4806-beab-2518b7a3e6fc,BLA761058,Cyltezo,,,,,0597-0495-47,1 KIT in 1 CARTON (0597-0495-47)  / 1 KIT in 1 KIT *  1 SYRINGE in 1 TRAY (0597-0490-32)  / .4 mL in 1 SYRINGE *  2 PACKET in 1 TRAY / 1 mL in 1 PACKET,4/30/2024,12/31/2025,TRUE,TRUE
273,0597-0495,adalimumab-adbm,"Boehringer Ingelheim Pharmaceuticals, Inc.",Cyltezo,BLA,KIT,b9a21704-58a7-4806-beab-2518b7a3e6fc,HUMAN PRESCRIPTION DRUG,0597-0495_b9a21704-58a7-4806-beab-2518b7a3e6fc,BLA761058,Cyltezo,,,,,0597-0495-50,2 KIT in 1 CARTON (0597-0495-50)  / 1 KIT in 1 KIT *  1 SYRINGE in 1 TRAY (0597-0490-32)  / .4 mL in 1 SYRINGE *  2 PACKET in 1 TRAY / 1 mL in 1 PACKET,4/30/2024,12/31/2025,FALSE,TRUE
274,0597-0495,adalimumab-adbm,"Boehringer Ingelheim Pharmaceuticals, Inc.",Cyltezo,BLA,KIT,b9a21704-58a7-4806-beab-2518b7a3e6fc,HUMAN PRESCRIPTION DRUG,0597-0495_b9a21704-58a7-4806-beab-2518b7a3e6fc,BLA761058,Cyltezo,,,,,0597-0495-60,6 KIT in 1 CARTON (0597-0495-60)  / 1 KIT in 1 KIT *  1 SYRINGE in 1 TRAY (0597-0490-32)  / .4 mL in 1 SYRINGE *  2 PACKET in 1 TRAY / 1 mL in 1 PACKET,4/30/2024,12/31/2025,FALSE,TRUE
275,0597-0495,adalimumab-adbm,"Boehringer Ingelheim Pharmaceuticals, Inc.",Cyltezo,BLA,KIT,b9a21704-58a7-4806-beab-2518b7a3e6fc,HUMAN PRESCRIPTION DRUG,0597-0495_b9a21704-58a7-4806-beab-2518b7a3e6fc,BLA761058,Cyltezo,,,,,0597-0495-40,4 KIT in 1 CARTON (0597-0495-40)  / 1 KIT in 1 KIT *  1 SYRINGE in 1 TRAY (0597-0490-32)  / .4 mL in 1 SYRINGE *  2 PACKET in 1 TRAY / 1 mL in 1 PACKET,4/30/2024,12/31/2025,FALSE,TRUE
276,0597-0495,adalimumab-adbm,"Boehringer Ingelheim Pharmaceuticals, Inc.",Cyltezo,BLA,KIT,b9a21704-58a7-4806-beab-2518b7a3e6fc,HUMAN PRESCRIPTION DRUG,0597-0495_b9a21704-58a7-4806-beab-2518b7a3e6fc,BLA761058,Cyltezo,,,,,0597-0495-47,1 KIT in 1 CARTON (0597-0495-47)  / 1 KIT in 1 KIT *  1 SYRINGE in 1 TRAY (0597-0490-32)  / .4 mL in 1 SYRINGE *  2 PACKET in 1 TRAY / 1 mL in 1 PACKET,4/30/2024,12/31/2025,TRUE,TRUE
277,0597-0495,adalimumab-adbm,"Boehringer Ingelheim Pharmaceuticals, Inc.",Cyltezo,BLA,KIT,b9a21704-58a7-4806-beab-2518b7a3e6fc,HUMAN PRESCRIPTION DRUG,0597-0495_b9a21704-58a7-4806-beab-2518b7a3e6fc,BLA761058,Cyltezo,,,,,0597-0495-50,2 KIT in 1 CARTON (0597-0495-50)  / 1 KIT in 1 KIT *  1 SYRINGE in 1 TRAY (0597-0490-32)  / .4 mL in 1 SYRINGE *  2 PACKET in 1 TRAY / 1 mL in 1 PACKET,4/30/2024,12/31/2025,FALSE,TRUE
278,0597-0495,adalimumab-adbm,"Boehringer Ingelheim Pharmaceuticals, Inc.",Cyltezo,BLA,KIT,b9a21704-58a7-4806-beab-2518b7a3e6fc,HUMAN PRESCRIPTION DRUG,0597-0495_b9a21704-58a7-4806-beab-2518b7a3e6fc,BLA761058,Cyltezo,,,,,0597-0495-60,6 KIT in 1 CARTON (0597-0495-60)  / 1 KIT in 1 KIT *  1 SYRINGE in 1 TRAY (0597-0490-32)  / .4 mL in 1 SYRINGE *  2 PACKET in 1 TRAY / 1 mL in 1 PACKET,4/30/2024,12/31/2025,FALSE,TRUE
279,0597-0495,adalimumab-adbm,"Boehringer Ingelheim Pharmaceuticals, Inc.",Cyltezo,BLA,KIT,b9a21704-58a7-4806-beab-2518b7a3e6fc,HUMAN PRESCRIPTION DRUG,0597-0495_b9a21704-58a7-4806-beab-2518b7a3e6fc,BLA761058,Cyltezo,,,,,0597-0495-40,4 KIT in 1 CARTON (0597-0495-40)  / 1 KIT in 1 KIT *  1 SYRINGE in 1 TRAY (0597-0490-32)  / .4 mL in 1 SYRINGE *  2 PACKET in 1 TRAY / 1 mL in 1 PACKET,4/30/2024,12/31/2025,FALSE,TRUE
280,0597-0495,adalimumab-adbm,"Boehringer Ingelheim Pharmaceuticals, Inc.",Cyltezo,BLA,KIT,b9a21704-58a7-4806-beab-2518b7a3e6fc,HUMAN PRESCRIPTION DRUG,0597-0495_b9a21704-58a7-4806-beab-2518b7a3e6fc,BLA761058,Cyltezo,,,,,0597-0495-47,1 KIT in 1 CARTON (0597-0495-47)  / 1 KIT in 1 KIT *  1 SYRINGE in 1 TRAY (0597-0490-32)  / .4 mL in 1 SYRINGE *  2 PACKET in 1 TRAY / 1 mL in 1 PACKET,4/30/2024,12/31/2025,TRUE,TRUE
281,0597-0495,adalimumab-adbm,"Boehringer Ingelheim Pharmaceuticals, Inc.",Cyltezo,BLA,KIT,b9a21704-58a7-4806-beab-2518b7a3e6fc,HUMAN PRESCRIPTION DRUG,0597-0495_b9a21704-58a7-4806-beab-2518b7a3e6fc,BLA761058,Cyltezo,,,,,0597-0495-50,2 KIT in 1 CARTON (0597-0495-50)  / 1 KIT in 1 KIT *  1 SYRINGE in 1 TRAY (0597-0490-32)  / .4 mL in 1 SYRINGE *  2 PACKET in 1 TRAY / 1 mL in 1 PACKET,4/30/2024,12/31/2025,FALSE,TRUE
282,0597-0495,adalimumab-adbm,"Boehringer Ingelheim Pharmaceuticals, Inc.",Cyltezo,BLA,KIT,b9a21704-58a7-4806-beab-2518b7a3e6fc,HUMAN PRESCRIPTION DRUG,0597-0495_b9a21704-58a7-4806-beab-2518b7a3e6fc,BLA761058,Cyltezo,,,,,0597-0495-60,6 KIT in 1 CARTON (0597-0495-60)  / 1 KIT in 1 KIT *  1 SYRINGE in 1 TRAY (0597-0490-32)  / .4 mL in 1 SYRINGE *  2 PACKET in 1 TRAY / 1 mL in 1 PACKET,4/30/2024,12/31/2025,FALSE,TRUE
283,0597-0495,adalimumab-adbm,"Boehringer Ingelheim Pharmaceuticals, Inc.",Cyltezo,BLA,KIT,b9a21704-58a7-4806-beab-2518b7a3e6fc,HUMAN PRESCRIPTION DRUG,0597-0495_b9a21704-58a7-4806-beab-2518b7a3e6fc,BLA761058,Cyltezo,,,,,0597-0495-40,4 KIT in 1 CARTON (0597-0495-40)  / 1 KIT in 1 KIT *  1 SYRINGE in 1 TRAY (0597-0490-32)  / .4 mL in 1 SYRINGE *  2 PACKET in 1 TRAY / 1 mL in 1 PACKET,4/30/2024,12/31/2025,FALSE,TRUE
284,0597-0495,adalimumab-adbm,"Boehringer Ingelheim Pharmaceuticals, Inc.",Cyltezo,BLA,KIT,b9a21704-58a7-4806-beab-2518b7a3e6fc,HUMAN PRESCRIPTION DRUG,0597-0495_b9a21704-58a7-4806-beab-2518b7a3e6fc,BLA761058,Cyltezo,,,,,0597-0495-47,1 KIT in 1 CARTON (0597-0495-47)  / 1 KIT in 1 KIT *  1 SYRINGE in 1 TRAY (0597-0490-32)  / .4 mL in 1 SYRINGE *  2 PACKET in 1 TRAY / 1 mL in 1 PACKET,4/30/2024,12/31/2025,TRUE,TRUE
285,0597-0495,adalimumab-adbm,"Boehringer Ingelheim Pharmaceuticals, Inc.",Cyltezo,BLA,KIT,b9a21704-58a7-4806-beab-2518b7a3e6fc,HUMAN PRESCRIPTION DRUG,0597-0495_b9a21704-58a7-4806-beab-2518b7a3e6fc,BLA761058,Cyltezo,,,,,0597-0495-50,2 KIT in 1 CARTON (0597-0495-50)  / 1 KIT in 1 KIT *  1 SYRINGE in 1 TRAY (0597-0490-32)  / .4 mL in 1 SYRINGE *  2 PACKET in 1 TRAY / 1 mL in 1 PACKET,4/30/2024,12/31/2025,FALSE,TRUE
286,0597-0495,adalimumab-adbm,"Boehringer Ingelheim Pharmaceuticals, Inc.",Cyltezo,BLA,KIT,b9a21704-58a7-4806-beab-2518b7a3e6fc,HUMAN PRESCRIPTION DRUG,0597-0495_b9a21704-58a7-4806-beab-2518b7a3e6fc,BLA761058,Cyltezo,,,,,0597-0495-60,6 KIT in 1 CARTON (0597-0495-60)  / 1 KIT in 1 KIT *  1 SYRINGE in 1 TRAY (0597-0490-32)  / .4 mL in 1 SYRINGE *  2 PACKET in 1 TRAY / 1 mL in 1 PACKET,4/30/2024,12/31/2025,FALSE,TRUE
287,0597-0495,adalimumab-adbm,"Boehringer Ingelheim Pharmaceuticals, Inc.",Cyltezo,BLA,KIT,b9a21704-58a7-4806-beab-2518b7a3e6fc,HUMAN PRESCRIPTION DRUG,0597-0495_b9a21704-58a7-4806-beab-2518b7a3e6fc,BLA761058,Cyltezo,,,,,0597-0495-40,4 KIT in 1 CARTON (0597-0495-40)  / 1 KIT in 1 KIT *  1 SYRINGE in 1 TRAY (0597-0490-32)  / .4 mL in 1 SYRINGE *  2 PACKET in 1 TRAY / 1 mL in 1 PACKET,4/30/2024,12/31/2025,FALSE,TRUE
288,0597-0495,adalimumab-adbm,"Boehringer Ingelheim Pharmaceuticals, Inc.",Cyltezo,BLA,KIT,b9a21704-58a7-4806-beab-2518b7a3e6fc,HUMAN PRESCRIPTION DRUG,0597-0495_b9a21704-58a7-4806-beab-2518b7a3e6fc,BLA761058,Cyltezo,,,,,0597-0495-47,1 KIT in 1 CARTON (0597-0495-47)  / 1 KIT in 1 KIT *  1 SYRINGE in 1 TRAY (0597-0490-32)  / .4 mL in 1 SYRINGE *  2 PACKET in 1 TRAY / 1 mL in 1 PACKET,4/30/2024,12/31/2025,TRUE,TRUE
289,0597-0495,adalimumab-adbm,"Boehringer Ingelheim Pharmaceuticals, Inc.",Cyltezo,BLA,KIT,b9a21704-58a7-4806-beab-2518b7a3e6fc,HUMAN PRESCRIPTION DRUG,0597-0495_b9a21704-58a7-4806-beab-2518b7a3e6fc,BLA761058,Cyltezo,,,,,0597-0495-50,2 KIT in 1 CARTON (0597-0495-50)  / 1 KIT in 1 KIT *  1 SYRINGE in 1 TRAY (0597-0490-32)  / .4 mL in 1 SYRINGE *  2 PACKET in 1 TRAY / 1 mL in 1 PACKET,4/30/2024,12/31/2025,FALSE,TRUE
290,0597-0495,adalimumab-adbm,"Boehringer Ingelheim Pharmaceuticals, Inc.",Cyltezo,BLA,KIT,b9a21704-58a7-4806-beab-2518b7a3e6fc,HUMAN PRESCRIPTION DRUG,0597-0495_b9a21704-58a7-4806-beab-2518b7a3e6fc,BLA761058,Cyltezo,,,,,0597-0495-60,6 KIT in 1 CARTON (0597-0495-60)  / 1 KIT in 1 KIT *  1 SYRINGE in 1 TRAY (0597-0490-32)  / .4 mL in 1 SYRINGE *  2 PACKET in 1 TRAY / 1 mL in 1 PACKET,4/30/2024,12/31/2025,FALSE,TRUE
291,0597-0495,adalimumab-adbm,"Boehringer Ingelheim Pharmaceuticals, Inc.",Cyltezo,BLA,KIT,b9a21704-58a7-4806-beab-2518b7a3e6fc,HUMAN PRESCRIPTION DRUG,0597-0495_b9a21704-58a7-4806-beab-2518b7a3e6fc,BLA761058,Cyltezo,,,,,0597-0495-40,4 KIT in 1 CARTON (0597-0495-40)  / 1 KIT in 1 KIT *  1 SYRINGE in 1 TRAY (0597-0490-32)  / .4 mL in 1 SYRINGE *  2 PACKET in 1 TRAY / 1 mL in 1 PACKET,4/30/2024,12/31/2025,FALSE,TRUE
292,0597-0495,adalimumab-adbm,"Boehringer Ingelheim Pharmaceuticals, Inc.",Cyltezo,BLA,KIT,b9a21704-58a7-4806-beab-2518b7a3e6fc,HUMAN PRESCRIPTION DRUG,0597-0495_b9a21704-58a7-4806-beab-2518b7a3e6fc,BLA761058,Cyltezo,,,,,0597-0495-47,1 KIT in 1 CARTON (0597-0495-47)  / 1 KIT in 1 KIT *  1 SYRINGE in 1 TRAY (0597-0490-32)  / .4 mL in 1 SYRINGE *  2 PACKET in 1 TRAY / 1 mL in 1 PACKET,4/30/2024,12/31/2025,TRUE,TRUE
293,0597-0495,adalimumab-adbm,"Boehringer Ingelheim Pharmaceuticals, Inc.",Cyltezo,BLA,KIT,b9a21704-58a7-4806-beab-2518b7a3e6fc,HUMAN PRESCRIPTION DRUG,0597-0495_b9a21704-58a7-4806-beab-2518b7a3e6fc,BLA761058,Cyltezo,,,,,0597-0495-50,2 KIT in 1 CARTON (0597-0495-50)  / 1 KIT in 1 KIT *  1 SYRINGE in 1 TRAY (0597-0490-32)  / .4 mL in 1 SYRINGE *  2 PACKET in 1 TRAY / 1 mL in 1 PACKET,4/30/2024,12/31/2025,FALSE,TRUE
294,0597-0495,adalimumab-adbm,"Boehringer Ingelheim Pharmaceuticals, Inc.",Cyltezo,BLA,KIT,b9a21704-58a7-4806-beab-2518b7a3e6fc,HUMAN PRESCRIPTION DRUG,0597-0495_b9a21704-58a7-4806-beab-2518b7a3e6fc,BLA761058,Cyltezo,,,,,0597-0495-60,6 KIT in 1 CARTON (0597-0495-60)  / 1 KIT in 1 KIT *  1 SYRINGE in 1 TRAY (0597-0490-32)  / .4 mL in 1 SYRINGE *  2 PACKET in 1 TRAY / 1 mL in 1 PACKET,4/30/2024,12/31/2025,FALSE,TRUE
295,0597-0495,adalimumab-adbm,"Boehringer Ingelheim Pharmaceuticals, Inc.",Cyltezo,BLA,KIT,b9a21704-58a7-4806-beab-2518b7a3e6fc,HUMAN PRESCRIPTION DRUG,0597-0495_b9a21704-58a7-4806-beab-2518b7a3e6fc,BLA761058,Cyltezo,,,,,0597-0495-40,4 KIT in 1 CARTON (0597-0495-40)  / 1 KIT in 1 KIT *  1 SYRINGE in 1 TRAY (0597-0490-32)  / .4 mL in 1 SYRINGE *  2 PACKET in 1 TRAY / 1 mL in 1 PACKET,4/30/2024,12/31/2025,FALSE,TRUE
296,0597-0495,adalimumab-adbm,"Boehringer Ingelheim Pharmaceuticals, Inc.",Cyltezo,BLA,KIT,b9a21704-58a7-4806-beab-2518b7a3e6fc,HUMAN PRESCRIPTION DRUG,0597-0495_b9a21704-58a7-4806-beab-2518b7a3e6fc,BLA761058,Cyltezo,,,,,0597-0495-47,1 KIT in 1 CARTON (0597-0495-47)  / 1 KIT in 1 KIT *  1 SYRINGE in 1 TRAY (0597-0490-32)  / .4 mL in 1 SYRINGE *  2 PACKET in 1 TRAY / 1 mL in 1 PACKET,4/30/2024,12/31/2025,TRUE,TRUE
297,0597-0495,adalimumab-adbm,"Boehringer Ingelheim Pharmaceuticals, Inc.",Cyltezo,BLA,KIT,b9a21704-58a7-4806-beab-2518b7a3e6fc,HUMAN PRESCRIPTION DRUG,0597-0495_b9a21704-58a7-4806-beab-2518b7a3e6fc,BLA761058,Cyltezo,,,,,0597-0495-50,2 KIT in 1 CARTON (0597-0495-50)  / 1 KIT in 1 KIT *  1 SYRINGE in 1 TRAY (0597-0490-32)  / .4 mL in 1 SYRINGE *  2 PACKET in 1 TRAY / 1 mL in 1 PACKET,4/30/2024,12/31/2025,FALSE,TRUE
298,0597-0495,adalimumab-adbm,"Boehringer Ingelheim Pharmaceuticals, Inc.",Cyltezo,BLA,KIT,b9a21704-58a7-4806-beab-2518b7a3e6fc,HUMAN PRESCRIPTION DRUG,0597-0495_b9a21704-58a7-4806-beab-2518b7a3e6fc,BLA761058,Cyltezo,,,,,0597-0495-60,6 KIT in 1 CARTON (0597-0495-60)  / 1 KIT in 1 KIT *  1 SYRINGE in 1 TRAY (0597-0490-32)  / .4 mL in 1 SYRINGE *  2 PACKET in 1 TRAY / 1 mL in 1 PACKET,4/30/2024,12/31/2025,FALSE,TRUE
299,0597-0495,adalimumab-adbm,"Boehringer Ingelheim Pharmaceuticals, Inc.",Cyltezo,BLA,KIT,b9a21704-58a7-4806-beab-2518b7a3e6fc,HUMAN PRESCRIPTION DRUG,0597-0495_b9a21704-58a7-4806-beab-2518b7a3e6fc,BLA761058,Cyltezo,,,,,0597-0495-40,4 KIT in 1 CARTON (0597-0495-40)  / 1 KIT in 1 KIT *  1 SYRINGE in 1 TRAY (0597-0490-32)  / .4 mL in 1 SYRINGE *  2 PACKET in 1 TRAY / 1 mL in 1 PACKET,4/30/2024,12/31/2025,FALSE,TRUE
300,0597-0495,adalimumab-adbm,"Boehringer Ingelheim Pharmaceuticals, Inc.",Cyltezo,BLA,KIT,b9a21704-58a7-4806-beab-2518b7a3e6fc,HUMAN PRESCRIPTION DRUG,0597-0495_b9a21704-58a7-4806-beab-2518b7a3e6fc,BLA761058,Cyltezo,,,,,0597-0495-47,1 KIT in 1 CARTON (0597-0495-47)  / 1 KIT in 1 KIT *  1 SYRINGE in 1 TRAY (0597-0490-32)  / .4 mL in 1 SYRINGE *  2 PACKET in 1 TRAY / 1 mL in 1 PACKET,4/30/2024,12/31/2025,TRUE,TRUE
301,0597-0495,adalimumab-adbm,"Boehringer Ingelheim Pharmaceuticals, Inc.",Cyltezo,BLA,KIT,b9a21704-58a7-4806-beab-2518b7a3e6fc,HUMAN PRESCRIPTION DRUG,0597-0495_b9a21704-58a7-4806-beab-2518b7a3e6fc,BLA761058,Cyltezo,,,,,0597-0495-50,2 KIT in 1 CARTON (0597-0495-50)  / 1 KIT in 1 KIT *  1 SYRINGE in 1 TRAY (0597-0490-32)  / .4 mL in 1 SYRINGE *  2 PACKET in 1 TRAY / 1 mL in 1 PACKET,4/30/2024,12/31/2025,FALSE,TRUE
302,0597-0495,adalimumab-adbm,"Boehringer Ingelheim Pharmaceuticals, Inc.",Cyltezo,BLA,KIT,b9a21704-58a7-4806-beab-2518b7a3e6fc,HUMAN PRESCRIPTION DRUG,0597-0495_b9a21704-58a7-4806-beab-2518b7a3e6fc,BLA761058,Cyltezo,,,,,0597-0495-60,6 KIT in 1 CARTON (0597-0495-60)  / 1 KIT in 1 KIT *  1 SYRINGE in 1 TRAY (0597-0490-32)  / .4 mL in 1 SYRINGE *  2 PACKET in 1 TRAY / 1 mL in 1 PACKET,4/30/2024,12/31/2025,FALSE,TRUE
303,0597-0495,adalimumab-adbm,"Boehringer Ingelheim Pharmaceuticals, Inc.",Cyltezo,BLA,KIT,b9a21704-58a7-4806-beab-2518b7a3e6fc,HUMAN PRESCRIPTION DRUG,0597-0495_b9a21704-58a7-4806-beab-2518b7a3e6fc,BLA761058,Cyltezo,,,,,0597-0495-40,4 KIT in 1 CARTON (0597-0495-40)  / 1 KIT in 1 KIT *  1 SYRINGE in 1 TRAY (0597-0490-32)  / .4 mL in 1 SYRINGE *  2 PACKET in 1 TRAY / 1 mL in 1 PACKET,4/30/2024,12/31/2025,FALSE,TRUE
304,0597-0495,adalimumab-adbm,"Boehringer Ingelheim Pharmaceuticals, Inc.",Cyltezo,BLA,KIT,b9a21704-58a7-4806-beab-2518b7a3e6fc,HUMAN PRESCRIPTION DRUG,0597-0495_b9a21704-58a7-4806-beab-2518b7a3e6fc,BLA761058,Cyltezo,,,,,0597-0495-47,1 KIT in 1 CARTON (0597-0495-47)  / 1 KIT in 1 KIT *  1 SYRINGE in 1 TRAY (0597-0490-32)  / .4 mL in 1 SYRINGE *  2 PACKET in 1 TRAY / 1 mL in 1 PACKET,4/30/2024,12/31/2025,TRUE,TRUE
305,0597-0495,adalimumab-adbm,"Boehringer Ingelheim Pharmaceuticals, Inc.",Cyltezo,BLA,KIT,b9a21704-58a7-4806-beab-2518b7a3e6fc,HUMAN PRESCRIPTION DRUG,0597-0495_b9a21704-58a7-4806-beab-2518b7a3e6fc,BLA761058,Cyltezo,,,,,0597-0495-50,2 KIT in 1 CARTON (0597-0495-50)  / 1 KIT in 1 KIT *  1 SYRINGE in 1 TRAY (0597-0490-32)  / .4 mL in 1 SYRINGE *  2 PACKET in 1 TRAY / 1 mL in 1 PACKET,4/30/2024,12/31/2025,FALSE,TRUE
306,0597-0495,adalimumab-adbm,"Boehringer Ingelheim Pharmaceuticals, Inc.",Cyltezo,BLA,KIT,b9a21704-58a7-4806-beab-2518b7a3e6fc,HUMAN PRESCRIPTION DRUG,0597-0495_b9a21704-58a7-4806-beab-2518b7a3e6fc,BLA761058,Cyltezo,,,,,0597-0495-60,6 KIT in 1 CARTON (0597-0495-60)  / 1 KIT in 1 KIT *  1 SYRINGE in 1 TRAY (0597-0490-32)  / .4 mL in 1 SYRINGE *  2 PACKET in 1 TRAY / 1 mL in 1 PACKET,4/30/2024,12/31/2025,FALSE,TRUE
307,50090-4487,Adalimumab,A-S Medication Solutions,HUMIRA,BLA,KIT,9083dedd-bfe5-47f1-b940-72101f343d9d,HUMAN PRESCRIPTION DRUG,50090-4487_9083dedd-bfe5-47f1-b940-72101f343d9d,BLA125057,HUMIRA,,,,,50090-4487-0,2 KIT in 1 CARTON (50090-4487-0)  / 1 KIT in 1 KIT *  1 SYRINGE in 1 TRAY / .8 mL in 1 SYRINGE *  1 mL in 1 PACKET,8/29/2019,12/31/2025,FALSE,TRUE
308,50090-4487,Adalimumab,A-S Medication Solutions,HUMIRA,BLA,KIT,9083dedd-bfe5-47f1-b940-72101f343d9d,HUMAN PRESCRIPTION DRUG,50090-4487_9083dedd-bfe5-47f1-b940-72101f343d9d,BLA125057,HUMIRA,,,,,50090-4487-0,2 KIT in 1 CARTON (50090-4487-0)  / 1 KIT in 1 KIT *  1 SYRINGE in 1 TRAY / .8 mL in 1 SYRINGE *  1 mL in 1 PACKET,8/29/2019,12/31/2025,FALSE,TRUE
309,50090-4487,Adalimumab,A-S Medication Solutions,HUMIRA,BLA,KIT,9083dedd-bfe5-47f1-b940-72101f343d9d,HUMAN PRESCRIPTION DRUG,50090-4487_9083dedd-bfe5-47f1-b940-72101f343d9d,BLA125057,HUMIRA,,,,,50090-4487-0,2 KIT in 1 CARTON (50090-4487-0)  / 1 KIT in 1 KIT *  1 SYRINGE in 1 TRAY / .8 mL in 1 SYRINGE *  1 mL in 1 PACKET,8/29/2019,12/31/2025,FALSE,TRUE
310,50090-4487,Adalimumab,A-S Medication Solutions,HUMIRA,BLA,KIT,9083dedd-bfe5-47f1-b940-72101f343d9d,HUMAN PRESCRIPTION DRUG,50090-4487_9083dedd-bfe5-47f1-b940-72101f343d9d,BLA125057,HUMIRA,,,,,50090-4487-0,2 KIT in 1 CARTON (50090-4487-0)  / 1 KIT in 1 KIT *  1 SYRINGE in 1 TRAY / .8 mL in 1 SYRINGE *  1 mL in 1 PACKET,8/29/2019,12/31/2025,FALSE,TRUE
311,50090-4487,Adalimumab,A-S Medication Solutions,HUMIRA,BLA,KIT,9083dedd-bfe5-47f1-b940-72101f343d9d,HUMAN PRESCRIPTION DRUG,50090-4487_9083dedd-bfe5-47f1-b940-72101f343d9d,BLA125057,HUMIRA,,,,,50090-4487-0,2 KIT in 1 CARTON (50090-4487-0)  / 1 KIT in 1 KIT *  1 SYRINGE in 1 TRAY / .8 mL in 1 SYRINGE *  1 mL in 1 PACKET,8/29/2019,12/31/2025,FALSE,TRUE
312,50090-4487,Adalimumab,A-S Medication Solutions,HUMIRA,BLA,KIT,9083dedd-bfe5-47f1-b940-72101f343d9d,HUMAN PRESCRIPTION DRUG,50090-4487_9083dedd-bfe5-47f1-b940-72101f343d9d,BLA125057,HUMIRA,,,,,50090-4487-0,2 KIT in 1 CARTON (50090-4487-0)  / 1 KIT in 1 KIT *  1 SYRINGE in 1 TRAY / .8 mL in 1 SYRINGE *  1 mL in 1 PACKET,8/29/2019,12/31/2025,FALSE,TRUE
313,50090-4487,Adalimumab,A-S Medication Solutions,HUMIRA,BLA,KIT,9083dedd-bfe5-47f1-b940-72101f343d9d,HUMAN PRESCRIPTION DRUG,50090-4487_9083dedd-bfe5-47f1-b940-72101f343d9d,BLA125057,HUMIRA,,,,,50090-4487-0,2 KIT in 1 CARTON (50090-4487-0)  / 1 KIT in 1 KIT *  1 SYRINGE in 1 TRAY / .8 mL in 1 SYRINGE *  1 mL in 1 PACKET,8/29/2019,12/31/2025,FALSE,TRUE
314,50090-4487,Adalimumab,A-S Medication Solutions,HUMIRA,BLA,KIT,9083dedd-bfe5-47f1-b940-72101f343d9d,HUMAN PRESCRIPTION DRUG,50090-4487_9083dedd-bfe5-47f1-b940-72101f343d9d,BLA125057,HUMIRA,,,,,50090-4487-0,2 KIT in 1 CARTON (50090-4487-0)  / 1 KIT in 1 KIT *  1 SYRINGE in 1 TRAY / .8 mL in 1 SYRINGE *  1 mL in 1 PACKET,8/29/2019,12/31/2025,FALSE,TRUE
315,50090-4487,Adalimumab,A-S Medication Solutions,HUMIRA,BLA,KIT,9083dedd-bfe5-47f1-b940-72101f343d9d,HUMAN PRESCRIPTION DRUG,50090-4487_9083dedd-bfe5-47f1-b940-72101f343d9d,BLA125057,HUMIRA,,,,,50090-4487-0,2 KIT in 1 CARTON (50090-4487-0)  / 1 KIT in 1 KIT *  1 SYRINGE in 1 TRAY / .8 mL in 1 SYRINGE *  1 mL in 1 PACKET,8/29/2019,12/31/2025,FALSE,TRUE
316,50090-6704,adalimumab-bwwd,A-S Medication Solutions,HADLIMA,BLA,SOLUTION,c43bbba6-5049-486a-9d8a-92e72d2937f9,HUMAN PRESCRIPTION DRUG,50090-6704_c43bbba6-5049-486a-9d8a-92e72d2937f9,BLA761059,HADLIMA, 'ADALIMUMAB', 40 mg/.4mL,SUBCUTANEOUS',"['Antibodies', 'Monoclonal [CS]', 'Tumor Necrosis Factor Blocker [EPC]', 'Tumor Necrosis Factor Receptor Blocking Activity [MoA]']",50090-6704-0,2 SYRINGE in 1 CARTON (50090-6704-0)  / .4 mL in 1 SYRINGE,9/26/2023,12/31/2025,FALSE,TRUE
317,50090-6704,adalimumab-bwwd,A-S Medication Solutions,HADLIMA,BLA,SOLUTION,c43bbba6-5049-486a-9d8a-92e72d2937f9,HUMAN PRESCRIPTION DRUG,50090-6704_c43bbba6-5049-486a-9d8a-92e72d2937f9,BLA761059,HADLIMA, 'ADALIMUMAB', 40 mg/.4mL,SUBCUTANEOUS',"['Antibodies', 'Monoclonal [CS]', 'Tumor Necrosis Factor Blocker [EPC]', 'Tumor Necrosis Factor Receptor Blocking Activity [MoA]']",50090-6704-0,2 SYRINGE in 1 CARTON (50090-6704-0)  / .4 mL in 1 SYRINGE,9/26/2023,12/31/2025,FALSE,TRUE
318,50090-6704,adalimumab-bwwd,A-S Medication Solutions,HADLIMA,BLA,SOLUTION,c43bbba6-5049-486a-9d8a-92e72d2937f9,HUMAN PRESCRIPTION DRUG,50090-6704_c43bbba6-5049-486a-9d8a-92e72d2937f9,BLA761059,HADLIMA, 'ADALIMUMAB', 40 mg/.4mL,SUBCUTANEOUS',"['Antibodies', 'Monoclonal [CS]', 'Tumor Necrosis Factor Blocker [EPC]', 'Tumor Necrosis Factor Receptor Blocking Activity [MoA]']",50090-6704-0,2 SYRINGE in 1 CARTON (50090-6704-0)  / .4 mL in 1 SYRINGE,9/26/2023,12/31/2025,FALSE,TRUE
319,50090-6704,adalimumab-bwwd,A-S Medication Solutions,HADLIMA,BLA,SOLUTION,c43bbba6-5049-486a-9d8a-92e72d2937f9,HUMAN PRESCRIPTION DRUG,50090-6704_c43bbba6-5049-486a-9d8a-92e72d2937f9,BLA761059,HADLIMA, 'ADALIMUMAB', 40 mg/.4mL,SUBCUTANEOUS',"['Antibodies', 'Monoclonal [CS]', 'Tumor Necrosis Factor Blocker [EPC]', 'Tumor Necrosis Factor Receptor Blocking Activity [MoA]']",50090-6704-0,2 SYRINGE in 1 CARTON (50090-6704-0)  / .4 mL in 1 SYRINGE,9/26/2023,12/31/2025,FALSE,TRUE
320,50090-6704,adalimumab-bwwd,A-S Medication Solutions,HADLIMA,BLA,SOLUTION,c43bbba6-5049-486a-9d8a-92e72d2937f9,HUMAN PRESCRIPTION DRUG,50090-6704_c43bbba6-5049-486a-9d8a-92e72d2937f9,BLA761059,HADLIMA, 'ADALIMUMAB', 40 mg/.4mL,SUBCUTANEOUS',"['Antibodies', 'Monoclonal [CS]', 'Tumor Necrosis Factor Blocker [EPC]', 'Tumor Necrosis Factor Receptor Blocking Activity [MoA]']",50090-6704-0,2 SYRINGE in 1 CARTON (50090-6704-0)  / .4 mL in 1 SYRINGE,9/26/2023,12/31/2025,FALSE,TRUE
321,50090-6704,adalimumab-bwwd,A-S Medication Solutions,HADLIMA,BLA,SOLUTION,c43bbba6-5049-486a-9d8a-92e72d2937f9,HUMAN PRESCRIPTION DRUG,50090-6704_c43bbba6-5049-486a-9d8a-92e72d2937f9,BLA761059,HADLIMA, 'ADALIMUMAB', 40 mg/.4mL,SUBCUTANEOUS',"['Antibodies', 'Monoclonal [CS]', 'Tumor Necrosis Factor Blocker [EPC]', 'Tumor Necrosis Factor Receptor Blocking Activity [MoA]']",50090-6704-0,2 SYRINGE in 1 CARTON (50090-6704-0)  / .4 mL in 1 SYRINGE,9/26/2023,12/31/2025,FALSE,TRUE
322,50090-6704,adalimumab-bwwd,A-S Medication Solutions,HADLIMA,BLA,SOLUTION,c43bbba6-5049-486a-9d8a-92e72d2937f9,HUMAN PRESCRIPTION DRUG,50090-6704_c43bbba6-5049-486a-9d8a-92e72d2937f9,BLA761059,HADLIMA, 'ADALIMUMAB', 40 mg/.4mL,SUBCUTANEOUS',"['Antibodies', 'Monoclonal [CS]', 'Tumor Necrosis Factor Blocker [EPC]', 'Tumor Necrosis Factor Receptor Blocking Activity [MoA]']",50090-6704-0,2 SYRINGE in 1 CARTON (50090-6704-0)  / .4 mL in 1 SYRINGE,9/26/2023,12/31/2025,FALSE,TRUE
323,50090-6704,adalimumab-bwwd,A-S Medication Solutions,HADLIMA,BLA,SOLUTION,c43bbba6-5049-486a-9d8a-92e72d2937f9,HUMAN PRESCRIPTION DRUG,50090-6704_c43bbba6-5049-486a-9d8a-92e72d2937f9,BLA761059,HADLIMA, 'ADALIMUMAB', 40 mg/.4mL,SUBCUTANEOUS',"['Antibodies', 'Monoclonal [CS]', 'Tumor Necrosis Factor Blocker [EPC]', 'Tumor Necrosis Factor Receptor Blocking Activity [MoA]']",50090-6704-0,2 SYRINGE in 1 CARTON (50090-6704-0)  / .4 mL in 1 SYRINGE,9/26/2023,12/31/2025,FALSE,TRUE
324,50090-6704,adalimumab-bwwd,A-S Medication Solutions,HADLIMA,BLA,SOLUTION,c43bbba6-5049-486a-9d8a-92e72d2937f9,HUMAN PRESCRIPTION DRUG,50090-6704_c43bbba6-5049-486a-9d8a-92e72d2937f9,BLA761059,HADLIMA, 'ADALIMUMAB', 40 mg/.4mL,SUBCUTANEOUS',"['Antibodies', 'Monoclonal [CS]', 'Tumor Necrosis Factor Blocker [EPC]', 'Tumor Necrosis Factor Receptor Blocking Activity [MoA]']",50090-6704-0,2 SYRINGE in 1 CARTON (50090-6704-0)  / .4 mL in 1 SYRINGE,9/26/2023,12/31/2025,FALSE,TRUE
325,50090-6705,adalimumab-bwwd,A-S Medication Solutions,HADLIMA,BLA,SOLUTION,f29c7432-aeb1-4eea-b6b1-05572b973220,HUMAN PRESCRIPTION DRUG,50090-6705_f29c7432-aeb1-4eea-b6b1-05572b973220,BLA761059,HADLIMA, 'ADALIMUMAB', 40 mg/.8mL,SUBCUTANEOUS',"['Antibodies', 'Monoclonal [CS]', 'Tumor Necrosis Factor Blocker [EPC]', 'Tumor Necrosis Factor Receptor Blocking Activity [MoA]']",50090-6705-0,1 SYRINGE in 1 CARTON (50090-6705-0)  / .8 mL in 1 SYRINGE,9/27/2023,12/31/2025,FALSE,TRUE
326,50090-6705,adalimumab-bwwd,A-S Medication Solutions,HADLIMA,BLA,SOLUTION,f29c7432-aeb1-4eea-b6b1-05572b973220,HUMAN PRESCRIPTION DRUG,50090-6705_f29c7432-aeb1-4eea-b6b1-05572b973220,BLA761059,HADLIMA, 'ADALIMUMAB', 40 mg/.8mL,SUBCUTANEOUS',"['Antibodies', 'Monoclonal [CS]', 'Tumor Necrosis Factor Blocker [EPC]', 'Tumor Necrosis Factor Receptor Blocking Activity [MoA]']",50090-6705-0,1 SYRINGE in 1 CARTON (50090-6705-0)  / .8 mL in 1 SYRINGE,9/27/2023,12/31/2025,FALSE,TRUE
327,50090-6705,adalimumab-bwwd,A-S Medication Solutions,HADLIMA,BLA,SOLUTION,f29c7432-aeb1-4eea-b6b1-05572b973220,HUMAN PRESCRIPTION DRUG,50090-6705_f29c7432-aeb1-4eea-b6b1-05572b973220,BLA761059,HADLIMA, 'ADALIMUMAB', 40 mg/.8mL,SUBCUTANEOUS',"['Antibodies', 'Monoclonal [CS]', 'Tumor Necrosis Factor Blocker [EPC]', 'Tumor Necrosis Factor Receptor Blocking Activity [MoA]']",50090-6705-0,1 SYRINGE in 1 CARTON (50090-6705-0)  / .8 mL in 1 SYRINGE,9/27/2023,12/31/2025,FALSE,TRUE
328,50090-6705,adalimumab-bwwd,A-S Medication Solutions,HADLIMA,BLA,SOLUTION,f29c7432-aeb1-4eea-b6b1-05572b973220,HUMAN PRESCRIPTION DRUG,50090-6705_f29c7432-aeb1-4eea-b6b1-05572b973220,BLA761059,HADLIMA, 'ADALIMUMAB', 40 mg/.8mL,SUBCUTANEOUS',"['Antibodies', 'Monoclonal [CS]', 'Tumor Necrosis Factor Blocker [EPC]', 'Tumor Necrosis Factor Receptor Blocking Activity [MoA]']",50090-6705-0,1 SYRINGE in 1 CARTON (50090-6705-0)  / .8 mL in 1 SYRINGE,9/27/2023,12/31/2025,FALSE,TRUE
329,50090-6705,adalimumab-bwwd,A-S Medication Solutions,HADLIMA,BLA,SOLUTION,f29c7432-aeb1-4eea-b6b1-05572b973220,HUMAN PRESCRIPTION DRUG,50090-6705_f29c7432-aeb1-4eea-b6b1-05572b973220,BLA761059,HADLIMA, 'ADALIMUMAB', 40 mg/.8mL,SUBCUTANEOUS',"['Antibodies', 'Monoclonal [CS]', 'Tumor Necrosis Factor Blocker [EPC]', 'Tumor Necrosis Factor Receptor Blocking Activity [MoA]']",50090-6705-0,1 SYRINGE in 1 CARTON (50090-6705-0)  / .8 mL in 1 SYRINGE,9/27/2023,12/31/2025,FALSE,TRUE
330,50090-6705,adalimumab-bwwd,A-S Medication Solutions,HADLIMA,BLA,SOLUTION,f29c7432-aeb1-4eea-b6b1-05572b973220,HUMAN PRESCRIPTION DRUG,50090-6705_f29c7432-aeb1-4eea-b6b1-05572b973220,BLA761059,HADLIMA, 'ADALIMUMAB', 40 mg/.8mL,SUBCUTANEOUS',"['Antibodies', 'Monoclonal [CS]', 'Tumor Necrosis Factor Blocker [EPC]', 'Tumor Necrosis Factor Receptor Blocking Activity [MoA]']",50090-6705-0,1 SYRINGE in 1 CARTON (50090-6705-0)  / .8 mL in 1 SYRINGE,9/27/2023,12/31/2025,FALSE,TRUE
331,50090-6705,adalimumab-bwwd,A-S Medication Solutions,HADLIMA,BLA,SOLUTION,f29c7432-aeb1-4eea-b6b1-05572b973220,HUMAN PRESCRIPTION DRUG,50090-6705_f29c7432-aeb1-4eea-b6b1-05572b973220,BLA761059,HADLIMA, 'ADALIMUMAB', 40 mg/.8mL,SUBCUTANEOUS',"['Antibodies', 'Monoclonal [CS]', 'Tumor Necrosis Factor Blocker [EPC]', 'Tumor Necrosis Factor Receptor Blocking Activity [MoA]']",50090-6705-0,1 SYRINGE in 1 CARTON (50090-6705-0)  / .8 mL in 1 SYRINGE,9/27/2023,12/31/2025,FALSE,TRUE
332,50090-6705,adalimumab-bwwd,A-S Medication Solutions,HADLIMA,BLA,SOLUTION,f29c7432-aeb1-4eea-b6b1-05572b973220,HUMAN PRESCRIPTION DRUG,50090-6705_f29c7432-aeb1-4eea-b6b1-05572b973220,BLA761059,HADLIMA, 'ADALIMUMAB', 40 mg/.8mL,SUBCUTANEOUS',"['Antibodies', 'Monoclonal [CS]', 'Tumor Necrosis Factor Blocker [EPC]', 'Tumor Necrosis Factor Receptor Blocking Activity [MoA]']",50090-6705-0,1 SYRINGE in 1 CARTON (50090-6705-0)  / .8 mL in 1 SYRINGE,9/27/2023,12/31/2025,FALSE,TRUE
333,50090-6705,adalimumab-bwwd,A-S Medication Solutions,HADLIMA,BLA,SOLUTION,f29c7432-aeb1-4eea-b6b1-05572b973220,HUMAN PRESCRIPTION DRUG,50090-6705_f29c7432-aeb1-4eea-b6b1-05572b973220,BLA761059,HADLIMA, 'ADALIMUMAB', 40 mg/.8mL,SUBCUTANEOUS',"['Antibodies', 'Monoclonal [CS]', 'Tumor Necrosis Factor Blocker [EPC]', 'Tumor Necrosis Factor Receptor Blocking Activity [MoA]']",50090-6705-0,1 SYRINGE in 1 CARTON (50090-6705-0)  / .8 mL in 1 SYRINGE,9/27/2023,12/31/2025,FALSE,TRUE
334,50090-6706,adalimumab-bwwd,A-S Medication Solutions,HADLIMA,BLA,SOLUTION,0b7601d5-a393-47fb-a71a-cfbe1ec2b153,HUMAN PRESCRIPTION DRUG,50090-6706_0b7601d5-a393-47fb-a71a-cfbe1ec2b153,BLA761059,HADLIMA, 'ADALIMUMAB', 40 mg/.8mL,SUBCUTANEOUS',"['Antibodies', 'Monoclonal [CS]', 'Tumor Necrosis Factor Blocker [EPC]', 'Tumor Necrosis Factor Receptor Blocking Activity [MoA]']",50090-6706-0,2 CARTON in 1 CARTON (50090-6706-0)  / 1 mL in 1 CARTON,9/27/2023,12/31/2025,FALSE,TRUE
335,50090-6706,adalimumab-bwwd,A-S Medication Solutions,HADLIMA,BLA,SOLUTION,0b7601d5-a393-47fb-a71a-cfbe1ec2b153,HUMAN PRESCRIPTION DRUG,50090-6706_0b7601d5-a393-47fb-a71a-cfbe1ec2b153,BLA761059,HADLIMA, 'ADALIMUMAB', 40 mg/.8mL,SUBCUTANEOUS',"['Antibodies', 'Monoclonal [CS]', 'Tumor Necrosis Factor Blocker [EPC]', 'Tumor Necrosis Factor Receptor Blocking Activity [MoA]']",50090-6706-0,2 CARTON in 1 CARTON (50090-6706-0)  / 1 mL in 1 CARTON,9/27/2023,12/31/2025,FALSE,TRUE
336,50090-6706,adalimumab-bwwd,A-S Medication Solutions,HADLIMA,BLA,SOLUTION,0b7601d5-a393-47fb-a71a-cfbe1ec2b153,HUMAN PRESCRIPTION DRUG,50090-6706_0b7601d5-a393-47fb-a71a-cfbe1ec2b153,BLA761059,HADLIMA, 'ADALIMUMAB', 40 mg/.8mL,SUBCUTANEOUS',"['Antibodies', 'Monoclonal [CS]', 'Tumor Necrosis Factor Blocker [EPC]', 'Tumor Necrosis Factor Receptor Blocking Activity [MoA]']",50090-6706-0,2 CARTON in 1 CARTON (50090-6706-0)  / 1 mL in 1 CARTON,9/27/2023,12/31/2025,FALSE,TRUE
337,50090-6706,adalimumab-bwwd,A-S Medication Solutions,HADLIMA,BLA,SOLUTION,0b7601d5-a393-47fb-a71a-cfbe1ec2b153,HUMAN PRESCRIPTION DRUG,50090-6706_0b7601d5-a393-47fb-a71a-cfbe1ec2b153,BLA761059,HADLIMA, 'ADALIMUMAB', 40 mg/.8mL,SUBCUTANEOUS',"['Antibodies', 'Monoclonal [CS]', 'Tumor Necrosis Factor Blocker [EPC]', 'Tumor Necrosis Factor Receptor Blocking Activity [MoA]']",50090-6706-0,2 CARTON in 1 CARTON (50090-6706-0)  / 1 mL in 1 CARTON,9/27/2023,12/31/2025,FALSE,TRUE
338,50090-6706,adalimumab-bwwd,A-S Medication Solutions,HADLIMA,BLA,SOLUTION,0b7601d5-a393-47fb-a71a-cfbe1ec2b153,HUMAN PRESCRIPTION DRUG,50090-6706_0b7601d5-a393-47fb-a71a-cfbe1ec2b153,BLA761059,HADLIMA, 'ADALIMUMAB', 40 mg/.8mL,SUBCUTANEOUS',"['Antibodies', 'Monoclonal [CS]', 'Tumor Necrosis Factor Blocker [EPC]', 'Tumor Necrosis Factor Receptor Blocking Activity [MoA]']",50090-6706-0,2 CARTON in 1 CARTON (50090-6706-0)  / 1 mL in 1 CARTON,9/27/2023,12/31/2025,FALSE,TRUE
339,50090-6706,adalimumab-bwwd,A-S Medication Solutions,HADLIMA,BLA,SOLUTION,0b7601d5-a393-47fb-a71a-cfbe1ec2b153,HUMAN PRESCRIPTION DRUG,50090-6706_0b7601d5-a393-47fb-a71a-cfbe1ec2b153,BLA761059,HADLIMA, 'ADALIMUMAB', 40 mg/.8mL,SUBCUTANEOUS',"['Antibodies', 'Monoclonal [CS]', 'Tumor Necrosis Factor Blocker [EPC]', 'Tumor Necrosis Factor Receptor Blocking Activity [MoA]']",50090-6706-0,2 CARTON in 1 CARTON (50090-6706-0)  / 1 mL in 1 CARTON,9/27/2023,12/31/2025,FALSE,TRUE
340,50090-6706,adalimumab-bwwd,A-S Medication Solutions,HADLIMA,BLA,SOLUTION,0b7601d5-a393-47fb-a71a-cfbe1ec2b153,HUMAN PRESCRIPTION DRUG,50090-6706_0b7601d5-a393-47fb-a71a-cfbe1ec2b153,BLA761059,HADLIMA, 'ADALIMUMAB', 40 mg/.8mL,SUBCUTANEOUS',"['Antibodies', 'Monoclonal [CS]', 'Tumor Necrosis Factor Blocker [EPC]', 'Tumor Necrosis Factor Receptor Blocking Activity [MoA]']",50090-6706-0,2 CARTON in 1 CARTON (50090-6706-0)  / 1 mL in 1 CARTON,9/27/2023,12/31/2025,FALSE,TRUE
341,50090-6706,adalimumab-bwwd,A-S Medication Solutions,HADLIMA,BLA,SOLUTION,0b7601d5-a393-47fb-a71a-cfbe1ec2b153,HUMAN PRESCRIPTION DRUG,50090-6706_0b7601d5-a393-47fb-a71a-cfbe1ec2b153,BLA761059,HADLIMA, 'ADALIMUMAB', 40 mg/.8mL,SUBCUTANEOUS',"['Antibodies', 'Monoclonal [CS]', 'Tumor Necrosis Factor Blocker [EPC]', 'Tumor Necrosis Factor Receptor Blocking Activity [MoA]']",50090-6706-0,2 CARTON in 1 CARTON (50090-6706-0)  / 1 mL in 1 CARTON,9/27/2023,12/31/2025,FALSE,TRUE
342,50090-6706,adalimumab-bwwd,A-S Medication Solutions,HADLIMA,BLA,SOLUTION,0b7601d5-a393-47fb-a71a-cfbe1ec2b153,HUMAN PRESCRIPTION DRUG,50090-6706_0b7601d5-a393-47fb-a71a-cfbe1ec2b153,BLA761059,HADLIMA, 'ADALIMUMAB', 40 mg/.8mL,SUBCUTANEOUS',"['Antibodies', 'Monoclonal [CS]', 'Tumor Necrosis Factor Blocker [EPC]', 'Tumor Necrosis Factor Receptor Blocking Activity [MoA]']",50090-6706-0,2 CARTON in 1 CARTON (50090-6706-0)  / 1 mL in 1 CARTON,9/27/2023,12/31/2025,FALSE,TRUE
343,50090-6707,adalimumab-bwwd,A-S Medication Solutions,HADLIMA,BLA,SOLUTION,3510ed8d-5c11-4f96-bddd-33ec5e87ea5e,HUMAN PRESCRIPTION DRUG,50090-6707_3510ed8d-5c11-4f96-bddd-33ec5e87ea5e,BLA761059,HADLIMA, 'ADALIMUMAB', 40 mg/.4mL,SUBCUTANEOUS',"['Antibodies', 'Monoclonal [CS]', 'Tumor Necrosis Factor Blocker [EPC]', 'Tumor Necrosis Factor Receptor Blocking Activity [MoA]']",50090-6707-0,2 SYRINGE in 1 CARTON (50090-6707-0)  / .4 mL in 1 SYRINGE,9/27/2023,12/31/2025,FALSE,TRUE
344,50090-6707,adalimumab-bwwd,A-S Medication Solutions,HADLIMA,BLA,SOLUTION,3510ed8d-5c11-4f96-bddd-33ec5e87ea5e,HUMAN PRESCRIPTION DRUG,50090-6707_3510ed8d-5c11-4f96-bddd-33ec5e87ea5e,BLA761059,HADLIMA, 'ADALIMUMAB', 40 mg/.4mL,SUBCUTANEOUS',"['Antibodies', 'Monoclonal [CS]', 'Tumor Necrosis Factor Blocker [EPC]', 'Tumor Necrosis Factor Receptor Blocking Activity [MoA]']",50090-6707-0,2 SYRINGE in 1 CARTON (50090-6707-0)  / .4 mL in 1 SYRINGE,9/27/2023,12/31/2025,FALSE,TRUE
345,50090-6707,adalimumab-bwwd,A-S Medication Solutions,HADLIMA,BLA,SOLUTION,3510ed8d-5c11-4f96-bddd-33ec5e87ea5e,HUMAN PRESCRIPTION DRUG,50090-6707_3510ed8d-5c11-4f96-bddd-33ec5e87ea5e,BLA761059,HADLIMA, 'ADALIMUMAB', 40 mg/.4mL,SUBCUTANEOUS',"['Antibodies', 'Monoclonal [CS]', 'Tumor Necrosis Factor Blocker [EPC]', 'Tumor Necrosis Factor Receptor Blocking Activity [MoA]']",50090-6707-0,2 SYRINGE in 1 CARTON (50090-6707-0)  / .4 mL in 1 SYRINGE,9/27/2023,12/31/2025,FALSE,TRUE
346,50090-6707,adalimumab-bwwd,A-S Medication Solutions,HADLIMA,BLA,SOLUTION,3510ed8d-5c11-4f96-bddd-33ec5e87ea5e,HUMAN PRESCRIPTION DRUG,50090-6707_3510ed8d-5c11-4f96-bddd-33ec5e87ea5e,BLA761059,HADLIMA, 'ADALIMUMAB', 40 mg/.4mL,SUBCUTANEOUS',"['Antibodies', 'Monoclonal [CS]', 'Tumor Necrosis Factor Blocker [EPC]', 'Tumor Necrosis Factor Receptor Blocking Activity [MoA]']",50090-6707-0,2 SYRINGE in 1 CARTON (50090-6707-0)  / .4 mL in 1 SYRINGE,9/27/2023,12/31/2025,FALSE,TRUE
347,50090-6707,adalimumab-bwwd,A-S Medication Solutions,HADLIMA,BLA,SOLUTION,3510ed8d-5c11-4f96-bddd-33ec5e87ea5e,HUMAN PRESCRIPTION DRUG,50090-6707_3510ed8d-5c11-4f96-bddd-33ec5e87ea5e,BLA761059,HADLIMA, 'ADALIMUMAB', 40 mg/.4mL,SUBCUTANEOUS',"['Antibodies', 'Monoclonal [CS]', 'Tumor Necrosis Factor Blocker [EPC]', 'Tumor Necrosis Factor Receptor Blocking Activity [MoA]']",50090-6707-0,2 SYRINGE in 1 CARTON (50090-6707-0)  / .4 mL in 1 SYRINGE,9/27/2023,12/31/2025,FALSE,TRUE
348,50090-6707,adalimumab-bwwd,A-S Medication Solutions,HADLIMA,BLA,SOLUTION,3510ed8d-5c11-4f96-bddd-33ec5e87ea5e,HUMAN PRESCRIPTION DRUG,50090-6707_3510ed8d-5c11-4f96-bddd-33ec5e87ea5e,BLA761059,HADLIMA, 'ADALIMUMAB', 40 mg/.4mL,SUBCUTANEOUS',"['Antibodies', 'Monoclonal [CS]', 'Tumor Necrosis Factor Blocker [EPC]', 'Tumor Necrosis Factor Receptor Blocking Activity [MoA]']",50090-6707-0,2 SYRINGE in 1 CARTON (50090-6707-0)  / .4 mL in 1 SYRINGE,9/27/2023,12/31/2025,FALSE,TRUE
349,50090-6707,adalimumab-bwwd,A-S Medication Solutions,HADLIMA,BLA,SOLUTION,3510ed8d-5c11-4f96-bddd-33ec5e87ea5e,HUMAN PRESCRIPTION DRUG,50090-6707_3510ed8d-5c11-4f96-bddd-33ec5e87ea5e,BLA761059,HADLIMA, 'ADALIMUMAB', 40 mg/.4mL,SUBCUTANEOUS',"['Antibodies', 'Monoclonal [CS]', 'Tumor Necrosis Factor Blocker [EPC]', 'Tumor Necrosis Factor Receptor Blocking Activity [MoA]']",50090-6707-0,2 SYRINGE in 1 CARTON (50090-6707-0)  / .4 mL in 1 SYRINGE,9/27/2023,12/31/2025,FALSE,TRUE
350,50090-6707,adalimumab-bwwd,A-S Medication Solutions,HADLIMA,BLA,SOLUTION,3510ed8d-5c11-4f96-bddd-33ec5e87ea5e,HUMAN PRESCRIPTION DRUG,50090-6707_3510ed8d-5c11-4f96-bddd-33ec5e87ea5e,BLA761059,HADLIMA, 'ADALIMUMAB', 40 mg/.4mL,SUBCUTANEOUS',"['Antibodies', 'Monoclonal [CS]', 'Tumor Necrosis Factor Blocker [EPC]', 'Tumor Necrosis Factor Receptor Blocking Activity [MoA]']",50090-6707-0,2 SYRINGE in 1 CARTON (50090-6707-0)  / .4 mL in 1 SYRINGE,9/27/2023,12/31/2025,FALSE,TRUE
351,50090-6707,adalimumab-bwwd,A-S Medication Solutions,HADLIMA,BLA,SOLUTION,3510ed8d-5c11-4f96-bddd-33ec5e87ea5e,HUMAN PRESCRIPTION DRUG,50090-6707_3510ed8d-5c11-4f96-bddd-33ec5e87ea5e,BLA761059,HADLIMA, 'ADALIMUMAB', 40 mg/.4mL,SUBCUTANEOUS',"['Antibodies', 'Monoclonal [CS]', 'Tumor Necrosis Factor Blocker [EPC]', 'Tumor Necrosis Factor Receptor Blocking Activity [MoA]']",50090-6707-0,2 SYRINGE in 1 CARTON (50090-6707-0)  / .4 mL in 1 SYRINGE,9/27/2023,12/31/2025,FALSE,TRUE
352,51759-274,adalimumab-ryvk,"Teva Pharmaceuticals USA, Inc.",Simlandi,BLA,KIT,d76cf4fc-d407-451b-88df-a4d6e0b66966,HUMAN PRESCRIPTION DRUG,51759-274_d76cf4fc-d407-451b-88df-a4d6e0b66966,BLA761299,Simlandi,,,,,51759-274-17,1 KIT in 1 CARTON (51759-274-17)  / 1 KIT in 1 KIT *  1 SYRINGE in 1 TRAY / .8 mL in 1 SYRINGE *  .4 mL in 1 POUCH,2/14/2025,12/31/2026,FALSE,TRUE
353,51759-274,adalimumab-ryvk,"Teva Pharmaceuticals USA, Inc.",Simlandi,BLA,KIT,d76cf4fc-d407-451b-88df-a4d6e0b66966,HUMAN PRESCRIPTION DRUG,51759-274_d76cf4fc-d407-451b-88df-a4d6e0b66966,BLA761299,Simlandi,,,,,51759-274-17,1 KIT in 1 CARTON (51759-274-17)  / 1 KIT in 1 KIT *  1 SYRINGE in 1 TRAY / .8 mL in 1 SYRINGE *  .4 mL in 1 POUCH,2/14/2025,12/31/2026,FALSE,TRUE
354,51759-274,adalimumab-ryvk,"Teva Pharmaceuticals USA, Inc.",Simlandi,BLA,KIT,d76cf4fc-d407-451b-88df-a4d6e0b66966,HUMAN PRESCRIPTION DRUG,51759-274_d76cf4fc-d407-451b-88df-a4d6e0b66966,BLA761299,Simlandi,,,,,51759-274-17,1 KIT in 1 CARTON (51759-274-17)  / 1 KIT in 1 KIT *  1 SYRINGE in 1 TRAY / .8 mL in 1 SYRINGE *  .4 mL in 1 POUCH,2/14/2025,12/31/2026,FALSE,TRUE
355,51759-274,adalimumab-ryvk,"Teva Pharmaceuticals USA, Inc.",Simlandi,BLA,KIT,d76cf4fc-d407-451b-88df-a4d6e0b66966,HUMAN PRESCRIPTION DRUG,51759-274_d76cf4fc-d407-451b-88df-a4d6e0b66966,BLA761299,Simlandi,,,,,51759-274-17,1 KIT in 1 CARTON (51759-274-17)  / 1 KIT in 1 KIT *  1 SYRINGE in 1 TRAY / .8 mL in 1 SYRINGE *  .4 mL in 1 POUCH,2/14/2025,12/31/2026,FALSE,TRUE
356,51759-274,adalimumab-ryvk,"Teva Pharmaceuticals USA, Inc.",Simlandi,BLA,KIT,d76cf4fc-d407-451b-88df-a4d6e0b66966,HUMAN PRESCRIPTION DRUG,51759-274_d76cf4fc-d407-451b-88df-a4d6e0b66966,BLA761299,Simlandi,,,,,51759-274-17,1 KIT in 1 CARTON (51759-274-17)  / 1 KIT in 1 KIT *  1 SYRINGE in 1 TRAY / .8 mL in 1 SYRINGE *  .4 mL in 1 POUCH,2/14/2025,12/31/2026,FALSE,TRUE
357,51759-274,adalimumab-ryvk,"Teva Pharmaceuticals USA, Inc.",Simlandi,BLA,KIT,d76cf4fc-d407-451b-88df-a4d6e0b66966,HUMAN PRESCRIPTION DRUG,51759-274_d76cf4fc-d407-451b-88df-a4d6e0b66966,BLA761299,Simlandi,,,,,51759-274-17,1 KIT in 1 CARTON (51759-274-17)  / 1 KIT in 1 KIT *  1 SYRINGE in 1 TRAY / .8 mL in 1 SYRINGE *  .4 mL in 1 POUCH,2/14/2025,12/31/2026,FALSE,TRUE
358,51759-274,adalimumab-ryvk,"Teva Pharmaceuticals USA, Inc.",Simlandi,BLA,KIT,d76cf4fc-d407-451b-88df-a4d6e0b66966,HUMAN PRESCRIPTION DRUG,51759-274_d76cf4fc-d407-451b-88df-a4d6e0b66966,BLA761299,Simlandi,,,,,51759-274-17,1 KIT in 1 CARTON (51759-274-17)  / 1 KIT in 1 KIT *  1 SYRINGE in 1 TRAY / .8 mL in 1 SYRINGE *  .4 mL in 1 POUCH,2/14/2025,12/31/2026,FALSE,TRUE
359,51759-274,adalimumab-ryvk,"Teva Pharmaceuticals USA, Inc.",Simlandi,BLA,KIT,d76cf4fc-d407-451b-88df-a4d6e0b66966,HUMAN PRESCRIPTION DRUG,51759-274_d76cf4fc-d407-451b-88df-a4d6e0b66966,BLA761299,Simlandi,,,,,51759-274-17,1 KIT in 1 CARTON (51759-274-17)  / 1 KIT in 1 KIT *  1 SYRINGE in 1 TRAY / .8 mL in 1 SYRINGE *  .4 mL in 1 POUCH,2/14/2025,12/31/2026,FALSE,TRUE
360,51759-274,adalimumab-ryvk,"Teva Pharmaceuticals USA, Inc.",Simlandi,BLA,KIT,d76cf4fc-d407-451b-88df-a4d6e0b66966,HUMAN PRESCRIPTION DRUG,51759-274_d76cf4fc-d407-451b-88df-a4d6e0b66966,BLA761299,Simlandi,,,,,51759-274-17,1 KIT in 1 CARTON (51759-274-17)  / 1 KIT in 1 KIT *  1 SYRINGE in 1 TRAY / .8 mL in 1 SYRINGE *  .4 mL in 1 POUCH,2/14/2025,12/31/2026,FALSE,TRUE
361,51759-386,adalimumab-ryvk,"Teva Pharmaceuticals USA, Inc.",Simlandi,BLA,KIT,d76cf4fc-d407-451b-88df-a4d6e0b66966,HUMAN PRESCRIPTION DRUG,51759-386_d76cf4fc-d407-451b-88df-a4d6e0b66966,BLA761299,Simlandi,,,,,51759-386-22,2 KIT in 1 CARTON (51759-386-22)  / 1 KIT in 1 KIT *  1 SYRINGE in 1 TRAY / .2 mL in 1 SYRINGE (51759-497-31)  *  .4 mL in 1 POUCH (65517-0002-1),1/29/2025,12/31/2026,FALSE,TRUE
362,51759-386,adalimumab-ryvk,"Teva Pharmaceuticals USA, Inc.",Simlandi,BLA,KIT,d76cf4fc-d407-451b-88df-a4d6e0b66966,HUMAN PRESCRIPTION DRUG,51759-386_d76cf4fc-d407-451b-88df-a4d6e0b66966,BLA761299,Simlandi,,,,,51759-386-22,2 KIT in 1 CARTON (51759-386-22)  / 1 KIT in 1 KIT *  1 SYRINGE in 1 TRAY / .2 mL in 1 SYRINGE (51759-497-31)  *  .4 mL in 1 POUCH (65517-0002-1),1/29/2025,12/31/2026,FALSE,TRUE
363,51759-386,adalimumab-ryvk,"Teva Pharmaceuticals USA, Inc.",Simlandi,BLA,KIT,d76cf4fc-d407-451b-88df-a4d6e0b66966,HUMAN PRESCRIPTION DRUG,51759-386_d76cf4fc-d407-451b-88df-a4d6e0b66966,BLA761299,Simlandi,,,,,51759-386-22,2 KIT in 1 CARTON (51759-386-22)  / 1 KIT in 1 KIT *  1 SYRINGE in 1 TRAY / .2 mL in 1 SYRINGE (51759-497-31)  *  .4 mL in 1 POUCH (65517-0002-1),1/29/2025,12/31/2026,FALSE,TRUE
364,51759-386,adalimumab-ryvk,"Teva Pharmaceuticals USA, Inc.",Simlandi,BLA,KIT,d76cf4fc-d407-451b-88df-a4d6e0b66966,HUMAN PRESCRIPTION DRUG,51759-386_d76cf4fc-d407-451b-88df-a4d6e0b66966,BLA761299,Simlandi,,,,,51759-386-22,2 KIT in 1 CARTON (51759-386-22)  / 1 KIT in 1 KIT *  1 SYRINGE in 1 TRAY / .2 mL in 1 SYRINGE (51759-497-31)  *  .4 mL in 1 POUCH (65517-0002-1),1/29/2025,12/31/2026,FALSE,TRUE
365,51759-386,adalimumab-ryvk,"Teva Pharmaceuticals USA, Inc.",Simlandi,BLA,KIT,d76cf4fc-d407-451b-88df-a4d6e0b66966,HUMAN PRESCRIPTION DRUG,51759-386_d76cf4fc-d407-451b-88df-a4d6e0b66966,BLA761299,Simlandi,,,,,51759-386-22,2 KIT in 1 CARTON (51759-386-22)  / 1 KIT in 1 KIT *  1 SYRINGE in 1 TRAY / .2 mL in 1 SYRINGE (51759-497-31)  *  .4 mL in 1 POUCH (65517-0002-1),1/29/2025,12/31/2026,FALSE,TRUE
366,51759-386,adalimumab-ryvk,"Teva Pharmaceuticals USA, Inc.",Simlandi,BLA,KIT,d76cf4fc-d407-451b-88df-a4d6e0b66966,HUMAN PRESCRIPTION DRUG,51759-386_d76cf4fc-d407-451b-88df-a4d6e0b66966,BLA761299,Simlandi,,,,,51759-386-22,2 KIT in 1 CARTON (51759-386-22)  / 1 KIT in 1 KIT *  1 SYRINGE in 1 TRAY / .2 mL in 1 SYRINGE (51759-497-31)  *  .4 mL in 1 POUCH (65517-0002-1),1/29/2025,12/31/2026,FALSE,TRUE
367,51759-386,adalimumab-ryvk,"Teva Pharmaceuticals USA, Inc.",Simlandi,BLA,KIT,d76cf4fc-d407-451b-88df-a4d6e0b66966,HUMAN PRESCRIPTION DRUG,51759-386_d76cf4fc-d407-451b-88df-a4d6e0b66966,BLA761299,Simlandi,,,,,51759-386-22,2 KIT in 1 CARTON (51759-386-22)  / 1 KIT in 1 KIT *  1 SYRINGE in 1 TRAY / .2 mL in 1 SYRINGE (51759-497-31)  *  .4 mL in 1 POUCH (65517-0002-1),1/29/2025,12/31/2026,FALSE,TRUE
368,51759-386,adalimumab-ryvk,"Teva Pharmaceuticals USA, Inc.",Simlandi,BLA,KIT,d76cf4fc-d407-451b-88df-a4d6e0b66966,HUMAN PRESCRIPTION DRUG,51759-386_d76cf4fc-d407-451b-88df-a4d6e0b66966,BLA761299,Simlandi,,,,,51759-386-22,2 KIT in 1 CARTON (51759-386-22)  / 1 KIT in 1 KIT *  1 SYRINGE in 1 TRAY / .2 mL in 1 SYRINGE (51759-497-31)  *  .4 mL in 1 POUCH (65517-0002-1),1/29/2025,12/31/2026,FALSE,TRUE
369,51759-386,adalimumab-ryvk,"Teva Pharmaceuticals USA, Inc.",Simlandi,BLA,KIT,d76cf4fc-d407-451b-88df-a4d6e0b66966,HUMAN PRESCRIPTION DRUG,51759-386_d76cf4fc-d407-451b-88df-a4d6e0b66966,BLA761299,Simlandi,,,,,51759-386-22,2 KIT in 1 CARTON (51759-386-22)  / 1 KIT in 1 KIT *  1 SYRINGE in 1 TRAY / .2 mL in 1 SYRINGE (51759-497-31)  *  .4 mL in 1 POUCH (65517-0002-1),1/29/2025,12/31/2026,FALSE,TRUE
370,51759-402,adalimumab-ryvk,"Teva Pharmaceuticals USA, Inc.",Simlandi,BLA,KIT,d76cf4fc-d407-451b-88df-a4d6e0b66966,HUMAN PRESCRIPTION DRUG,51759-402_d76cf4fc-d407-451b-88df-a4d6e0b66966,BLA761299,Simlandi,,,SUBCUTANEOUS',,51759-402-02,2 KIT in 1 CARTON (51759-402-02)  / 1 KIT in 1 KIT *  1 SYRINGE in 1 TRAY / .4 mL in 1 SYRINGE (51759-513-21)  *  .4 mL in 1 POUCH (65517-0002-1),5/20/2024,12/31/2026,FALSE,TRUE
371,51759-402,adalimumab-ryvk,"Teva Pharmaceuticals USA, Inc.",Simlandi,BLA,KIT,d76cf4fc-d407-451b-88df-a4d6e0b66966,HUMAN PRESCRIPTION DRUG,51759-402_d76cf4fc-d407-451b-88df-a4d6e0b66966,BLA761299,Simlandi,,,SUBCUTANEOUS',,51759-402-17,1 KIT in 1 CARTON (51759-402-17)  / 1 KIT in 1 KIT *  1 SYRINGE in 1 TRAY / .4 mL in 1 SYRINGE (51759-513-21)  *  .4 mL in 1 POUCH (65517-0002-1),5/20/2024,12/31/2026,FALSE,TRUE
372,51759-402,adalimumab-ryvk,"Teva Pharmaceuticals USA, Inc.",Simlandi,BLA,KIT,d76cf4fc-d407-451b-88df-a4d6e0b66966,HUMAN PRESCRIPTION DRUG,51759-402_d76cf4fc-d407-451b-88df-a4d6e0b66966,BLA761299,Simlandi,,,SUBCUTANEOUS',,51759-402-02,2 KIT in 1 CARTON (51759-402-02)  / 1 KIT in 1 KIT *  1 SYRINGE in 1 TRAY / .4 mL in 1 SYRINGE (51759-513-21)  *  .4 mL in 1 POUCH (65517-0002-1),5/20/2024,12/31/2026,FALSE,TRUE
373,51759-402,adalimumab-ryvk,"Teva Pharmaceuticals USA, Inc.",Simlandi,BLA,KIT,d76cf4fc-d407-451b-88df-a4d6e0b66966,HUMAN PRESCRIPTION DRUG,51759-402_d76cf4fc-d407-451b-88df-a4d6e0b66966,BLA761299,Simlandi,,,SUBCUTANEOUS',,51759-402-17,1 KIT in 1 CARTON (51759-402-17)  / 1 KIT in 1 KIT *  1 SYRINGE in 1 TRAY / .4 mL in 1 SYRINGE (51759-513-21)  *  .4 mL in 1 POUCH (65517-0002-1),5/20/2024,12/31/2026,FALSE,TRUE
374,51759-402,adalimumab-ryvk,"Teva Pharmaceuticals USA, Inc.",Simlandi,BLA,KIT,d76cf4fc-d407-451b-88df-a4d6e0b66966,HUMAN PRESCRIPTION DRUG,51759-402_d76cf4fc-d407-451b-88df-a4d6e0b66966,BLA761299,Simlandi,,,SUBCUTANEOUS',,51759-402-02,2 KIT in 1 CARTON (51759-402-02)  / 1 KIT in 1 KIT *  1 SYRINGE in 1 TRAY / .4 mL in 1 SYRINGE (51759-513-21)  *  .4 mL in 1 POUCH (65517-0002-1),5/20/2024,12/31/2026,FALSE,TRUE
375,51759-402,adalimumab-ryvk,"Teva Pharmaceuticals USA, Inc.",Simlandi,BLA,KIT,d76cf4fc-d407-451b-88df-a4d6e0b66966,HUMAN PRESCRIPTION DRUG,51759-402_d76cf4fc-d407-451b-88df-a4d6e0b66966,BLA761299,Simlandi,,,SUBCUTANEOUS',,51759-402-17,1 KIT in 1 CARTON (51759-402-17)  / 1 KIT in 1 KIT *  1 SYRINGE in 1 TRAY / .4 mL in 1 SYRINGE (51759-513-21)  *  .4 mL in 1 POUCH (65517-0002-1),5/20/2024,12/31/2026,FALSE,TRUE
376,51759-402,adalimumab-ryvk,"Teva Pharmaceuticals USA, Inc.",Simlandi,BLA,KIT,d76cf4fc-d407-451b-88df-a4d6e0b66966,HUMAN PRESCRIPTION DRUG,51759-402_d76cf4fc-d407-451b-88df-a4d6e0b66966,BLA761299,Simlandi,,,SUBCUTANEOUS',,51759-402-02,2 KIT in 1 CARTON (51759-402-02)  / 1 KIT in 1 KIT *  1 SYRINGE in 1 TRAY / .4 mL in 1 SYRINGE (51759-513-21)  *  .4 mL in 1 POUCH (65517-0002-1),5/20/2024,12/31/2026,FALSE,TRUE
377,51759-402,adalimumab-ryvk,"Teva Pharmaceuticals USA, Inc.",Simlandi,BLA,KIT,d76cf4fc-d407-451b-88df-a4d6e0b66966,HUMAN PRESCRIPTION DRUG,51759-402_d76cf4fc-d407-451b-88df-a4d6e0b66966,BLA761299,Simlandi,,,SUBCUTANEOUS',,51759-402-17,1 KIT in 1 CARTON (51759-402-17)  / 1 KIT in 1 KIT *  1 SYRINGE in 1 TRAY / .4 mL in 1 SYRINGE (51759-513-21)  *  .4 mL in 1 POUCH (65517-0002-1),5/20/2024,12/31/2026,FALSE,TRUE
378,51759-402,adalimumab-ryvk,"Teva Pharmaceuticals USA, Inc.",Simlandi,BLA,KIT,d76cf4fc-d407-451b-88df-a4d6e0b66966,HUMAN PRESCRIPTION DRUG,51759-402_d76cf4fc-d407-451b-88df-a4d6e0b66966,BLA761299,Simlandi,,,SUBCUTANEOUS',,51759-402-02,2 KIT in 1 CARTON (51759-402-02)  / 1 KIT in 1 KIT *  1 SYRINGE in 1 TRAY / .4 mL in 1 SYRINGE (51759-513-21)  *  .4 mL in 1 POUCH (65517-0002-1),5/20/2024,12/31/2026,FALSE,TRUE
379,51759-402,adalimumab-ryvk,"Teva Pharmaceuticals USA, Inc.",Simlandi,BLA,KIT,d76cf4fc-d407-451b-88df-a4d6e0b66966,HUMAN PRESCRIPTION DRUG,51759-402_d76cf4fc-d407-451b-88df-a4d6e0b66966,BLA761299,Simlandi,,,SUBCUTANEOUS',,51759-402-17,1 KIT in 1 CARTON (51759-402-17)  / 1 KIT in 1 KIT *  1 SYRINGE in 1 TRAY / .4 mL in 1 SYRINGE (51759-513-21)  *  .4 mL in 1 POUCH (65517-0002-1),5/20/2024,12/31/2026,FALSE,TRUE
380,51759-402,adalimumab-ryvk,"Teva Pharmaceuticals USA, Inc.",Simlandi,BLA,KIT,d76cf4fc-d407-451b-88df-a4d6e0b66966,HUMAN PRESCRIPTION DRUG,51759-402_d76cf4fc-d407-451b-88df-a4d6e0b66966,BLA761299,Simlandi,,,SUBCUTANEOUS',,51759-402-02,2 KIT in 1 CARTON (51759-402-02)  / 1 KIT in 1 KIT *  1 SYRINGE in 1 TRAY / .4 mL in 1 SYRINGE (51759-513-21)  *  .4 mL in 1 POUCH (65517-0002-1),5/20/2024,12/31/2026,FALSE,TRUE
381,51759-402,adalimumab-ryvk,"Teva Pharmaceuticals USA, Inc.",Simlandi,BLA,KIT,d76cf4fc-d407-451b-88df-a4d6e0b66966,HUMAN PRESCRIPTION DRUG,51759-402_d76cf4fc-d407-451b-88df-a4d6e0b66966,BLA761299,Simlandi,,,SUBCUTANEOUS',,51759-402-17,1 KIT in 1 CARTON (51759-402-17)  / 1 KIT in 1 KIT *  1 SYRINGE in 1 TRAY / .4 mL in 1 SYRINGE (51759-513-21)  *  .4 mL in 1 POUCH (65517-0002-1),5/20/2024,12/31/2026,FALSE,TRUE
382,51759-402,adalimumab-ryvk,"Teva Pharmaceuticals USA, Inc.",Simlandi,BLA,KIT,d76cf4fc-d407-451b-88df-a4d6e0b66966,HUMAN PRESCRIPTION DRUG,51759-402_d76cf4fc-d407-451b-88df-a4d6e0b66966,BLA761299,Simlandi,,,SUBCUTANEOUS',,51759-402-02,2 KIT in 1 CARTON (51759-402-02)  / 1 KIT in 1 KIT *  1 SYRINGE in 1 TRAY / .4 mL in 1 SYRINGE (51759-513-21)  *  .4 mL in 1 POUCH (65517-0002-1),5/20/2024,12/31/2026,FALSE,TRUE
383,51759-402,adalimumab-ryvk,"Teva Pharmaceuticals USA, Inc.",Simlandi,BLA,KIT,d76cf4fc-d407-451b-88df-a4d6e0b66966,HUMAN PRESCRIPTION DRUG,51759-402_d76cf4fc-d407-451b-88df-a4d6e0b66966,BLA761299,Simlandi,,,SUBCUTANEOUS',,51759-402-17,1 KIT in 1 CARTON (51759-402-17)  / 1 KIT in 1 KIT *  1 SYRINGE in 1 TRAY / .4 mL in 1 SYRINGE (51759-513-21)  *  .4 mL in 1 POUCH (65517-0002-1),5/20/2024,12/31/2026,FALSE,TRUE
384,51759-402,adalimumab-ryvk,"Teva Pharmaceuticals USA, Inc.",Simlandi,BLA,KIT,d76cf4fc-d407-451b-88df-a4d6e0b66966,HUMAN PRESCRIPTION DRUG,51759-402_d76cf4fc-d407-451b-88df-a4d6e0b66966,BLA761299,Simlandi,,,SUBCUTANEOUS',,51759-402-02,2 KIT in 1 CARTON (51759-402-02)  / 1 KIT in 1 KIT *  1 SYRINGE in 1 TRAY / .4 mL in 1 SYRINGE (51759-513-21)  *  .4 mL in 1 POUCH (65517-0002-1),5/20/2024,12/31/2026,FALSE,TRUE
385,51759-402,adalimumab-ryvk,"Teva Pharmaceuticals USA, Inc.",Simlandi,BLA,KIT,d76cf4fc-d407-451b-88df-a4d6e0b66966,HUMAN PRESCRIPTION DRUG,51759-402_d76cf4fc-d407-451b-88df-a4d6e0b66966,BLA761299,Simlandi,,,SUBCUTANEOUS',,51759-402-17,1 KIT in 1 CARTON (51759-402-17)  / 1 KIT in 1 KIT *  1 SYRINGE in 1 TRAY / .4 mL in 1 SYRINGE (51759-513-21)  *  .4 mL in 1 POUCH (65517-0002-1),5/20/2024,12/31/2026,FALSE,TRUE
386,51759-402,adalimumab-ryvk,"Teva Pharmaceuticals USA, Inc.",Simlandi,BLA,KIT,d76cf4fc-d407-451b-88df-a4d6e0b66966,HUMAN PRESCRIPTION DRUG,51759-402_d76cf4fc-d407-451b-88df-a4d6e0b66966,BLA761299,Simlandi,,,SUBCUTANEOUS',,51759-402-02,2 KIT in 1 CARTON (51759-402-02)  / 1 KIT in 1 KIT *  1 SYRINGE in 1 TRAY / .4 mL in 1 SYRINGE (51759-513-21)  *  .4 mL in 1 POUCH (65517-0002-1),5/20/2024,12/31/2026,FALSE,TRUE
387,51759-402,adalimumab-ryvk,"Teva Pharmaceuticals USA, Inc.",Simlandi,BLA,KIT,d76cf4fc-d407-451b-88df-a4d6e0b66966,HUMAN PRESCRIPTION DRUG,51759-402_d76cf4fc-d407-451b-88df-a4d6e0b66966,BLA761299,Simlandi,,,SUBCUTANEOUS',,51759-402-17,1 KIT in 1 CARTON (51759-402-17)  / 1 KIT in 1 KIT *  1 SYRINGE in 1 TRAY / .4 mL in 1 SYRINGE (51759-513-21)  *  .4 mL in 1 POUCH (65517-0002-1),5/20/2024,12/31/2026,FALSE,TRUE
388,51759-412,adalimumab-ryvk,"Teva Pharmaceuticals USA, Inc.",Simlandi,BLA,KIT,d76cf4fc-d407-451b-88df-a4d6e0b66966,HUMAN PRESCRIPTION DRUG,51759-412_d76cf4fc-d407-451b-88df-a4d6e0b66966,BLA761299,Simlandi,,,,,51759-412-22,2 KIT in 1 CARTON (51759-412-22)  / 1 KIT in 1 KIT *  1 SYRINGE in 1 TRAY / .4 mL in 1 SYRINGE (51759-624-31)  *  .4 mL in 1 POUCH,11/19/2024,12/31/2026,FALSE,TRUE
389,51759-412,adalimumab-ryvk,"Teva Pharmaceuticals USA, Inc.",Simlandi,BLA,KIT,d76cf4fc-d407-451b-88df-a4d6e0b66966,HUMAN PRESCRIPTION DRUG,51759-412_d76cf4fc-d407-451b-88df-a4d6e0b66966,BLA761299,Simlandi,,,,,51759-412-22,2 KIT in 1 CARTON (51759-412-22)  / 1 KIT in 1 KIT *  1 SYRINGE in 1 TRAY / .4 mL in 1 SYRINGE (51759-624-31)  *  .4 mL in 1 POUCH,11/19/2024,12/31/2026,FALSE,TRUE
390,51759-412,adalimumab-ryvk,"Teva Pharmaceuticals USA, Inc.",Simlandi,BLA,KIT,d76cf4fc-d407-451b-88df-a4d6e0b66966,HUMAN PRESCRIPTION DRUG,51759-412_d76cf4fc-d407-451b-88df-a4d6e0b66966,BLA761299,Simlandi,,,,,51759-412-22,2 KIT in 1 CARTON (51759-412-22)  / 1 KIT in 1 KIT *  1 SYRINGE in 1 TRAY / .4 mL in 1 SYRINGE (51759-624-31)  *  .4 mL in 1 POUCH,11/19/2024,12/31/2026,FALSE,TRUE
391,51759-412,adalimumab-ryvk,"Teva Pharmaceuticals USA, Inc.",Simlandi,BLA,KIT,d76cf4fc-d407-451b-88df-a4d6e0b66966,HUMAN PRESCRIPTION DRUG,51759-412_d76cf4fc-d407-451b-88df-a4d6e0b66966,BLA761299,Simlandi,,,,,51759-412-22,2 KIT in 1 CARTON (51759-412-22)  / 1 KIT in 1 KIT *  1 SYRINGE in 1 TRAY / .4 mL in 1 SYRINGE (51759-624-31)  *  .4 mL in 1 POUCH,11/19/2024,12/31/2026,FALSE,TRUE
392,51759-412,adalimumab-ryvk,"Teva Pharmaceuticals USA, Inc.",Simlandi,BLA,KIT,d76cf4fc-d407-451b-88df-a4d6e0b66966,HUMAN PRESCRIPTION DRUG,51759-412_d76cf4fc-d407-451b-88df-a4d6e0b66966,BLA761299,Simlandi,,,,,51759-412-22,2 KIT in 1 CARTON (51759-412-22)  / 1 KIT in 1 KIT *  1 SYRINGE in 1 TRAY / .4 mL in 1 SYRINGE (51759-624-31)  *  .4 mL in 1 POUCH,11/19/2024,12/31/2026,FALSE,TRUE
393,51759-412,adalimumab-ryvk,"Teva Pharmaceuticals USA, Inc.",Simlandi,BLA,KIT,d76cf4fc-d407-451b-88df-a4d6e0b66966,HUMAN PRESCRIPTION DRUG,51759-412_d76cf4fc-d407-451b-88df-a4d6e0b66966,BLA761299,Simlandi,,,,,51759-412-22,2 KIT in 1 CARTON (51759-412-22)  / 1 KIT in 1 KIT *  1 SYRINGE in 1 TRAY / .4 mL in 1 SYRINGE (51759-624-31)  *  .4 mL in 1 POUCH,11/19/2024,12/31/2026,FALSE,TRUE
394,51759-412,adalimumab-ryvk,"Teva Pharmaceuticals USA, Inc.",Simlandi,BLA,KIT,d76cf4fc-d407-451b-88df-a4d6e0b66966,HUMAN PRESCRIPTION DRUG,51759-412_d76cf4fc-d407-451b-88df-a4d6e0b66966,BLA761299,Simlandi,,,,,51759-412-22,2 KIT in 1 CARTON (51759-412-22)  / 1 KIT in 1 KIT *  1 SYRINGE in 1 TRAY / .4 mL in 1 SYRINGE (51759-624-31)  *  .4 mL in 1 POUCH,11/19/2024,12/31/2026,FALSE,TRUE
395,51759-412,adalimumab-ryvk,"Teva Pharmaceuticals USA, Inc.",Simlandi,BLA,KIT,d76cf4fc-d407-451b-88df-a4d6e0b66966,HUMAN PRESCRIPTION DRUG,51759-412_d76cf4fc-d407-451b-88df-a4d6e0b66966,BLA761299,Simlandi,,,,,51759-412-22,2 KIT in 1 CARTON (51759-412-22)  / 1 KIT in 1 KIT *  1 SYRINGE in 1 TRAY / .4 mL in 1 SYRINGE (51759-624-31)  *  .4 mL in 1 POUCH,11/19/2024,12/31/2026,FALSE,TRUE
396,51759-412,adalimumab-ryvk,"Teva Pharmaceuticals USA, Inc.",Simlandi,BLA,KIT,d76cf4fc-d407-451b-88df-a4d6e0b66966,HUMAN PRESCRIPTION DRUG,51759-412_d76cf4fc-d407-451b-88df-a4d6e0b66966,BLA761299,Simlandi,,,,,51759-412-22,2 KIT in 1 CARTON (51759-412-22)  / 1 KIT in 1 KIT *  1 SYRINGE in 1 TRAY / .4 mL in 1 SYRINGE (51759-624-31)  *  .4 mL in 1 POUCH,11/19/2024,12/31/2026,FALSE,TRUE
397,51759-523,adalimumab-ryvk,"Teva Pharmaceuticals USA, Inc.",Simlandi,BLA,KIT,d76cf4fc-d407-451b-88df-a4d6e0b66966,HUMAN PRESCRIPTION DRUG,51759-523_d76cf4fc-d407-451b-88df-a4d6e0b66966,BLA761299,Simlandi,,,,,51759-523-21,1 KIT in 1 CARTON (51759-523-21)  / 1 KIT in 1 KIT *  1 SYRINGE in 1 TRAY / .8 mL in 1 SYRINGE (51759-634-31)  *  .4 mL in 1 POUCH (65517-0002-1),1/29/2025,12/31/2026,FALSE,TRUE
398,51759-523,adalimumab-ryvk,"Teva Pharmaceuticals USA, Inc.",Simlandi,BLA,KIT,d76cf4fc-d407-451b-88df-a4d6e0b66966,HUMAN PRESCRIPTION DRUG,51759-523_d76cf4fc-d407-451b-88df-a4d6e0b66966,BLA761299,Simlandi,,,,,51759-523-21,1 KIT in 1 CARTON (51759-523-21)  / 1 KIT in 1 KIT *  1 SYRINGE in 1 TRAY / .8 mL in 1 SYRINGE (51759-634-31)  *  .4 mL in 1 POUCH (65517-0002-1),1/29/2025,12/31/2026,FALSE,TRUE
399,51759-523,adalimumab-ryvk,"Teva Pharmaceuticals USA, Inc.",Simlandi,BLA,KIT,d76cf4fc-d407-451b-88df-a4d6e0b66966,HUMAN PRESCRIPTION DRUG,51759-523_d76cf4fc-d407-451b-88df-a4d6e0b66966,BLA761299,Simlandi,,,,,51759-523-21,1 KIT in 1 CARTON (51759-523-21)  / 1 KIT in 1 KIT *  1 SYRINGE in 1 TRAY / .8 mL in 1 SYRINGE (51759-634-31)  *  .4 mL in 1 POUCH (65517-0002-1),1/29/2025,12/31/2026,FALSE,TRUE
400,51759-523,adalimumab-ryvk,"Teva Pharmaceuticals USA, Inc.",Simlandi,BLA,KIT,d76cf4fc-d407-451b-88df-a4d6e0b66966,HUMAN PRESCRIPTION DRUG,51759-523_d76cf4fc-d407-451b-88df-a4d6e0b66966,BLA761299,Simlandi,,,,,51759-523-21,1 KIT in 1 CARTON (51759-523-21)  / 1 KIT in 1 KIT *  1 SYRINGE in 1 TRAY / .8 mL in 1 SYRINGE (51759-634-31)  *  .4 mL in 1 POUCH (65517-0002-1),1/29/2025,12/31/2026,FALSE,TRUE
401,51759-523,adalimumab-ryvk,"Teva Pharmaceuticals USA, Inc.",Simlandi,BLA,KIT,d76cf4fc-d407-451b-88df-a4d6e0b66966,HUMAN PRESCRIPTION DRUG,51759-523_d76cf4fc-d407-451b-88df-a4d6e0b66966,BLA761299,Simlandi,,,,,51759-523-21,1 KIT in 1 CARTON (51759-523-21)  / 1 KIT in 1 KIT *  1 SYRINGE in 1 TRAY / .8 mL in 1 SYRINGE (51759-634-31)  *  .4 mL in 1 POUCH (65517-0002-1),1/29/2025,12/31/2026,FALSE,TRUE
402,51759-523,adalimumab-ryvk,"Teva Pharmaceuticals USA, Inc.",Simlandi,BLA,KIT,d76cf4fc-d407-451b-88df-a4d6e0b66966,HUMAN PRESCRIPTION DRUG,51759-523_d76cf4fc-d407-451b-88df-a4d6e0b66966,BLA761299,Simlandi,,,,,51759-523-21,1 KIT in 1 CARTON (51759-523-21)  / 1 KIT in 1 KIT *  1 SYRINGE in 1 TRAY / .8 mL in 1 SYRINGE (51759-634-31)  *  .4 mL in 1 POUCH (65517-0002-1),1/29/2025,12/31/2026,FALSE,TRUE
403,51759-523,adalimumab-ryvk,"Teva Pharmaceuticals USA, Inc.",Simlandi,BLA,KIT,d76cf4fc-d407-451b-88df-a4d6e0b66966,HUMAN PRESCRIPTION DRUG,51759-523_d76cf4fc-d407-451b-88df-a4d6e0b66966,BLA761299,Simlandi,,,,,51759-523-21,1 KIT in 1 CARTON (51759-523-21)  / 1 KIT in 1 KIT *  1 SYRINGE in 1 TRAY / .8 mL in 1 SYRINGE (51759-634-31)  *  .4 mL in 1 POUCH (65517-0002-1),1/29/2025,12/31/2026,FALSE,TRUE
404,51759-523,adalimumab-ryvk,"Teva Pharmaceuticals USA, Inc.",Simlandi,BLA,KIT,d76cf4fc-d407-451b-88df-a4d6e0b66966,HUMAN PRESCRIPTION DRUG,51759-523_d76cf4fc-d407-451b-88df-a4d6e0b66966,BLA761299,Simlandi,,,,,51759-523-21,1 KIT in 1 CARTON (51759-523-21)  / 1 KIT in 1 KIT *  1 SYRINGE in 1 TRAY / .8 mL in 1 SYRINGE (51759-634-31)  *  .4 mL in 1 POUCH (65517-0002-1),1/29/2025,12/31/2026,FALSE,TRUE
405,51759-523,adalimumab-ryvk,"Teva Pharmaceuticals USA, Inc.",Simlandi,BLA,KIT,d76cf4fc-d407-451b-88df-a4d6e0b66966,HUMAN PRESCRIPTION DRUG,51759-523_d76cf4fc-d407-451b-88df-a4d6e0b66966,BLA761299,Simlandi,,,,,51759-523-21,1 KIT in 1 CARTON (51759-523-21)  / 1 KIT in 1 KIT *  1 SYRINGE in 1 TRAY / .8 mL in 1 SYRINGE (51759-634-31)  *  .4 mL in 1 POUCH (65517-0002-1),1/29/2025,12/31/2026,FALSE,TRUE
406,55513-399,adalimumab-atto,Amgen Inc,AMJEVITA,BLA,INJECTION,48aaec9b-c0c0-4b85-87e3-9bf0eaca87c7,HUMAN PRESCRIPTION DRUG,55513-399_48aaec9b-c0c0-4b85-87e3-9bf0eaca87c7,BLA761024,AMJEVITA, 'ADALIMUMAB', 20 mg/.2mL,SUBCUTANEOUS',"['Antibodies', 'Monoclonal [CS]', 'Tumor Necrosis Factor Blocker [EPC]', 'Tumor Necrosis Factor Receptor Blocking Activity [MoA]']",55513-399-01,1 SYRINGE in 1 CARTON (55513-399-01)  / .2 mL in 1 SYRINGE,8/14/2023,12/31/2025,FALSE,TRUE
407,55513-399,adalimumab-atto,Amgen Inc,AMJEVITA,BLA,INJECTION,48aaec9b-c0c0-4b85-87e3-9bf0eaca87c7,HUMAN PRESCRIPTION DRUG,55513-399_48aaec9b-c0c0-4b85-87e3-9bf0eaca87c7,BLA761024,AMJEVITA, 'ADALIMUMAB', 20 mg/.2mL,SUBCUTANEOUS',"['Antibodies', 'Monoclonal [CS]', 'Tumor Necrosis Factor Blocker [EPC]', 'Tumor Necrosis Factor Receptor Blocking Activity [MoA]']",55513-399-01,1 SYRINGE in 1 CARTON (55513-399-01)  / .2 mL in 1 SYRINGE,8/14/2023,12/31/2025,FALSE,TRUE
408,55513-399,adalimumab-atto,Amgen Inc,AMJEVITA,BLA,INJECTION,48aaec9b-c0c0-4b85-87e3-9bf0eaca87c7,HUMAN PRESCRIPTION DRUG,55513-399_48aaec9b-c0c0-4b85-87e3-9bf0eaca87c7,BLA761024,AMJEVITA, 'ADALIMUMAB', 20 mg/.2mL,SUBCUTANEOUS',"['Antibodies', 'Monoclonal [CS]', 'Tumor Necrosis Factor Blocker [EPC]', 'Tumor Necrosis Factor Receptor Blocking Activity [MoA]']",55513-399-01,1 SYRINGE in 1 CARTON (55513-399-01)  / .2 mL in 1 SYRINGE,8/14/2023,12/31/2025,FALSE,TRUE
409,55513-399,adalimumab-atto,Amgen Inc,AMJEVITA,BLA,INJECTION,48aaec9b-c0c0-4b85-87e3-9bf0eaca87c7,HUMAN PRESCRIPTION DRUG,55513-399_48aaec9b-c0c0-4b85-87e3-9bf0eaca87c7,BLA761024,AMJEVITA, 'ADALIMUMAB', 20 mg/.2mL,SUBCUTANEOUS',"['Antibodies', 'Monoclonal [CS]', 'Tumor Necrosis Factor Blocker [EPC]', 'Tumor Necrosis Factor Receptor Blocking Activity [MoA]']",55513-399-01,1 SYRINGE in 1 CARTON (55513-399-01)  / .2 mL in 1 SYRINGE,8/14/2023,12/31/2025,FALSE,TRUE
410,55513-399,adalimumab-atto,Amgen Inc,AMJEVITA,BLA,INJECTION,48aaec9b-c0c0-4b85-87e3-9bf0eaca87c7,HUMAN PRESCRIPTION DRUG,55513-399_48aaec9b-c0c0-4b85-87e3-9bf0eaca87c7,BLA761024,AMJEVITA, 'ADALIMUMAB', 20 mg/.2mL,SUBCUTANEOUS',"['Antibodies', 'Monoclonal [CS]', 'Tumor Necrosis Factor Blocker [EPC]', 'Tumor Necrosis Factor Receptor Blocking Activity [MoA]']",55513-399-01,1 SYRINGE in 1 CARTON (55513-399-01)  / .2 mL in 1 SYRINGE,8/14/2023,12/31/2025,FALSE,TRUE
411,55513-399,adalimumab-atto,Amgen Inc,AMJEVITA,BLA,INJECTION,48aaec9b-c0c0-4b85-87e3-9bf0eaca87c7,HUMAN PRESCRIPTION DRUG,55513-399_48aaec9b-c0c0-4b85-87e3-9bf0eaca87c7,BLA761024,AMJEVITA, 'ADALIMUMAB', 20 mg/.2mL,SUBCUTANEOUS',"['Antibodies', 'Monoclonal [CS]', 'Tumor Necrosis Factor Blocker [EPC]', 'Tumor Necrosis Factor Receptor Blocking Activity [MoA]']",55513-399-01,1 SYRINGE in 1 CARTON (55513-399-01)  / .2 mL in 1 SYRINGE,8/14/2023,12/31/2025,FALSE,TRUE
412,55513-399,adalimumab-atto,Amgen Inc,AMJEVITA,BLA,INJECTION,48aaec9b-c0c0-4b85-87e3-9bf0eaca87c7,HUMAN PRESCRIPTION DRUG,55513-399_48aaec9b-c0c0-4b85-87e3-9bf0eaca87c7,BLA761024,AMJEVITA, 'ADALIMUMAB', 20 mg/.2mL,SUBCUTANEOUS',"['Antibodies', 'Monoclonal [CS]', 'Tumor Necrosis Factor Blocker [EPC]', 'Tumor Necrosis Factor Receptor Blocking Activity [MoA]']",55513-399-01,1 SYRINGE in 1 CARTON (55513-399-01)  / .2 mL in 1 SYRINGE,8/14/2023,12/31/2025,FALSE,TRUE
413,55513-399,adalimumab-atto,Amgen Inc,AMJEVITA,BLA,INJECTION,48aaec9b-c0c0-4b85-87e3-9bf0eaca87c7,HUMAN PRESCRIPTION DRUG,55513-399_48aaec9b-c0c0-4b85-87e3-9bf0eaca87c7,BLA761024,AMJEVITA, 'ADALIMUMAB', 20 mg/.2mL,SUBCUTANEOUS',"['Antibodies', 'Monoclonal [CS]', 'Tumor Necrosis Factor Blocker [EPC]', 'Tumor Necrosis Factor Receptor Blocking Activity [MoA]']",55513-399-01,1 SYRINGE in 1 CARTON (55513-399-01)  / .2 mL in 1 SYRINGE,8/14/2023,12/31/2025,FALSE,TRUE
414,55513-399,adalimumab-atto,Amgen Inc,AMJEVITA,BLA,INJECTION,48aaec9b-c0c0-4b85-87e3-9bf0eaca87c7,HUMAN PRESCRIPTION DRUG,55513-399_48aaec9b-c0c0-4b85-87e3-9bf0eaca87c7,BLA761024,AMJEVITA, 'ADALIMUMAB', 20 mg/.2mL,SUBCUTANEOUS',"['Antibodies', 'Monoclonal [CS]', 'Tumor Necrosis Factor Blocker [EPC]', 'Tumor Necrosis Factor Receptor Blocking Activity [MoA]']",55513-399-01,1 SYRINGE in 1 CARTON (55513-399-01)  / .2 mL in 1 SYRINGE,8/14/2023,12/31/2025,FALSE,TRUE
415,55513-400,adalimumab-atto,Amgen Inc,AMJEVITA,BLA,INJECTION,48aaec9b-c0c0-4b85-87e3-9bf0eaca87c7,HUMAN PRESCRIPTION DRUG,55513-400_48aaec9b-c0c0-4b85-87e3-9bf0eaca87c7,BLA761024,AMJEVITA, 'ADALIMUMAB', 40 mg/.8mL,SUBCUTANEOUS',"['Antibodies', 'Monoclonal [CS]', 'Tumor Necrosis Factor Blocker [EPC]', 'Tumor Necrosis Factor Receptor Blocking Activity [MoA]']",55513-400-01,1 SYRINGE in 1 CARTON (55513-400-01)  / .8 mL in 1 SYRINGE,1/31/2023,12/31/2025,FALSE,TRUE
416,55513-400,adalimumab-atto,Amgen Inc,AMJEVITA,BLA,INJECTION,48aaec9b-c0c0-4b85-87e3-9bf0eaca87c7,HUMAN PRESCRIPTION DRUG,55513-400_48aaec9b-c0c0-4b85-87e3-9bf0eaca87c7,BLA761024,AMJEVITA, 'ADALIMUMAB', 40 mg/.8mL,SUBCUTANEOUS',"['Antibodies', 'Monoclonal [CS]', 'Tumor Necrosis Factor Blocker [EPC]', 'Tumor Necrosis Factor Receptor Blocking Activity [MoA]']",55513-400-02,2 SYRINGE in 1 CARTON (55513-400-02)  / .8 mL in 1 SYRINGE,1/31/2023,12/31/2025,FALSE,TRUE
417,55513-400,adalimumab-atto,Amgen Inc,AMJEVITA,BLA,INJECTION,48aaec9b-c0c0-4b85-87e3-9bf0eaca87c7,HUMAN PRESCRIPTION DRUG,55513-400_48aaec9b-c0c0-4b85-87e3-9bf0eaca87c7,BLA761024,AMJEVITA, 'ADALIMUMAB', 40 mg/.8mL,SUBCUTANEOUS',"['Antibodies', 'Monoclonal [CS]', 'Tumor Necrosis Factor Blocker [EPC]', 'Tumor Necrosis Factor Receptor Blocking Activity [MoA]']",55513-400-91,1 SYRINGE in 1 CARTON (55513-400-91)  / .8 mL in 1 SYRINGE,1/31/2023,12/31/2025,TRUE,TRUE
418,55513-400,adalimumab-atto,Amgen Inc,AMJEVITA,BLA,INJECTION,48aaec9b-c0c0-4b85-87e3-9bf0eaca87c7,HUMAN PRESCRIPTION DRUG,55513-400_48aaec9b-c0c0-4b85-87e3-9bf0eaca87c7,BLA761024,AMJEVITA, 'ADALIMUMAB', 40 mg/.8mL,SUBCUTANEOUS',"['Antibodies', 'Monoclonal [CS]', 'Tumor Necrosis Factor Blocker [EPC]', 'Tumor Necrosis Factor Receptor Blocking Activity [MoA]']",55513-400-01,1 SYRINGE in 1 CARTON (55513-400-01)  / .8 mL in 1 SYRINGE,1/31/2023,12/31/2025,FALSE,TRUE
419,55513-400,adalimumab-atto,Amgen Inc,AMJEVITA,BLA,INJECTION,48aaec9b-c0c0-4b85-87e3-9bf0eaca87c7,HUMAN PRESCRIPTION DRUG,55513-400_48aaec9b-c0c0-4b85-87e3-9bf0eaca87c7,BLA761024,AMJEVITA, 'ADALIMUMAB', 40 mg/.8mL,SUBCUTANEOUS',"['Antibodies', 'Monoclonal [CS]', 'Tumor Necrosis Factor Blocker [EPC]', 'Tumor Necrosis Factor Receptor Blocking Activity [MoA]']",55513-400-02,2 SYRINGE in 1 CARTON (55513-400-02)  / .8 mL in 1 SYRINGE,1/31/2023,12/31/2025,FALSE,TRUE
420,55513-400,adalimumab-atto,Amgen Inc,AMJEVITA,BLA,INJECTION,48aaec9b-c0c0-4b85-87e3-9bf0eaca87c7,HUMAN PRESCRIPTION DRUG,55513-400_48aaec9b-c0c0-4b85-87e3-9bf0eaca87c7,BLA761024,AMJEVITA, 'ADALIMUMAB', 40 mg/.8mL,SUBCUTANEOUS',"['Antibodies', 'Monoclonal [CS]', 'Tumor Necrosis Factor Blocker [EPC]', 'Tumor Necrosis Factor Receptor Blocking Activity [MoA]']",55513-400-91,1 SYRINGE in 1 CARTON (55513-400-91)  / .8 mL in 1 SYRINGE,1/31/2023,12/31/2025,TRUE,TRUE
421,55513-400,adalimumab-atto,Amgen Inc,AMJEVITA,BLA,INJECTION,48aaec9b-c0c0-4b85-87e3-9bf0eaca87c7,HUMAN PRESCRIPTION DRUG,55513-400_48aaec9b-c0c0-4b85-87e3-9bf0eaca87c7,BLA761024,AMJEVITA, 'ADALIMUMAB', 40 mg/.8mL,SUBCUTANEOUS',"['Antibodies', 'Monoclonal [CS]', 'Tumor Necrosis Factor Blocker [EPC]', 'Tumor Necrosis Factor Receptor Blocking Activity [MoA]']",55513-400-01,1 SYRINGE in 1 CARTON (55513-400-01)  / .8 mL in 1 SYRINGE,1/31/2023,12/31/2025,FALSE,TRUE
422,55513-400,adalimumab-atto,Amgen Inc,AMJEVITA,BLA,INJECTION,48aaec9b-c0c0-4b85-87e3-9bf0eaca87c7,HUMAN PRESCRIPTION DRUG,55513-400_48aaec9b-c0c0-4b85-87e3-9bf0eaca87c7,BLA761024,AMJEVITA, 'ADALIMUMAB', 40 mg/.8mL,SUBCUTANEOUS',"['Antibodies', 'Monoclonal [CS]', 'Tumor Necrosis Factor Blocker [EPC]', 'Tumor Necrosis Factor Receptor Blocking Activity [MoA]']",55513-400-02,2 SYRINGE in 1 CARTON (55513-400-02)  / .8 mL in 1 SYRINGE,1/31/2023,12/31/2025,FALSE,TRUE
423,55513-400,adalimumab-atto,Amgen Inc,AMJEVITA,BLA,INJECTION,48aaec9b-c0c0-4b85-87e3-9bf0eaca87c7,HUMAN PRESCRIPTION DRUG,55513-400_48aaec9b-c0c0-4b85-87e3-9bf0eaca87c7,BLA761024,AMJEVITA, 'ADALIMUMAB', 40 mg/.8mL,SUBCUTANEOUS',"['Antibodies', 'Monoclonal [CS]', 'Tumor Necrosis Factor Blocker [EPC]', 'Tumor Necrosis Factor Receptor Blocking Activity [MoA]']",55513-400-91,1 SYRINGE in 1 CARTON (55513-400-91)  / .8 mL in 1 SYRINGE,1/31/2023,12/31/2025,TRUE,TRUE
424,55513-400,adalimumab-atto,Amgen Inc,AMJEVITA,BLA,INJECTION,48aaec9b-c0c0-4b85-87e3-9bf0eaca87c7,HUMAN PRESCRIPTION DRUG,55513-400_48aaec9b-c0c0-4b85-87e3-9bf0eaca87c7,BLA761024,AMJEVITA, 'ADALIMUMAB', 40 mg/.8mL,SUBCUTANEOUS',"['Antibodies', 'Monoclonal [CS]', 'Tumor Necrosis Factor Blocker [EPC]', 'Tumor Necrosis Factor Receptor Blocking Activity [MoA]']",55513-400-01,1 SYRINGE in 1 CARTON (55513-400-01)  / .8 mL in 1 SYRINGE,1/31/2023,12/31/2025,FALSE,TRUE
425,55513-400,adalimumab-atto,Amgen Inc,AMJEVITA,BLA,INJECTION,48aaec9b-c0c0-4b85-87e3-9bf0eaca87c7,HUMAN PRESCRIPTION DRUG,55513-400_48aaec9b-c0c0-4b85-87e3-9bf0eaca87c7,BLA761024,AMJEVITA, 'ADALIMUMAB', 40 mg/.8mL,SUBCUTANEOUS',"['Antibodies', 'Monoclonal [CS]', 'Tumor Necrosis Factor Blocker [EPC]', 'Tumor Necrosis Factor Receptor Blocking Activity [MoA]']",55513-400-02,2 SYRINGE in 1 CARTON (55513-400-02)  / .8 mL in 1 SYRINGE,1/31/2023,12/31/2025,FALSE,TRUE
426,55513-400,adalimumab-atto,Amgen Inc,AMJEVITA,BLA,INJECTION,48aaec9b-c0c0-4b85-87e3-9bf0eaca87c7,HUMAN PRESCRIPTION DRUG,55513-400_48aaec9b-c0c0-4b85-87e3-9bf0eaca87c7,BLA761024,AMJEVITA, 'ADALIMUMAB', 40 mg/.8mL,SUBCUTANEOUS',"['Antibodies', 'Monoclonal [CS]', 'Tumor Necrosis Factor Blocker [EPC]', 'Tumor Necrosis Factor Receptor Blocking Activity [MoA]']",55513-400-91,1 SYRINGE in 1 CARTON (55513-400-91)  / .8 mL in 1 SYRINGE,1/31/2023,12/31/2025,TRUE,TRUE
427,55513-400,adalimumab-atto,Amgen Inc,AMJEVITA,BLA,INJECTION,48aaec9b-c0c0-4b85-87e3-9bf0eaca87c7,HUMAN PRESCRIPTION DRUG,55513-400_48aaec9b-c0c0-4b85-87e3-9bf0eaca87c7,BLA761024,AMJEVITA, 'ADALIMUMAB', 40 mg/.8mL,SUBCUTANEOUS',"['Antibodies', 'Monoclonal [CS]', 'Tumor Necrosis Factor Blocker [EPC]', 'Tumor Necrosis Factor Receptor Blocking Activity [MoA]']",55513-400-01,1 SYRINGE in 1 CARTON (55513-400-01)  / .8 mL in 1 SYRINGE,1/31/2023,12/31/2025,FALSE,TRUE
428,55513-400,adalimumab-atto,Amgen Inc,AMJEVITA,BLA,INJECTION,48aaec9b-c0c0-4b85-87e3-9bf0eaca87c7,HUMAN PRESCRIPTION DRUG,55513-400_48aaec9b-c0c0-4b85-87e3-9bf0eaca87c7,BLA761024,AMJEVITA, 'ADALIMUMAB', 40 mg/.8mL,SUBCUTANEOUS',"['Antibodies', 'Monoclonal [CS]', 'Tumor Necrosis Factor Blocker [EPC]', 'Tumor Necrosis Factor Receptor Blocking Activity [MoA]']",55513-400-02,2 SYRINGE in 1 CARTON (55513-400-02)  / .8 mL in 1 SYRINGE,1/31/2023,12/31/2025,FALSE,TRUE
429,55513-400,adalimumab-atto,Amgen Inc,AMJEVITA,BLA,INJECTION,48aaec9b-c0c0-4b85-87e3-9bf0eaca87c7,HUMAN PRESCRIPTION DRUG,55513-400_48aaec9b-c0c0-4b85-87e3-9bf0eaca87c7,BLA761024,AMJEVITA, 'ADALIMUMAB', 40 mg/.8mL,SUBCUTANEOUS',"['Antibodies', 'Monoclonal [CS]', 'Tumor Necrosis Factor Blocker [EPC]', 'Tumor Necrosis Factor Receptor Blocking Activity [MoA]']",55513-400-91,1 SYRINGE in 1 CARTON (55513-400-91)  / .8 mL in 1 SYRINGE,1/31/2023,12/31/2025,TRUE,TRUE
430,55513-400,adalimumab-atto,Amgen Inc,AMJEVITA,BLA,INJECTION,48aaec9b-c0c0-4b85-87e3-9bf0eaca87c7,HUMAN PRESCRIPTION DRUG,55513-400_48aaec9b-c0c0-4b85-87e3-9bf0eaca87c7,BLA761024,AMJEVITA, 'ADALIMUMAB', 40 mg/.8mL,SUBCUTANEOUS',"['Antibodies', 'Monoclonal [CS]', 'Tumor Necrosis Factor Blocker [EPC]', 'Tumor Necrosis Factor Receptor Blocking Activity [MoA]']",55513-400-01,1 SYRINGE in 1 CARTON (55513-400-01)  / .8 mL in 1 SYRINGE,1/31/2023,12/31/2025,FALSE,TRUE
431,55513-400,adalimumab-atto,Amgen Inc,AMJEVITA,BLA,INJECTION,48aaec9b-c0c0-4b85-87e3-9bf0eaca87c7,HUMAN PRESCRIPTION DRUG,55513-400_48aaec9b-c0c0-4b85-87e3-9bf0eaca87c7,BLA761024,AMJEVITA, 'ADALIMUMAB', 40 mg/.8mL,SUBCUTANEOUS',"['Antibodies', 'Monoclonal [CS]', 'Tumor Necrosis Factor Blocker [EPC]', 'Tumor Necrosis Factor Receptor Blocking Activity [MoA]']",55513-400-02,2 SYRINGE in 1 CARTON (55513-400-02)  / .8 mL in 1 SYRINGE,1/31/2023,12/31/2025,FALSE,TRUE
432,55513-400,adalimumab-atto,Amgen Inc,AMJEVITA,BLA,INJECTION,48aaec9b-c0c0-4b85-87e3-9bf0eaca87c7,HUMAN PRESCRIPTION DRUG,55513-400_48aaec9b-c0c0-4b85-87e3-9bf0eaca87c7,BLA761024,AMJEVITA, 'ADALIMUMAB', 40 mg/.8mL,SUBCUTANEOUS',"['Antibodies', 'Monoclonal [CS]', 'Tumor Necrosis Factor Blocker [EPC]', 'Tumor Necrosis Factor Receptor Blocking Activity [MoA]']",55513-400-91,1 SYRINGE in 1 CARTON (55513-400-91)  / .8 mL in 1 SYRINGE,1/31/2023,12/31/2025,TRUE,TRUE
433,55513-400,adalimumab-atto,Amgen Inc,AMJEVITA,BLA,INJECTION,48aaec9b-c0c0-4b85-87e3-9bf0eaca87c7,HUMAN PRESCRIPTION DRUG,55513-400_48aaec9b-c0c0-4b85-87e3-9bf0eaca87c7,BLA761024,AMJEVITA, 'ADALIMUMAB', 40 mg/.8mL,SUBCUTANEOUS',"['Antibodies', 'Monoclonal [CS]', 'Tumor Necrosis Factor Blocker [EPC]', 'Tumor Necrosis Factor Receptor Blocking Activity [MoA]']",55513-400-01,1 SYRINGE in 1 CARTON (55513-400-01)  / .8 mL in 1 SYRINGE,1/31/2023,12/31/2025,FALSE,TRUE
434,55513-400,adalimumab-atto,Amgen Inc,AMJEVITA,BLA,INJECTION,48aaec9b-c0c0-4b85-87e3-9bf0eaca87c7,HUMAN PRESCRIPTION DRUG,55513-400_48aaec9b-c0c0-4b85-87e3-9bf0eaca87c7,BLA761024,AMJEVITA, 'ADALIMUMAB', 40 mg/.8mL,SUBCUTANEOUS',"['Antibodies', 'Monoclonal [CS]', 'Tumor Necrosis Factor Blocker [EPC]', 'Tumor Necrosis Factor Receptor Blocking Activity [MoA]']",55513-400-02,2 SYRINGE in 1 CARTON (55513-400-02)  / .8 mL in 1 SYRINGE,1/31/2023,12/31/2025,FALSE,TRUE
435,55513-400,adalimumab-atto,Amgen Inc,AMJEVITA,BLA,INJECTION,48aaec9b-c0c0-4b85-87e3-9bf0eaca87c7,HUMAN PRESCRIPTION DRUG,55513-400_48aaec9b-c0c0-4b85-87e3-9bf0eaca87c7,BLA761024,AMJEVITA, 'ADALIMUMAB', 40 mg/.8mL,SUBCUTANEOUS',"['Antibodies', 'Monoclonal [CS]', 'Tumor Necrosis Factor Blocker [EPC]', 'Tumor Necrosis Factor Receptor Blocking Activity [MoA]']",55513-400-91,1 SYRINGE in 1 CARTON (55513-400-91)  / .8 mL in 1 SYRINGE,1/31/2023,12/31/2025,TRUE,TRUE
436,55513-400,adalimumab-atto,Amgen Inc,AMJEVITA,BLA,INJECTION,48aaec9b-c0c0-4b85-87e3-9bf0eaca87c7,HUMAN PRESCRIPTION DRUG,55513-400_48aaec9b-c0c0-4b85-87e3-9bf0eaca87c7,BLA761024,AMJEVITA, 'ADALIMUMAB', 40 mg/.8mL,SUBCUTANEOUS',"['Antibodies', 'Monoclonal [CS]', 'Tumor Necrosis Factor Blocker [EPC]', 'Tumor Necrosis Factor Receptor Blocking Activity [MoA]']",55513-400-01,1 SYRINGE in 1 CARTON (55513-400-01)  / .8 mL in 1 SYRINGE,1/31/2023,12/31/2025,FALSE,TRUE
437,55513-400,adalimumab-atto,Amgen Inc,AMJEVITA,BLA,INJECTION,48aaec9b-c0c0-4b85-87e3-9bf0eaca87c7,HUMAN PRESCRIPTION DRUG,55513-400_48aaec9b-c0c0-4b85-87e3-9bf0eaca87c7,BLA761024,AMJEVITA, 'ADALIMUMAB', 40 mg/.8mL,SUBCUTANEOUS',"['Antibodies', 'Monoclonal [CS]', 'Tumor Necrosis Factor Blocker [EPC]', 'Tumor Necrosis Factor Receptor Blocking Activity [MoA]']",55513-400-02,2 SYRINGE in 1 CARTON (55513-400-02)  / .8 mL in 1 SYRINGE,1/31/2023,12/31/2025,FALSE,TRUE
438,55513-400,adalimumab-atto,Amgen Inc,AMJEVITA,BLA,INJECTION,48aaec9b-c0c0-4b85-87e3-9bf0eaca87c7,HUMAN PRESCRIPTION DRUG,55513-400_48aaec9b-c0c0-4b85-87e3-9bf0eaca87c7,BLA761024,AMJEVITA, 'ADALIMUMAB', 40 mg/.8mL,SUBCUTANEOUS',"['Antibodies', 'Monoclonal [CS]', 'Tumor Necrosis Factor Blocker [EPC]', 'Tumor Necrosis Factor Receptor Blocking Activity [MoA]']",55513-400-91,1 SYRINGE in 1 CARTON (55513-400-91)  / .8 mL in 1 SYRINGE,1/31/2023,12/31/2025,TRUE,TRUE
439,55513-400,adalimumab-atto,Amgen Inc,AMJEVITA,BLA,INJECTION,48aaec9b-c0c0-4b85-87e3-9bf0eaca87c7,HUMAN PRESCRIPTION DRUG,55513-400_48aaec9b-c0c0-4b85-87e3-9bf0eaca87c7,BLA761024,AMJEVITA, 'ADALIMUMAB', 40 mg/.8mL,SUBCUTANEOUS',"['Antibodies', 'Monoclonal [CS]', 'Tumor Necrosis Factor Blocker [EPC]', 'Tumor Necrosis Factor Receptor Blocking Activity [MoA]']",55513-400-01,1 SYRINGE in 1 CARTON (55513-400-01)  / .8 mL in 1 SYRINGE,1/31/2023,12/31/2025,FALSE,TRUE
440,55513-400,adalimumab-atto,Amgen Inc,AMJEVITA,BLA,INJECTION,48aaec9b-c0c0-4b85-87e3-9bf0eaca87c7,HUMAN PRESCRIPTION DRUG,55513-400_48aaec9b-c0c0-4b85-87e3-9bf0eaca87c7,BLA761024,AMJEVITA, 'ADALIMUMAB', 40 mg/.8mL,SUBCUTANEOUS',"['Antibodies', 'Monoclonal [CS]', 'Tumor Necrosis Factor Blocker [EPC]', 'Tumor Necrosis Factor Receptor Blocking Activity [MoA]']",55513-400-02,2 SYRINGE in 1 CARTON (55513-400-02)  / .8 mL in 1 SYRINGE,1/31/2023,12/31/2025,FALSE,TRUE
441,55513-400,adalimumab-atto,Amgen Inc,AMJEVITA,BLA,INJECTION,48aaec9b-c0c0-4b85-87e3-9bf0eaca87c7,HUMAN PRESCRIPTION DRUG,55513-400_48aaec9b-c0c0-4b85-87e3-9bf0eaca87c7,BLA761024,AMJEVITA, 'ADALIMUMAB', 40 mg/.8mL,SUBCUTANEOUS',"['Antibodies', 'Monoclonal [CS]', 'Tumor Necrosis Factor Blocker [EPC]', 'Tumor Necrosis Factor Receptor Blocking Activity [MoA]']",55513-400-91,1 SYRINGE in 1 CARTON (55513-400-91)  / .8 mL in 1 SYRINGE,1/31/2023,12/31/2025,TRUE,TRUE
442,55513-410,adalimumab-atto,Amgen Inc,AMJEVITA,BLA,INJECTION,48aaec9b-c0c0-4b85-87e3-9bf0eaca87c7,HUMAN PRESCRIPTION DRUG,55513-410_48aaec9b-c0c0-4b85-87e3-9bf0eaca87c7,BLA761024,AMJEVITA, 'ADALIMUMAB', 40 mg/.8mL,SUBCUTANEOUS',"['Antibodies', 'Monoclonal [CS]', 'Tumor Necrosis Factor Blocker [EPC]', 'Tumor Necrosis Factor Receptor Blocking Activity [MoA]']",55513-410-01,1 SYRINGE in 1 CARTON (55513-410-01)  / .8 mL in 1 SYRINGE,1/31/2023,12/31/2025,FALSE,TRUE
443,55513-410,adalimumab-atto,Amgen Inc,AMJEVITA,BLA,INJECTION,48aaec9b-c0c0-4b85-87e3-9bf0eaca87c7,HUMAN PRESCRIPTION DRUG,55513-410_48aaec9b-c0c0-4b85-87e3-9bf0eaca87c7,BLA761024,AMJEVITA, 'ADALIMUMAB', 40 mg/.8mL,SUBCUTANEOUS',"['Antibodies', 'Monoclonal [CS]', 'Tumor Necrosis Factor Blocker [EPC]', 'Tumor Necrosis Factor Receptor Blocking Activity [MoA]']",55513-410-02,2 SYRINGE in 1 CARTON (55513-410-02)  / .8 mL in 1 SYRINGE,1/31/2023,12/31/2025,FALSE,TRUE
444,55513-410,adalimumab-atto,Amgen Inc,AMJEVITA,BLA,INJECTION,48aaec9b-c0c0-4b85-87e3-9bf0eaca87c7,HUMAN PRESCRIPTION DRUG,55513-410_48aaec9b-c0c0-4b85-87e3-9bf0eaca87c7,BLA761024,AMJEVITA, 'ADALIMUMAB', 40 mg/.8mL,SUBCUTANEOUS',"['Antibodies', 'Monoclonal [CS]', 'Tumor Necrosis Factor Blocker [EPC]', 'Tumor Necrosis Factor Receptor Blocking Activity [MoA]']",55513-410-01,1 SYRINGE in 1 CARTON (55513-410-01)  / .8 mL in 1 SYRINGE,1/31/2023,12/31/2025,FALSE,TRUE
445,55513-410,adalimumab-atto,Amgen Inc,AMJEVITA,BLA,INJECTION,48aaec9b-c0c0-4b85-87e3-9bf0eaca87c7,HUMAN PRESCRIPTION DRUG,55513-410_48aaec9b-c0c0-4b85-87e3-9bf0eaca87c7,BLA761024,AMJEVITA, 'ADALIMUMAB', 40 mg/.8mL,SUBCUTANEOUS',"['Antibodies', 'Monoclonal [CS]', 'Tumor Necrosis Factor Blocker [EPC]', 'Tumor Necrosis Factor Receptor Blocking Activity [MoA]']",55513-410-02,2 SYRINGE in 1 CARTON (55513-410-02)  / .8 mL in 1 SYRINGE,1/31/2023,12/31/2025,FALSE,TRUE
446,55513-410,adalimumab-atto,Amgen Inc,AMJEVITA,BLA,INJECTION,48aaec9b-c0c0-4b85-87e3-9bf0eaca87c7,HUMAN PRESCRIPTION DRUG,55513-410_48aaec9b-c0c0-4b85-87e3-9bf0eaca87c7,BLA761024,AMJEVITA, 'ADALIMUMAB', 40 mg/.8mL,SUBCUTANEOUS',"['Antibodies', 'Monoclonal [CS]', 'Tumor Necrosis Factor Blocker [EPC]', 'Tumor Necrosis Factor Receptor Blocking Activity [MoA]']",55513-410-01,1 SYRINGE in 1 CARTON (55513-410-01)  / .8 mL in 1 SYRINGE,1/31/2023,12/31/2025,FALSE,TRUE
447,55513-410,adalimumab-atto,Amgen Inc,AMJEVITA,BLA,INJECTION,48aaec9b-c0c0-4b85-87e3-9bf0eaca87c7,HUMAN PRESCRIPTION DRUG,55513-410_48aaec9b-c0c0-4b85-87e3-9bf0eaca87c7,BLA761024,AMJEVITA, 'ADALIMUMAB', 40 mg/.8mL,SUBCUTANEOUS',"['Antibodies', 'Monoclonal [CS]', 'Tumor Necrosis Factor Blocker [EPC]', 'Tumor Necrosis Factor Receptor Blocking Activity [MoA]']",55513-410-02,2 SYRINGE in 1 CARTON (55513-410-02)  / .8 mL in 1 SYRINGE,1/31/2023,12/31/2025,FALSE,TRUE
448,55513-410,adalimumab-atto,Amgen Inc,AMJEVITA,BLA,INJECTION,48aaec9b-c0c0-4b85-87e3-9bf0eaca87c7,HUMAN PRESCRIPTION DRUG,55513-410_48aaec9b-c0c0-4b85-87e3-9bf0eaca87c7,BLA761024,AMJEVITA, 'ADALIMUMAB', 40 mg/.8mL,SUBCUTANEOUS',"['Antibodies', 'Monoclonal [CS]', 'Tumor Necrosis Factor Blocker [EPC]', 'Tumor Necrosis Factor Receptor Blocking Activity [MoA]']",55513-410-01,1 SYRINGE in 1 CARTON (55513-410-01)  / .8 mL in 1 SYRINGE,1/31/2023,12/31/2025,FALSE,TRUE
449,55513-410,adalimumab-atto,Amgen Inc,AMJEVITA,BLA,INJECTION,48aaec9b-c0c0-4b85-87e3-9bf0eaca87c7,HUMAN PRESCRIPTION DRUG,55513-410_48aaec9b-c0c0-4b85-87e3-9bf0eaca87c7,BLA761024,AMJEVITA, 'ADALIMUMAB', 40 mg/.8mL,SUBCUTANEOUS',"['Antibodies', 'Monoclonal [CS]', 'Tumor Necrosis Factor Blocker [EPC]', 'Tumor Necrosis Factor Receptor Blocking Activity [MoA]']",55513-410-02,2 SYRINGE in 1 CARTON (55513-410-02)  / .8 mL in 1 SYRINGE,1/31/2023,12/31/2025,FALSE,TRUE
450,55513-410,adalimumab-atto,Amgen Inc,AMJEVITA,BLA,INJECTION,48aaec9b-c0c0-4b85-87e3-9bf0eaca87c7,HUMAN PRESCRIPTION DRUG,55513-410_48aaec9b-c0c0-4b85-87e3-9bf0eaca87c7,BLA761024,AMJEVITA, 'ADALIMUMAB', 40 mg/.8mL,SUBCUTANEOUS',"['Antibodies', 'Monoclonal [CS]', 'Tumor Necrosis Factor Blocker [EPC]', 'Tumor Necrosis Factor Receptor Blocking Activity [MoA]']",55513-410-01,1 SYRINGE in 1 CARTON (55513-410-01)  / .8 mL in 1 SYRINGE,1/31/2023,12/31/2025,FALSE,TRUE
451,55513-410,adalimumab-atto,Amgen Inc,AMJEVITA,BLA,INJECTION,48aaec9b-c0c0-4b85-87e3-9bf0eaca87c7,HUMAN PRESCRIPTION DRUG,55513-410_48aaec9b-c0c0-4b85-87e3-9bf0eaca87c7,BLA761024,AMJEVITA, 'ADALIMUMAB', 40 mg/.8mL,SUBCUTANEOUS',"['Antibodies', 'Monoclonal [CS]', 'Tumor Necrosis Factor Blocker [EPC]', 'Tumor Necrosis Factor Receptor Blocking Activity [MoA]']",55513-410-02,2 SYRINGE in 1 CARTON (55513-410-02)  / .8 mL in 1 SYRINGE,1/31/2023,12/31/2025,FALSE,TRUE
452,55513-410,adalimumab-atto,Amgen Inc,AMJEVITA,BLA,INJECTION,48aaec9b-c0c0-4b85-87e3-9bf0eaca87c7,HUMAN PRESCRIPTION DRUG,55513-410_48aaec9b-c0c0-4b85-87e3-9bf0eaca87c7,BLA761024,AMJEVITA, 'ADALIMUMAB', 40 mg/.8mL,SUBCUTANEOUS',"['Antibodies', 'Monoclonal [CS]', 'Tumor Necrosis Factor Blocker [EPC]', 'Tumor Necrosis Factor Receptor Blocking Activity [MoA]']",55513-410-01,1 SYRINGE in 1 CARTON (55513-410-01)  / .8 mL in 1 SYRINGE,1/31/2023,12/31/2025,FALSE,TRUE
453,55513-410,adalimumab-atto,Amgen Inc,AMJEVITA,BLA,INJECTION,48aaec9b-c0c0-4b85-87e3-9bf0eaca87c7,HUMAN PRESCRIPTION DRUG,55513-410_48aaec9b-c0c0-4b85-87e3-9bf0eaca87c7,BLA761024,AMJEVITA, 'ADALIMUMAB', 40 mg/.8mL,SUBCUTANEOUS',"['Antibodies', 'Monoclonal [CS]', 'Tumor Necrosis Factor Blocker [EPC]', 'Tumor Necrosis Factor Receptor Blocking Activity [MoA]']",55513-410-02,2 SYRINGE in 1 CARTON (55513-410-02)  / .8 mL in 1 SYRINGE,1/31/2023,12/31/2025,FALSE,TRUE
454,55513-410,adalimumab-atto,Amgen Inc,AMJEVITA,BLA,INJECTION,48aaec9b-c0c0-4b85-87e3-9bf0eaca87c7,HUMAN PRESCRIPTION DRUG,55513-410_48aaec9b-c0c0-4b85-87e3-9bf0eaca87c7,BLA761024,AMJEVITA, 'ADALIMUMAB', 40 mg/.8mL,SUBCUTANEOUS',"['Antibodies', 'Monoclonal [CS]', 'Tumor Necrosis Factor Blocker [EPC]', 'Tumor Necrosis Factor Receptor Blocking Activity [MoA]']",55513-410-01,1 SYRINGE in 1 CARTON (55513-410-01)  / .8 mL in 1 SYRINGE,1/31/2023,12/31/2025,FALSE,TRUE
455,55513-410,adalimumab-atto,Amgen Inc,AMJEVITA,BLA,INJECTION,48aaec9b-c0c0-4b85-87e3-9bf0eaca87c7,HUMAN PRESCRIPTION DRUG,55513-410_48aaec9b-c0c0-4b85-87e3-9bf0eaca87c7,BLA761024,AMJEVITA, 'ADALIMUMAB', 40 mg/.8mL,SUBCUTANEOUS',"['Antibodies', 'Monoclonal [CS]', 'Tumor Necrosis Factor Blocker [EPC]', 'Tumor Necrosis Factor Receptor Blocking Activity [MoA]']",55513-410-02,2 SYRINGE in 1 CARTON (55513-410-02)  / .8 mL in 1 SYRINGE,1/31/2023,12/31/2025,FALSE,TRUE
456,55513-410,adalimumab-atto,Amgen Inc,AMJEVITA,BLA,INJECTION,48aaec9b-c0c0-4b85-87e3-9bf0eaca87c7,HUMAN PRESCRIPTION DRUG,55513-410_48aaec9b-c0c0-4b85-87e3-9bf0eaca87c7,BLA761024,AMJEVITA, 'ADALIMUMAB', 40 mg/.8mL,SUBCUTANEOUS',"['Antibodies', 'Monoclonal [CS]', 'Tumor Necrosis Factor Blocker [EPC]', 'Tumor Necrosis Factor Receptor Blocking Activity [MoA]']",55513-410-01,1 SYRINGE in 1 CARTON (55513-410-01)  / .8 mL in 1 SYRINGE,1/31/2023,12/31/2025,FALSE,TRUE
457,55513-410,adalimumab-atto,Amgen Inc,AMJEVITA,BLA,INJECTION,48aaec9b-c0c0-4b85-87e3-9bf0eaca87c7,HUMAN PRESCRIPTION DRUG,55513-410_48aaec9b-c0c0-4b85-87e3-9bf0eaca87c7,BLA761024,AMJEVITA, 'ADALIMUMAB', 40 mg/.8mL,SUBCUTANEOUS',"['Antibodies', 'Monoclonal [CS]', 'Tumor Necrosis Factor Blocker [EPC]', 'Tumor Necrosis Factor Receptor Blocking Activity [MoA]']",55513-410-02,2 SYRINGE in 1 CARTON (55513-410-02)  / .8 mL in 1 SYRINGE,1/31/2023,12/31/2025,FALSE,TRUE
458,55513-410,adalimumab-atto,Amgen Inc,AMJEVITA,BLA,INJECTION,48aaec9b-c0c0-4b85-87e3-9bf0eaca87c7,HUMAN PRESCRIPTION DRUG,55513-410_48aaec9b-c0c0-4b85-87e3-9bf0eaca87c7,BLA761024,AMJEVITA, 'ADALIMUMAB', 40 mg/.8mL,SUBCUTANEOUS',"['Antibodies', 'Monoclonal [CS]', 'Tumor Necrosis Factor Blocker [EPC]', 'Tumor Necrosis Factor Receptor Blocking Activity [MoA]']",55513-410-01,1 SYRINGE in 1 CARTON (55513-410-01)  / .8 mL in 1 SYRINGE,1/31/2023,12/31/2025,FALSE,TRUE
459,55513-410,adalimumab-atto,Amgen Inc,AMJEVITA,BLA,INJECTION,48aaec9b-c0c0-4b85-87e3-9bf0eaca87c7,HUMAN PRESCRIPTION DRUG,55513-410_48aaec9b-c0c0-4b85-87e3-9bf0eaca87c7,BLA761024,AMJEVITA, 'ADALIMUMAB', 40 mg/.8mL,SUBCUTANEOUS',"['Antibodies', 'Monoclonal [CS]', 'Tumor Necrosis Factor Blocker [EPC]', 'Tumor Necrosis Factor Receptor Blocking Activity [MoA]']",55513-410-02,2 SYRINGE in 1 CARTON (55513-410-02)  / .8 mL in 1 SYRINGE,1/31/2023,12/31/2025,FALSE,TRUE
460,55513-411,adalimumab-atto,Amgen Inc,AMJEVITA,BLA,INJECTION,48aaec9b-c0c0-4b85-87e3-9bf0eaca87c7,HUMAN PRESCRIPTION DRUG,55513-411_48aaec9b-c0c0-4b85-87e3-9bf0eaca87c7,BLA761024,AMJEVITA, 'ADALIMUMAB', 20 mg/.4mL,SUBCUTANEOUS',"['Antibodies', 'Monoclonal [CS]', 'Tumor Necrosis Factor Blocker [EPC]', 'Tumor Necrosis Factor Receptor Blocking Activity [MoA]']",55513-411-01,1 SYRINGE in 1 CARTON (55513-411-01)  / .4 mL in 1 SYRINGE,1/31/2023,12/31/2025,FALSE,TRUE
461,55513-411,adalimumab-atto,Amgen Inc,AMJEVITA,BLA,INJECTION,48aaec9b-c0c0-4b85-87e3-9bf0eaca87c7,HUMAN PRESCRIPTION DRUG,55513-411_48aaec9b-c0c0-4b85-87e3-9bf0eaca87c7,BLA761024,AMJEVITA, 'ADALIMUMAB', 20 mg/.4mL,SUBCUTANEOUS',"['Antibodies', 'Monoclonal [CS]', 'Tumor Necrosis Factor Blocker [EPC]', 'Tumor Necrosis Factor Receptor Blocking Activity [MoA]']",55513-411-01,1 SYRINGE in 1 CARTON (55513-411-01)  / .4 mL in 1 SYRINGE,1/31/2023,12/31/2025,FALSE,TRUE
462,55513-411,adalimumab-atto,Amgen Inc,AMJEVITA,BLA,INJECTION,48aaec9b-c0c0-4b85-87e3-9bf0eaca87c7,HUMAN PRESCRIPTION DRUG,55513-411_48aaec9b-c0c0-4b85-87e3-9bf0eaca87c7,BLA761024,AMJEVITA, 'ADALIMUMAB', 20 mg/.4mL,SUBCUTANEOUS',"['Antibodies', 'Monoclonal [CS]', 'Tumor Necrosis Factor Blocker [EPC]', 'Tumor Necrosis Factor Receptor Blocking Activity [MoA]']",55513-411-01,1 SYRINGE in 1 CARTON (55513-411-01)  / .4 mL in 1 SYRINGE,1/31/2023,12/31/2025,FALSE,TRUE
463,55513-411,adalimumab-atto,Amgen Inc,AMJEVITA,BLA,INJECTION,48aaec9b-c0c0-4b85-87e3-9bf0eaca87c7,HUMAN PRESCRIPTION DRUG,55513-411_48aaec9b-c0c0-4b85-87e3-9bf0eaca87c7,BLA761024,AMJEVITA, 'ADALIMUMAB', 20 mg/.4mL,SUBCUTANEOUS',"['Antibodies', 'Monoclonal [CS]', 'Tumor Necrosis Factor Blocker [EPC]', 'Tumor Necrosis Factor Receptor Blocking Activity [MoA]']",55513-411-01,1 SYRINGE in 1 CARTON (55513-411-01)  / .4 mL in 1 SYRINGE,1/31/2023,12/31/2025,FALSE,TRUE
464,55513-411,adalimumab-atto,Amgen Inc,AMJEVITA,BLA,INJECTION,48aaec9b-c0c0-4b85-87e3-9bf0eaca87c7,HUMAN PRESCRIPTION DRUG,55513-411_48aaec9b-c0c0-4b85-87e3-9bf0eaca87c7,BLA761024,AMJEVITA, 'ADALIMUMAB', 20 mg/.4mL,SUBCUTANEOUS',"['Antibodies', 'Monoclonal [CS]', 'Tumor Necrosis Factor Blocker [EPC]', 'Tumor Necrosis Factor Receptor Blocking Activity [MoA]']",55513-411-01,1 SYRINGE in 1 CARTON (55513-411-01)  / .4 mL in 1 SYRINGE,1/31/2023,12/31/2025,FALSE,TRUE
465,55513-411,adalimumab-atto,Amgen Inc,AMJEVITA,BLA,INJECTION,48aaec9b-c0c0-4b85-87e3-9bf0eaca87c7,HUMAN PRESCRIPTION DRUG,55513-411_48aaec9b-c0c0-4b85-87e3-9bf0eaca87c7,BLA761024,AMJEVITA, 'ADALIMUMAB', 20 mg/.4mL,SUBCUTANEOUS',"['Antibodies', 'Monoclonal [CS]', 'Tumor Necrosis Factor Blocker [EPC]', 'Tumor Necrosis Factor Receptor Blocking Activity [MoA]']",55513-411-01,1 SYRINGE in 1 CARTON (55513-411-01)  / .4 mL in 1 SYRINGE,1/31/2023,12/31/2025,FALSE,TRUE
466,55513-411,adalimumab-atto,Amgen Inc,AMJEVITA,BLA,INJECTION,48aaec9b-c0c0-4b85-87e3-9bf0eaca87c7,HUMAN PRESCRIPTION DRUG,55513-411_48aaec9b-c0c0-4b85-87e3-9bf0eaca87c7,BLA761024,AMJEVITA, 'ADALIMUMAB', 20 mg/.4mL,SUBCUTANEOUS',"['Antibodies', 'Monoclonal [CS]', 'Tumor Necrosis Factor Blocker [EPC]', 'Tumor Necrosis Factor Receptor Blocking Activity [MoA]']",55513-411-01,1 SYRINGE in 1 CARTON (55513-411-01)  / .4 mL in 1 SYRINGE,1/31/2023,12/31/2025,FALSE,TRUE
467,55513-411,adalimumab-atto,Amgen Inc,AMJEVITA,BLA,INJECTION,48aaec9b-c0c0-4b85-87e3-9bf0eaca87c7,HUMAN PRESCRIPTION DRUG,55513-411_48aaec9b-c0c0-4b85-87e3-9bf0eaca87c7,BLA761024,AMJEVITA, 'ADALIMUMAB', 20 mg/.4mL,SUBCUTANEOUS',"['Antibodies', 'Monoclonal [CS]', 'Tumor Necrosis Factor Blocker [EPC]', 'Tumor Necrosis Factor Receptor Blocking Activity [MoA]']",55513-411-01,1 SYRINGE in 1 CARTON (55513-411-01)  / .4 mL in 1 SYRINGE,1/31/2023,12/31/2025,FALSE,TRUE
468,55513-411,adalimumab-atto,Amgen Inc,AMJEVITA,BLA,INJECTION,48aaec9b-c0c0-4b85-87e3-9bf0eaca87c7,HUMAN PRESCRIPTION DRUG,55513-411_48aaec9b-c0c0-4b85-87e3-9bf0eaca87c7,BLA761024,AMJEVITA, 'ADALIMUMAB', 20 mg/.4mL,SUBCUTANEOUS',"['Antibodies', 'Monoclonal [CS]', 'Tumor Necrosis Factor Blocker [EPC]', 'Tumor Necrosis Factor Receptor Blocking Activity [MoA]']",55513-411-01,1 SYRINGE in 1 CARTON (55513-411-01)  / .4 mL in 1 SYRINGE,1/31/2023,12/31/2025,FALSE,TRUE
469,55513-413,adalimumab-atto,Amgen Inc,AMJEVITA,BLA,INJECTION,48aaec9b-c0c0-4b85-87e3-9bf0eaca87c7,HUMAN PRESCRIPTION DRUG,55513-413_48aaec9b-c0c0-4b85-87e3-9bf0eaca87c7,BLA761024,AMJEVITA, 'ADALIMUMAB', 10 mg/.2mL,SUBCUTANEOUS',"['Antibodies', 'Monoclonal [CS]', 'Tumor Necrosis Factor Blocker [EPC]', 'Tumor Necrosis Factor Receptor Blocking Activity [MoA]']",55513-413-01,1 SYRINGE in 1 CARTON (55513-413-01)  / .2 mL in 1 SYRINGE,4/6/2023,12/31/2025,FALSE,TRUE
470,55513-413,adalimumab-atto,Amgen Inc,AMJEVITA,BLA,INJECTION,48aaec9b-c0c0-4b85-87e3-9bf0eaca87c7,HUMAN PRESCRIPTION DRUG,55513-413_48aaec9b-c0c0-4b85-87e3-9bf0eaca87c7,BLA761024,AMJEVITA, 'ADALIMUMAB', 10 mg/.2mL,SUBCUTANEOUS',"['Antibodies', 'Monoclonal [CS]', 'Tumor Necrosis Factor Blocker [EPC]', 'Tumor Necrosis Factor Receptor Blocking Activity [MoA]']",55513-413-01,1 SYRINGE in 1 CARTON (55513-413-01)  / .2 mL in 1 SYRINGE,4/6/2023,12/31/2025,FALSE,TRUE
471,55513-413,adalimumab-atto,Amgen Inc,AMJEVITA,BLA,INJECTION,48aaec9b-c0c0-4b85-87e3-9bf0eaca87c7,HUMAN PRESCRIPTION DRUG,55513-413_48aaec9b-c0c0-4b85-87e3-9bf0eaca87c7,BLA761024,AMJEVITA, 'ADALIMUMAB', 10 mg/.2mL,SUBCUTANEOUS',"['Antibodies', 'Monoclonal [CS]', 'Tumor Necrosis Factor Blocker [EPC]', 'Tumor Necrosis Factor Receptor Blocking Activity [MoA]']",55513-413-01,1 SYRINGE in 1 CARTON (55513-413-01)  / .2 mL in 1 SYRINGE,4/6/2023,12/31/2025,FALSE,TRUE
472,55513-413,adalimumab-atto,Amgen Inc,AMJEVITA,BLA,INJECTION,48aaec9b-c0c0-4b85-87e3-9bf0eaca87c7,HUMAN PRESCRIPTION DRUG,55513-413_48aaec9b-c0c0-4b85-87e3-9bf0eaca87c7,BLA761024,AMJEVITA, 'ADALIMUMAB', 10 mg/.2mL,SUBCUTANEOUS',"['Antibodies', 'Monoclonal [CS]', 'Tumor Necrosis Factor Blocker [EPC]', 'Tumor Necrosis Factor Receptor Blocking Activity [MoA]']",55513-413-01,1 SYRINGE in 1 CARTON (55513-413-01)  / .2 mL in 1 SYRINGE,4/6/2023,12/31/2025,FALSE,TRUE
473,55513-413,adalimumab-atto,Amgen Inc,AMJEVITA,BLA,INJECTION,48aaec9b-c0c0-4b85-87e3-9bf0eaca87c7,HUMAN PRESCRIPTION DRUG,55513-413_48aaec9b-c0c0-4b85-87e3-9bf0eaca87c7,BLA761024,AMJEVITA, 'ADALIMUMAB', 10 mg/.2mL,SUBCUTANEOUS',"['Antibodies', 'Monoclonal [CS]', 'Tumor Necrosis Factor Blocker [EPC]', 'Tumor Necrosis Factor Receptor Blocking Activity [MoA]']",55513-413-01,1 SYRINGE in 1 CARTON (55513-413-01)  / .2 mL in 1 SYRINGE,4/6/2023,12/31/2025,FALSE,TRUE
474,55513-413,adalimumab-atto,Amgen Inc,AMJEVITA,BLA,INJECTION,48aaec9b-c0c0-4b85-87e3-9bf0eaca87c7,HUMAN PRESCRIPTION DRUG,55513-413_48aaec9b-c0c0-4b85-87e3-9bf0eaca87c7,BLA761024,AMJEVITA, 'ADALIMUMAB', 10 mg/.2mL,SUBCUTANEOUS',"['Antibodies', 'Monoclonal [CS]', 'Tumor Necrosis Factor Blocker [EPC]', 'Tumor Necrosis Factor Receptor Blocking Activity [MoA]']",55513-413-01,1 SYRINGE in 1 CARTON (55513-413-01)  / .2 mL in 1 SYRINGE,4/6/2023,12/31/2025,FALSE,TRUE
475,55513-413,adalimumab-atto,Amgen Inc,AMJEVITA,BLA,INJECTION,48aaec9b-c0c0-4b85-87e3-9bf0eaca87c7,HUMAN PRESCRIPTION DRUG,55513-413_48aaec9b-c0c0-4b85-87e3-9bf0eaca87c7,BLA761024,AMJEVITA, 'ADALIMUMAB', 10 mg/.2mL,SUBCUTANEOUS',"['Antibodies', 'Monoclonal [CS]', 'Tumor Necrosis Factor Blocker [EPC]', 'Tumor Necrosis Factor Receptor Blocking Activity [MoA]']",55513-413-01,1 SYRINGE in 1 CARTON (55513-413-01)  / .2 mL in 1 SYRINGE,4/6/2023,12/31/2025,FALSE,TRUE
476,55513-413,adalimumab-atto,Amgen Inc,AMJEVITA,BLA,INJECTION,48aaec9b-c0c0-4b85-87e3-9bf0eaca87c7,HUMAN PRESCRIPTION DRUG,55513-413_48aaec9b-c0c0-4b85-87e3-9bf0eaca87c7,BLA761024,AMJEVITA, 'ADALIMUMAB', 10 mg/.2mL,SUBCUTANEOUS',"['Antibodies', 'Monoclonal [CS]', 'Tumor Necrosis Factor Blocker [EPC]', 'Tumor Necrosis Factor Receptor Blocking Activity [MoA]']",55513-413-01,1 SYRINGE in 1 CARTON (55513-413-01)  / .2 mL in 1 SYRINGE,4/6/2023,12/31/2025,FALSE,TRUE
477,55513-413,adalimumab-atto,Amgen Inc,AMJEVITA,BLA,INJECTION,48aaec9b-c0c0-4b85-87e3-9bf0eaca87c7,HUMAN PRESCRIPTION DRUG,55513-413_48aaec9b-c0c0-4b85-87e3-9bf0eaca87c7,BLA761024,AMJEVITA, 'ADALIMUMAB', 10 mg/.2mL,SUBCUTANEOUS',"['Antibodies', 'Monoclonal [CS]', 'Tumor Necrosis Factor Blocker [EPC]', 'Tumor Necrosis Factor Receptor Blocking Activity [MoA]']",55513-413-01,1 SYRINGE in 1 CARTON (55513-413-01)  / .2 mL in 1 SYRINGE,4/6/2023,12/31/2025,FALSE,TRUE
478,55513-479,adalimumab-atto,Amgen Inc,AMJEVITA,BLA,INJECTION,48aaec9b-c0c0-4b85-87e3-9bf0eaca87c7,HUMAN PRESCRIPTION DRUG,55513-479_48aaec9b-c0c0-4b85-87e3-9bf0eaca87c7,BLA761024,AMJEVITA, 'ADALIMUMAB', 40 mg/.4mL,SUBCUTANEOUS',"['Antibodies', 'Monoclonal [CS]', 'Tumor Necrosis Factor Blocker [EPC]', 'Tumor Necrosis Factor Receptor Blocking Activity [MoA]']",55513-479-01,1 SYRINGE in 1 CARTON (55513-479-01)  / .4 mL in 1 SYRINGE,8/14/2023,12/31/2025,FALSE,TRUE
479,55513-479,adalimumab-atto,Amgen Inc,AMJEVITA,BLA,INJECTION,48aaec9b-c0c0-4b85-87e3-9bf0eaca87c7,HUMAN PRESCRIPTION DRUG,55513-479_48aaec9b-c0c0-4b85-87e3-9bf0eaca87c7,BLA761024,AMJEVITA, 'ADALIMUMAB', 40 mg/.4mL,SUBCUTANEOUS',"['Antibodies', 'Monoclonal [CS]', 'Tumor Necrosis Factor Blocker [EPC]', 'Tumor Necrosis Factor Receptor Blocking Activity [MoA]']",55513-479-02,2 SYRINGE in 1 CARTON (55513-479-02)  / .4 mL in 1 SYRINGE,8/14/2023,12/31/2025,FALSE,TRUE
480,55513-479,adalimumab-atto,Amgen Inc,AMJEVITA,BLA,INJECTION,48aaec9b-c0c0-4b85-87e3-9bf0eaca87c7,HUMAN PRESCRIPTION DRUG,55513-479_48aaec9b-c0c0-4b85-87e3-9bf0eaca87c7,BLA761024,AMJEVITA, 'ADALIMUMAB', 40 mg/.4mL,SUBCUTANEOUS',"['Antibodies', 'Monoclonal [CS]', 'Tumor Necrosis Factor Blocker [EPC]', 'Tumor Necrosis Factor Receptor Blocking Activity [MoA]']",55513-479-01,1 SYRINGE in 1 CARTON (55513-479-01)  / .4 mL in 1 SYRINGE,8/14/2023,12/31/2025,FALSE,TRUE
481,55513-479,adalimumab-atto,Amgen Inc,AMJEVITA,BLA,INJECTION,48aaec9b-c0c0-4b85-87e3-9bf0eaca87c7,HUMAN PRESCRIPTION DRUG,55513-479_48aaec9b-c0c0-4b85-87e3-9bf0eaca87c7,BLA761024,AMJEVITA, 'ADALIMUMAB', 40 mg/.4mL,SUBCUTANEOUS',"['Antibodies', 'Monoclonal [CS]', 'Tumor Necrosis Factor Blocker [EPC]', 'Tumor Necrosis Factor Receptor Blocking Activity [MoA]']",55513-479-02,2 SYRINGE in 1 CARTON (55513-479-02)  / .4 mL in 1 SYRINGE,8/14/2023,12/31/2025,FALSE,TRUE
482,55513-479,adalimumab-atto,Amgen Inc,AMJEVITA,BLA,INJECTION,48aaec9b-c0c0-4b85-87e3-9bf0eaca87c7,HUMAN PRESCRIPTION DRUG,55513-479_48aaec9b-c0c0-4b85-87e3-9bf0eaca87c7,BLA761024,AMJEVITA, 'ADALIMUMAB', 40 mg/.4mL,SUBCUTANEOUS',"['Antibodies', 'Monoclonal [CS]', 'Tumor Necrosis Factor Blocker [EPC]', 'Tumor Necrosis Factor Receptor Blocking Activity [MoA]']",55513-479-01,1 SYRINGE in 1 CARTON (55513-479-01)  / .4 mL in 1 SYRINGE,8/14/2023,12/31/2025,FALSE,TRUE
483,55513-479,adalimumab-atto,Amgen Inc,AMJEVITA,BLA,INJECTION,48aaec9b-c0c0-4b85-87e3-9bf0eaca87c7,HUMAN PRESCRIPTION DRUG,55513-479_48aaec9b-c0c0-4b85-87e3-9bf0eaca87c7,BLA761024,AMJEVITA, 'ADALIMUMAB', 40 mg/.4mL,SUBCUTANEOUS',"['Antibodies', 'Monoclonal [CS]', 'Tumor Necrosis Factor Blocker [EPC]', 'Tumor Necrosis Factor Receptor Blocking Activity [MoA]']",55513-479-02,2 SYRINGE in 1 CARTON (55513-479-02)  / .4 mL in 1 SYRINGE,8/14/2023,12/31/2025,FALSE,TRUE
484,55513-479,adalimumab-atto,Amgen Inc,AMJEVITA,BLA,INJECTION,48aaec9b-c0c0-4b85-87e3-9bf0eaca87c7,HUMAN PRESCRIPTION DRUG,55513-479_48aaec9b-c0c0-4b85-87e3-9bf0eaca87c7,BLA761024,AMJEVITA, 'ADALIMUMAB', 40 mg/.4mL,SUBCUTANEOUS',"['Antibodies', 'Monoclonal [CS]', 'Tumor Necrosis Factor Blocker [EPC]', 'Tumor Necrosis Factor Receptor Blocking Activity [MoA]']",55513-479-01,1 SYRINGE in 1 CARTON (55513-479-01)  / .4 mL in 1 SYRINGE,8/14/2023,12/31/2025,FALSE,TRUE
485,55513-479,adalimumab-atto,Amgen Inc,AMJEVITA,BLA,INJECTION,48aaec9b-c0c0-4b85-87e3-9bf0eaca87c7,HUMAN PRESCRIPTION DRUG,55513-479_48aaec9b-c0c0-4b85-87e3-9bf0eaca87c7,BLA761024,AMJEVITA, 'ADALIMUMAB', 40 mg/.4mL,SUBCUTANEOUS',"['Antibodies', 'Monoclonal [CS]', 'Tumor Necrosis Factor Blocker [EPC]', 'Tumor Necrosis Factor Receptor Blocking Activity [MoA]']",55513-479-02,2 SYRINGE in 1 CARTON (55513-479-02)  / .4 mL in 1 SYRINGE,8/14/2023,12/31/2025,FALSE,TRUE
486,55513-479,adalimumab-atto,Amgen Inc,AMJEVITA,BLA,INJECTION,48aaec9b-c0c0-4b85-87e3-9bf0eaca87c7,HUMAN PRESCRIPTION DRUG,55513-479_48aaec9b-c0c0-4b85-87e3-9bf0eaca87c7,BLA761024,AMJEVITA, 'ADALIMUMAB', 40 mg/.4mL,SUBCUTANEOUS',"['Antibodies', 'Monoclonal [CS]', 'Tumor Necrosis Factor Blocker [EPC]', 'Tumor Necrosis Factor Receptor Blocking Activity [MoA]']",55513-479-01,1 SYRINGE in 1 CARTON (55513-479-01)  / .4 mL in 1 SYRINGE,8/14/2023,12/31/2025,FALSE,TRUE
487,55513-479,adalimumab-atto,Amgen Inc,AMJEVITA,BLA,INJECTION,48aaec9b-c0c0-4b85-87e3-9bf0eaca87c7,HUMAN PRESCRIPTION DRUG,55513-479_48aaec9b-c0c0-4b85-87e3-9bf0eaca87c7,BLA761024,AMJEVITA, 'ADALIMUMAB', 40 mg/.4mL,SUBCUTANEOUS',"['Antibodies', 'Monoclonal [CS]', 'Tumor Necrosis Factor Blocker [EPC]', 'Tumor Necrosis Factor Receptor Blocking Activity [MoA]']",55513-479-02,2 SYRINGE in 1 CARTON (55513-479-02)  / .4 mL in 1 SYRINGE,8/14/2023,12/31/2025,FALSE,TRUE
488,55513-479,adalimumab-atto,Amgen Inc,AMJEVITA,BLA,INJECTION,48aaec9b-c0c0-4b85-87e3-9bf0eaca87c7,HUMAN PRESCRIPTION DRUG,55513-479_48aaec9b-c0c0-4b85-87e3-9bf0eaca87c7,BLA761024,AMJEVITA, 'ADALIMUMAB', 40 mg/.4mL,SUBCUTANEOUS',"['Antibodies', 'Monoclonal [CS]', 'Tumor Necrosis Factor Blocker [EPC]', 'Tumor Necrosis Factor Receptor Blocking Activity [MoA]']",55513-479-01,1 SYRINGE in 1 CARTON (55513-479-01)  / .4 mL in 1 SYRINGE,8/14/2023,12/31/2025,FALSE,TRUE
489,55513-479,adalimumab-atto,Amgen Inc,AMJEVITA,BLA,INJECTION,48aaec9b-c0c0-4b85-87e3-9bf0eaca87c7,HUMAN PRESCRIPTION DRUG,55513-479_48aaec9b-c0c0-4b85-87e3-9bf0eaca87c7,BLA761024,AMJEVITA, 'ADALIMUMAB', 40 mg/.4mL,SUBCUTANEOUS',"['Antibodies', 'Monoclonal [CS]', 'Tumor Necrosis Factor Blocker [EPC]', 'Tumor Necrosis Factor Receptor Blocking Activity [MoA]']",55513-479-02,2 SYRINGE in 1 CARTON (55513-479-02)  / .4 mL in 1 SYRINGE,8/14/2023,12/31/2025,FALSE,TRUE
490,55513-479,adalimumab-atto,Amgen Inc,AMJEVITA,BLA,INJECTION,48aaec9b-c0c0-4b85-87e3-9bf0eaca87c7,HUMAN PRESCRIPTION DRUG,55513-479_48aaec9b-c0c0-4b85-87e3-9bf0eaca87c7,BLA761024,AMJEVITA, 'ADALIMUMAB', 40 mg/.4mL,SUBCUTANEOUS',"['Antibodies', 'Monoclonal [CS]', 'Tumor Necrosis Factor Blocker [EPC]', 'Tumor Necrosis Factor Receptor Blocking Activity [MoA]']",55513-479-01,1 SYRINGE in 1 CARTON (55513-479-01)  / .4 mL in 1 SYRINGE,8/14/2023,12/31/2025,FALSE,TRUE
491,55513-479,adalimumab-atto,Amgen Inc,AMJEVITA,BLA,INJECTION,48aaec9b-c0c0-4b85-87e3-9bf0eaca87c7,HUMAN PRESCRIPTION DRUG,55513-479_48aaec9b-c0c0-4b85-87e3-9bf0eaca87c7,BLA761024,AMJEVITA, 'ADALIMUMAB', 40 mg/.4mL,SUBCUTANEOUS',"['Antibodies', 'Monoclonal [CS]', 'Tumor Necrosis Factor Blocker [EPC]', 'Tumor Necrosis Factor Receptor Blocking Activity [MoA]']",55513-479-02,2 SYRINGE in 1 CARTON (55513-479-02)  / .4 mL in 1 SYRINGE,8/14/2023,12/31/2025,FALSE,TRUE
492,55513-479,adalimumab-atto,Amgen Inc,AMJEVITA,BLA,INJECTION,48aaec9b-c0c0-4b85-87e3-9bf0eaca87c7,HUMAN PRESCRIPTION DRUG,55513-479_48aaec9b-c0c0-4b85-87e3-9bf0eaca87c7,BLA761024,AMJEVITA, 'ADALIMUMAB', 40 mg/.4mL,SUBCUTANEOUS',"['Antibodies', 'Monoclonal [CS]', 'Tumor Necrosis Factor Blocker [EPC]', 'Tumor Necrosis Factor Receptor Blocking Activity [MoA]']",55513-479-01,1 SYRINGE in 1 CARTON (55513-479-01)  / .4 mL in 1 SYRINGE,8/14/2023,12/31/2025,FALSE,TRUE
493,55513-479,adalimumab-atto,Amgen Inc,AMJEVITA,BLA,INJECTION,48aaec9b-c0c0-4b85-87e3-9bf0eaca87c7,HUMAN PRESCRIPTION DRUG,55513-479_48aaec9b-c0c0-4b85-87e3-9bf0eaca87c7,BLA761024,AMJEVITA, 'ADALIMUMAB', 40 mg/.4mL,SUBCUTANEOUS',"['Antibodies', 'Monoclonal [CS]', 'Tumor Necrosis Factor Blocker [EPC]', 'Tumor Necrosis Factor Receptor Blocking Activity [MoA]']",55513-479-02,2 SYRINGE in 1 CARTON (55513-479-02)  / .4 mL in 1 SYRINGE,8/14/2023,12/31/2025,FALSE,TRUE
494,55513-479,adalimumab-atto,Amgen Inc,AMJEVITA,BLA,INJECTION,48aaec9b-c0c0-4b85-87e3-9bf0eaca87c7,HUMAN PRESCRIPTION DRUG,55513-479_48aaec9b-c0c0-4b85-87e3-9bf0eaca87c7,BLA761024,AMJEVITA, 'ADALIMUMAB', 40 mg/.4mL,SUBCUTANEOUS',"['Antibodies', 'Monoclonal [CS]', 'Tumor Necrosis Factor Blocker [EPC]', 'Tumor Necrosis Factor Receptor Blocking Activity [MoA]']",55513-479-01,1 SYRINGE in 1 CARTON (55513-479-01)  / .4 mL in 1 SYRINGE,8/14/2023,12/31/2025,FALSE,TRUE
495,55513-479,adalimumab-atto,Amgen Inc,AMJEVITA,BLA,INJECTION,48aaec9b-c0c0-4b85-87e3-9bf0eaca87c7,HUMAN PRESCRIPTION DRUG,55513-479_48aaec9b-c0c0-4b85-87e3-9bf0eaca87c7,BLA761024,AMJEVITA, 'ADALIMUMAB', 40 mg/.4mL,SUBCUTANEOUS',"['Antibodies', 'Monoclonal [CS]', 'Tumor Necrosis Factor Blocker [EPC]', 'Tumor Necrosis Factor Receptor Blocking Activity [MoA]']",55513-479-02,2 SYRINGE in 1 CARTON (55513-479-02)  / .4 mL in 1 SYRINGE,8/14/2023,12/31/2025,FALSE,TRUE
496,55513-480,adalimumab-atto,Amgen Inc,AMJEVITA,BLA,INJECTION,48aaec9b-c0c0-4b85-87e3-9bf0eaca87c7,HUMAN PRESCRIPTION DRUG,55513-480_48aaec9b-c0c0-4b85-87e3-9bf0eaca87c7,BLA761024,AMJEVITA, 'ADALIMUMAB', 80 mg/.8mL,SUBCUTANEOUS',"['Antibodies', 'Monoclonal [CS]', 'Tumor Necrosis Factor Blocker [EPC]', 'Tumor Necrosis Factor Receptor Blocking Activity [MoA]']",55513-480-01,1 SYRINGE in 1 CARTON (55513-480-01)  / .8 mL in 1 SYRINGE,8/14/2023,12/31/2025,FALSE,TRUE
497,55513-480,adalimumab-atto,Amgen Inc,AMJEVITA,BLA,INJECTION,48aaec9b-c0c0-4b85-87e3-9bf0eaca87c7,HUMAN PRESCRIPTION DRUG,55513-480_48aaec9b-c0c0-4b85-87e3-9bf0eaca87c7,BLA761024,AMJEVITA, 'ADALIMUMAB', 80 mg/.8mL,SUBCUTANEOUS',"['Antibodies', 'Monoclonal [CS]', 'Tumor Necrosis Factor Blocker [EPC]', 'Tumor Necrosis Factor Receptor Blocking Activity [MoA]']",55513-480-02,2 SYRINGE in 1 CARTON (55513-480-02)  / .8 mL in 1 SYRINGE,8/14/2023,12/31/2025,FALSE,TRUE
498,55513-480,adalimumab-atto,Amgen Inc,AMJEVITA,BLA,INJECTION,48aaec9b-c0c0-4b85-87e3-9bf0eaca87c7,HUMAN PRESCRIPTION DRUG,55513-480_48aaec9b-c0c0-4b85-87e3-9bf0eaca87c7,BLA761024,AMJEVITA, 'ADALIMUMAB', 80 mg/.8mL,SUBCUTANEOUS',"['Antibodies', 'Monoclonal [CS]', 'Tumor Necrosis Factor Blocker [EPC]', 'Tumor Necrosis Factor Receptor Blocking Activity [MoA]']",55513-480-01,1 SYRINGE in 1 CARTON (55513-480-01)  / .8 mL in 1 SYRINGE,8/14/2023,12/31/2025,FALSE,TRUE
499,55513-480,adalimumab-atto,Amgen Inc,AMJEVITA,BLA,INJECTION,48aaec9b-c0c0-4b85-87e3-9bf0eaca87c7,HUMAN PRESCRIPTION DRUG,55513-480_48aaec9b-c0c0-4b85-87e3-9bf0eaca87c7,BLA761024,AMJEVITA, 'ADALIMUMAB', 80 mg/.8mL,SUBCUTANEOUS',"['Antibodies', 'Monoclonal [CS]', 'Tumor Necrosis Factor Blocker [EPC]', 'Tumor Necrosis Factor Receptor Blocking Activity [MoA]']",55513-480-02,2 SYRINGE in 1 CARTON (55513-480-02)  / .8 mL in 1 SYRINGE,8/14/2023,12/31/2025,FALSE,TRUE
500,55513-480,adalimumab-atto,Amgen Inc,AMJEVITA,BLA,INJECTION,48aaec9b-c0c0-4b85-87e3-9bf0eaca87c7,HUMAN PRESCRIPTION DRUG,55513-480_48aaec9b-c0c0-4b85-87e3-9bf0eaca87c7,BLA761024,AMJEVITA, 'ADALIMUMAB', 80 mg/.8mL,SUBCUTANEOUS',"['Antibodies', 'Monoclonal [CS]', 'Tumor Necrosis Factor Blocker [EPC]', 'Tumor Necrosis Factor Receptor Blocking Activity [MoA]']",55513-480-01,1 SYRINGE in 1 CARTON (55513-480-01)  / .8 mL in 1 SYRINGE,8/14/2023,12/31/2025,FALSE,TRUE
501,55513-480,adalimumab-atto,Amgen Inc,AMJEVITA,BLA,INJECTION,48aaec9b-c0c0-4b85-87e3-9bf0eaca87c7,HUMAN PRESCRIPTION DRUG,55513-480_48aaec9b-c0c0-4b85-87e3-9bf0eaca87c7,BLA761024,AMJEVITA, 'ADALIMUMAB', 80 mg/.8mL,SUBCUTANEOUS',"['Antibodies', 'Monoclonal [CS]', 'Tumor Necrosis Factor Blocker [EPC]', 'Tumor Necrosis Factor Receptor Blocking Activity [MoA]']",55513-480-02,2 SYRINGE in 1 CARTON (55513-480-02)  / .8 mL in 1 SYRINGE,8/14/2023,12/31/2025,FALSE,TRUE
502,55513-480,adalimumab-atto,Amgen Inc,AMJEVITA,BLA,INJECTION,48aaec9b-c0c0-4b85-87e3-9bf0eaca87c7,HUMAN PRESCRIPTION DRUG,55513-480_48aaec9b-c0c0-4b85-87e3-9bf0eaca87c7,BLA761024,AMJEVITA, 'ADALIMUMAB', 80 mg/.8mL,SUBCUTANEOUS',"['Antibodies', 'Monoclonal [CS]', 'Tumor Necrosis Factor Blocker [EPC]', 'Tumor Necrosis Factor Receptor Blocking Activity [MoA]']",55513-480-01,1 SYRINGE in 1 CARTON (55513-480-01)  / .8 mL in 1 SYRINGE,8/14/2023,12/31/2025,FALSE,TRUE
503,55513-480,adalimumab-atto,Amgen Inc,AMJEVITA,BLA,INJECTION,48aaec9b-c0c0-4b85-87e3-9bf0eaca87c7,HUMAN PRESCRIPTION DRUG,55513-480_48aaec9b-c0c0-4b85-87e3-9bf0eaca87c7,BLA761024,AMJEVITA, 'ADALIMUMAB', 80 mg/.8mL,SUBCUTANEOUS',"['Antibodies', 'Monoclonal [CS]', 'Tumor Necrosis Factor Blocker [EPC]', 'Tumor Necrosis Factor Receptor Blocking Activity [MoA]']",55513-480-02,2 SYRINGE in 1 CARTON (55513-480-02)  / .8 mL in 1 SYRINGE,8/14/2023,12/31/2025,FALSE,TRUE
504,55513-480,adalimumab-atto,Amgen Inc,AMJEVITA,BLA,INJECTION,48aaec9b-c0c0-4b85-87e3-9bf0eaca87c7,HUMAN PRESCRIPTION DRUG,55513-480_48aaec9b-c0c0-4b85-87e3-9bf0eaca87c7,BLA761024,AMJEVITA, 'ADALIMUMAB', 80 mg/.8mL,SUBCUTANEOUS',"['Antibodies', 'Monoclonal [CS]', 'Tumor Necrosis Factor Blocker [EPC]', 'Tumor Necrosis Factor Receptor Blocking Activity [MoA]']",55513-480-01,1 SYRINGE in 1 CARTON (55513-480-01)  / .8 mL in 1 SYRINGE,8/14/2023,12/31/2025,FALSE,TRUE
505,55513-480,adalimumab-atto,Amgen Inc,AMJEVITA,BLA,INJECTION,48aaec9b-c0c0-4b85-87e3-9bf0eaca87c7,HUMAN PRESCRIPTION DRUG,55513-480_48aaec9b-c0c0-4b85-87e3-9bf0eaca87c7,BLA761024,AMJEVITA, 'ADALIMUMAB', 80 mg/.8mL,SUBCUTANEOUS',"['Antibodies', 'Monoclonal [CS]', 'Tumor Necrosis Factor Blocker [EPC]', 'Tumor Necrosis Factor Receptor Blocking Activity [MoA]']",55513-480-02,2 SYRINGE in 1 CARTON (55513-480-02)  / .8 mL in 1 SYRINGE,8/14/2023,12/31/2025,FALSE,TRUE
506,55513-480,adalimumab-atto,Amgen Inc,AMJEVITA,BLA,INJECTION,48aaec9b-c0c0-4b85-87e3-9bf0eaca87c7,HUMAN PRESCRIPTION DRUG,55513-480_48aaec9b-c0c0-4b85-87e3-9bf0eaca87c7,BLA761024,AMJEVITA, 'ADALIMUMAB', 80 mg/.8mL,SUBCUTANEOUS',"['Antibodies', 'Monoclonal [CS]', 'Tumor Necrosis Factor Blocker [EPC]', 'Tumor Necrosis Factor Receptor Blocking Activity [MoA]']",55513-480-01,1 SYRINGE in 1 CARTON (55513-480-01)  / .8 mL in 1 SYRINGE,8/14/2023,12/31/2025,FALSE,TRUE
507,55513-480,adalimumab-atto,Amgen Inc,AMJEVITA,BLA,INJECTION,48aaec9b-c0c0-4b85-87e3-9bf0eaca87c7,HUMAN PRESCRIPTION DRUG,55513-480_48aaec9b-c0c0-4b85-87e3-9bf0eaca87c7,BLA761024,AMJEVITA, 'ADALIMUMAB', 80 mg/.8mL,SUBCUTANEOUS',"['Antibodies', 'Monoclonal [CS]', 'Tumor Necrosis Factor Blocker [EPC]', 'Tumor Necrosis Factor Receptor Blocking Activity [MoA]']",55513-480-02,2 SYRINGE in 1 CARTON (55513-480-02)  / .8 mL in 1 SYRINGE,8/14/2023,12/31/2025,FALSE,TRUE
508,55513-480,adalimumab-atto,Amgen Inc,AMJEVITA,BLA,INJECTION,48aaec9b-c0c0-4b85-87e3-9bf0eaca87c7,HUMAN PRESCRIPTION DRUG,55513-480_48aaec9b-c0c0-4b85-87e3-9bf0eaca87c7,BLA761024,AMJEVITA, 'ADALIMUMAB', 80 mg/.8mL,SUBCUTANEOUS',"['Antibodies', 'Monoclonal [CS]', 'Tumor Necrosis Factor Blocker [EPC]', 'Tumor Necrosis Factor Receptor Blocking Activity [MoA]']",55513-480-01,1 SYRINGE in 1 CARTON (55513-480-01)  / .8 mL in 1 SYRINGE,8/14/2023,12/31/2025,FALSE,TRUE
509,55513-480,adalimumab-atto,Amgen Inc,AMJEVITA,BLA,INJECTION,48aaec9b-c0c0-4b85-87e3-9bf0eaca87c7,HUMAN PRESCRIPTION DRUG,55513-480_48aaec9b-c0c0-4b85-87e3-9bf0eaca87c7,BLA761024,AMJEVITA, 'ADALIMUMAB', 80 mg/.8mL,SUBCUTANEOUS',"['Antibodies', 'Monoclonal [CS]', 'Tumor Necrosis Factor Blocker [EPC]', 'Tumor Necrosis Factor Receptor Blocking Activity [MoA]']",55513-480-02,2 SYRINGE in 1 CARTON (55513-480-02)  / .8 mL in 1 SYRINGE,8/14/2023,12/31/2025,FALSE,TRUE
510,55513-480,adalimumab-atto,Amgen Inc,AMJEVITA,BLA,INJECTION,48aaec9b-c0c0-4b85-87e3-9bf0eaca87c7,HUMAN PRESCRIPTION DRUG,55513-480_48aaec9b-c0c0-4b85-87e3-9bf0eaca87c7,BLA761024,AMJEVITA, 'ADALIMUMAB', 80 mg/.8mL,SUBCUTANEOUS',"['Antibodies', 'Monoclonal [CS]', 'Tumor Necrosis Factor Blocker [EPC]', 'Tumor Necrosis Factor Receptor Blocking Activity [MoA]']",55513-480-01,1 SYRINGE in 1 CARTON (55513-480-01)  / .8 mL in 1 SYRINGE,8/14/2023,12/31/2025,FALSE,TRUE
511,55513-480,adalimumab-atto,Amgen Inc,AMJEVITA,BLA,INJECTION,48aaec9b-c0c0-4b85-87e3-9bf0eaca87c7,HUMAN PRESCRIPTION DRUG,55513-480_48aaec9b-c0c0-4b85-87e3-9bf0eaca87c7,BLA761024,AMJEVITA, 'ADALIMUMAB', 80 mg/.8mL,SUBCUTANEOUS',"['Antibodies', 'Monoclonal [CS]', 'Tumor Necrosis Factor Blocker [EPC]', 'Tumor Necrosis Factor Receptor Blocking Activity [MoA]']",55513-480-02,2 SYRINGE in 1 CARTON (55513-480-02)  / .8 mL in 1 SYRINGE,8/14/2023,12/31/2025,FALSE,TRUE
512,55513-480,adalimumab-atto,Amgen Inc,AMJEVITA,BLA,INJECTION,48aaec9b-c0c0-4b85-87e3-9bf0eaca87c7,HUMAN PRESCRIPTION DRUG,55513-480_48aaec9b-c0c0-4b85-87e3-9bf0eaca87c7,BLA761024,AMJEVITA, 'ADALIMUMAB', 80 mg/.8mL,SUBCUTANEOUS',"['Antibodies', 'Monoclonal [CS]', 'Tumor Necrosis Factor Blocker [EPC]', 'Tumor Necrosis Factor Receptor Blocking Activity [MoA]']",55513-480-01,1 SYRINGE in 1 CARTON (55513-480-01)  / .8 mL in 1 SYRINGE,8/14/2023,12/31/2025,FALSE,TRUE
513,55513-480,adalimumab-atto,Amgen Inc,AMJEVITA,BLA,INJECTION,48aaec9b-c0c0-4b85-87e3-9bf0eaca87c7,HUMAN PRESCRIPTION DRUG,55513-480_48aaec9b-c0c0-4b85-87e3-9bf0eaca87c7,BLA761024,AMJEVITA, 'ADALIMUMAB', 80 mg/.8mL,SUBCUTANEOUS',"['Antibodies', 'Monoclonal [CS]', 'Tumor Necrosis Factor Blocker [EPC]', 'Tumor Necrosis Factor Receptor Blocking Activity [MoA]']",55513-480-02,2 SYRINGE in 1 CARTON (55513-480-02)  / .8 mL in 1 SYRINGE,8/14/2023,12/31/2025,FALSE,TRUE
514,55513-481,adalimumab-atto,Amgen Inc,AMJEVITA,BLA,INJECTION,48aaec9b-c0c0-4b85-87e3-9bf0eaca87c7,HUMAN PRESCRIPTION DRUG,55513-481_48aaec9b-c0c0-4b85-87e3-9bf0eaca87c7,BLA761024,AMJEVITA, 'ADALIMUMAB', 80 mg/.8mL,SUBCUTANEOUS',"['Antibodies', 'Monoclonal [CS]', 'Tumor Necrosis Factor Blocker [EPC]', 'Tumor Necrosis Factor Receptor Blocking Activity [MoA]']",55513-481-01,1 SYRINGE in 1 CARTON (55513-481-01)  / .8 mL in 1 SYRINGE,8/14/2023,12/31/2025,FALSE,TRUE
515,55513-481,adalimumab-atto,Amgen Inc,AMJEVITA,BLA,INJECTION,48aaec9b-c0c0-4b85-87e3-9bf0eaca87c7,HUMAN PRESCRIPTION DRUG,55513-481_48aaec9b-c0c0-4b85-87e3-9bf0eaca87c7,BLA761024,AMJEVITA, 'ADALIMUMAB', 80 mg/.8mL,SUBCUTANEOUS',"['Antibodies', 'Monoclonal [CS]', 'Tumor Necrosis Factor Blocker [EPC]', 'Tumor Necrosis Factor Receptor Blocking Activity [MoA]']",55513-481-02,2 SYRINGE in 1 CARTON (55513-481-02)  / .8 mL in 1 SYRINGE,8/14/2023,12/31/2025,FALSE,TRUE
516,55513-481,adalimumab-atto,Amgen Inc,AMJEVITA,BLA,INJECTION,48aaec9b-c0c0-4b85-87e3-9bf0eaca87c7,HUMAN PRESCRIPTION DRUG,55513-481_48aaec9b-c0c0-4b85-87e3-9bf0eaca87c7,BLA761024,AMJEVITA, 'ADALIMUMAB', 80 mg/.8mL,SUBCUTANEOUS',"['Antibodies', 'Monoclonal [CS]', 'Tumor Necrosis Factor Blocker [EPC]', 'Tumor Necrosis Factor Receptor Blocking Activity [MoA]']",55513-481-01,1 SYRINGE in 1 CARTON (55513-481-01)  / .8 mL in 1 SYRINGE,8/14/2023,12/31/2025,FALSE,TRUE
517,55513-481,adalimumab-atto,Amgen Inc,AMJEVITA,BLA,INJECTION,48aaec9b-c0c0-4b85-87e3-9bf0eaca87c7,HUMAN PRESCRIPTION DRUG,55513-481_48aaec9b-c0c0-4b85-87e3-9bf0eaca87c7,BLA761024,AMJEVITA, 'ADALIMUMAB', 80 mg/.8mL,SUBCUTANEOUS',"['Antibodies', 'Monoclonal [CS]', 'Tumor Necrosis Factor Blocker [EPC]', 'Tumor Necrosis Factor Receptor Blocking Activity [MoA]']",55513-481-02,2 SYRINGE in 1 CARTON (55513-481-02)  / .8 mL in 1 SYRINGE,8/14/2023,12/31/2025,FALSE,TRUE
518,55513-481,adalimumab-atto,Amgen Inc,AMJEVITA,BLA,INJECTION,48aaec9b-c0c0-4b85-87e3-9bf0eaca87c7,HUMAN PRESCRIPTION DRUG,55513-481_48aaec9b-c0c0-4b85-87e3-9bf0eaca87c7,BLA761024,AMJEVITA, 'ADALIMUMAB', 80 mg/.8mL,SUBCUTANEOUS',"['Antibodies', 'Monoclonal [CS]', 'Tumor Necrosis Factor Blocker [EPC]', 'Tumor Necrosis Factor Receptor Blocking Activity [MoA]']",55513-481-01,1 SYRINGE in 1 CARTON (55513-481-01)  / .8 mL in 1 SYRINGE,8/14/2023,12/31/2025,FALSE,TRUE
519,55513-481,adalimumab-atto,Amgen Inc,AMJEVITA,BLA,INJECTION,48aaec9b-c0c0-4b85-87e3-9bf0eaca87c7,HUMAN PRESCRIPTION DRUG,55513-481_48aaec9b-c0c0-4b85-87e3-9bf0eaca87c7,BLA761024,AMJEVITA, 'ADALIMUMAB', 80 mg/.8mL,SUBCUTANEOUS',"['Antibodies', 'Monoclonal [CS]', 'Tumor Necrosis Factor Blocker [EPC]', 'Tumor Necrosis Factor Receptor Blocking Activity [MoA]']",55513-481-02,2 SYRINGE in 1 CARTON (55513-481-02)  / .8 mL in 1 SYRINGE,8/14/2023,12/31/2025,FALSE,TRUE
520,55513-481,adalimumab-atto,Amgen Inc,AMJEVITA,BLA,INJECTION,48aaec9b-c0c0-4b85-87e3-9bf0eaca87c7,HUMAN PRESCRIPTION DRUG,55513-481_48aaec9b-c0c0-4b85-87e3-9bf0eaca87c7,BLA761024,AMJEVITA, 'ADALIMUMAB', 80 mg/.8mL,SUBCUTANEOUS',"['Antibodies', 'Monoclonal [CS]', 'Tumor Necrosis Factor Blocker [EPC]', 'Tumor Necrosis Factor Receptor Blocking Activity [MoA]']",55513-481-01,1 SYRINGE in 1 CARTON (55513-481-01)  / .8 mL in 1 SYRINGE,8/14/2023,12/31/2025,FALSE,TRUE
521,55513-481,adalimumab-atto,Amgen Inc,AMJEVITA,BLA,INJECTION,48aaec9b-c0c0-4b85-87e3-9bf0eaca87c7,HUMAN PRESCRIPTION DRUG,55513-481_48aaec9b-c0c0-4b85-87e3-9bf0eaca87c7,BLA761024,AMJEVITA, 'ADALIMUMAB', 80 mg/.8mL,SUBCUTANEOUS',"['Antibodies', 'Monoclonal [CS]', 'Tumor Necrosis Factor Blocker [EPC]', 'Tumor Necrosis Factor Receptor Blocking Activity [MoA]']",55513-481-02,2 SYRINGE in 1 CARTON (55513-481-02)  / .8 mL in 1 SYRINGE,8/14/2023,12/31/2025,FALSE,TRUE
522,55513-481,adalimumab-atto,Amgen Inc,AMJEVITA,BLA,INJECTION,48aaec9b-c0c0-4b85-87e3-9bf0eaca87c7,HUMAN PRESCRIPTION DRUG,55513-481_48aaec9b-c0c0-4b85-87e3-9bf0eaca87c7,BLA761024,AMJEVITA, 'ADALIMUMAB', 80 mg/.8mL,SUBCUTANEOUS',"['Antibodies', 'Monoclonal [CS]', 'Tumor Necrosis Factor Blocker [EPC]', 'Tumor Necrosis Factor Receptor Blocking Activity [MoA]']",55513-481-01,1 SYRINGE in 1 CARTON (55513-481-01)  / .8 mL in 1 SYRINGE,8/14/2023,12/31/2025,FALSE,TRUE
523,55513-481,adalimumab-atto,Amgen Inc,AMJEVITA,BLA,INJECTION,48aaec9b-c0c0-4b85-87e3-9bf0eaca87c7,HUMAN PRESCRIPTION DRUG,55513-481_48aaec9b-c0c0-4b85-87e3-9bf0eaca87c7,BLA761024,AMJEVITA, 'ADALIMUMAB', 80 mg/.8mL,SUBCUTANEOUS',"['Antibodies', 'Monoclonal [CS]', 'Tumor Necrosis Factor Blocker [EPC]', 'Tumor Necrosis Factor Receptor Blocking Activity [MoA]']",55513-481-02,2 SYRINGE in 1 CARTON (55513-481-02)  / .8 mL in 1 SYRINGE,8/14/2023,12/31/2025,FALSE,TRUE
524,55513-481,adalimumab-atto,Amgen Inc,AMJEVITA,BLA,INJECTION,48aaec9b-c0c0-4b85-87e3-9bf0eaca87c7,HUMAN PRESCRIPTION DRUG,55513-481_48aaec9b-c0c0-4b85-87e3-9bf0eaca87c7,BLA761024,AMJEVITA, 'ADALIMUMAB', 80 mg/.8mL,SUBCUTANEOUS',"['Antibodies', 'Monoclonal [CS]', 'Tumor Necrosis Factor Blocker [EPC]', 'Tumor Necrosis Factor Receptor Blocking Activity [MoA]']",55513-481-01,1 SYRINGE in 1 CARTON (55513-481-01)  / .8 mL in 1 SYRINGE,8/14/2023,12/31/2025,FALSE,TRUE
525,55513-481,adalimumab-atto,Amgen Inc,AMJEVITA,BLA,INJECTION,48aaec9b-c0c0-4b85-87e3-9bf0eaca87c7,HUMAN PRESCRIPTION DRUG,55513-481_48aaec9b-c0c0-4b85-87e3-9bf0eaca87c7,BLA761024,AMJEVITA, 'ADALIMUMAB', 80 mg/.8mL,SUBCUTANEOUS',"['Antibodies', 'Monoclonal [CS]', 'Tumor Necrosis Factor Blocker [EPC]', 'Tumor Necrosis Factor Receptor Blocking Activity [MoA]']",55513-481-02,2 SYRINGE in 1 CARTON (55513-481-02)  / .8 mL in 1 SYRINGE,8/14/2023,12/31/2025,FALSE,TRUE
526,55513-481,adalimumab-atto,Amgen Inc,AMJEVITA,BLA,INJECTION,48aaec9b-c0c0-4b85-87e3-9bf0eaca87c7,HUMAN PRESCRIPTION DRUG,55513-481_48aaec9b-c0c0-4b85-87e3-9bf0eaca87c7,BLA761024,AMJEVITA, 'ADALIMUMAB', 80 mg/.8mL,SUBCUTANEOUS',"['Antibodies', 'Monoclonal [CS]', 'Tumor Necrosis Factor Blocker [EPC]', 'Tumor Necrosis Factor Receptor Blocking Activity [MoA]']",55513-481-01,1 SYRINGE in 1 CARTON (55513-481-01)  / .8 mL in 1 SYRINGE,8/14/2023,12/31/2025,FALSE,TRUE
527,55513-481,adalimumab-atto,Amgen Inc,AMJEVITA,BLA,INJECTION,48aaec9b-c0c0-4b85-87e3-9bf0eaca87c7,HUMAN PRESCRIPTION DRUG,55513-481_48aaec9b-c0c0-4b85-87e3-9bf0eaca87c7,BLA761024,AMJEVITA, 'ADALIMUMAB', 80 mg/.8mL,SUBCUTANEOUS',"['Antibodies', 'Monoclonal [CS]', 'Tumor Necrosis Factor Blocker [EPC]', 'Tumor Necrosis Factor Receptor Blocking Activity [MoA]']",55513-481-02,2 SYRINGE in 1 CARTON (55513-481-02)  / .8 mL in 1 SYRINGE,8/14/2023,12/31/2025,FALSE,TRUE
528,55513-481,adalimumab-atto,Amgen Inc,AMJEVITA,BLA,INJECTION,48aaec9b-c0c0-4b85-87e3-9bf0eaca87c7,HUMAN PRESCRIPTION DRUG,55513-481_48aaec9b-c0c0-4b85-87e3-9bf0eaca87c7,BLA761024,AMJEVITA, 'ADALIMUMAB', 80 mg/.8mL,SUBCUTANEOUS',"['Antibodies', 'Monoclonal [CS]', 'Tumor Necrosis Factor Blocker [EPC]', 'Tumor Necrosis Factor Receptor Blocking Activity [MoA]']",55513-481-01,1 SYRINGE in 1 CARTON (55513-481-01)  / .8 mL in 1 SYRINGE,8/14/2023,12/31/2025,FALSE,TRUE
529,55513-481,adalimumab-atto,Amgen Inc,AMJEVITA,BLA,INJECTION,48aaec9b-c0c0-4b85-87e3-9bf0eaca87c7,HUMAN PRESCRIPTION DRUG,55513-481_48aaec9b-c0c0-4b85-87e3-9bf0eaca87c7,BLA761024,AMJEVITA, 'ADALIMUMAB', 80 mg/.8mL,SUBCUTANEOUS',"['Antibodies', 'Monoclonal [CS]', 'Tumor Necrosis Factor Blocker [EPC]', 'Tumor Necrosis Factor Receptor Blocking Activity [MoA]']",55513-481-02,2 SYRINGE in 1 CARTON (55513-481-02)  / .8 mL in 1 SYRINGE,8/14/2023,12/31/2025,FALSE,TRUE
530,55513-481,adalimumab-atto,Amgen Inc,AMJEVITA,BLA,INJECTION,48aaec9b-c0c0-4b85-87e3-9bf0eaca87c7,HUMAN PRESCRIPTION DRUG,55513-481_48aaec9b-c0c0-4b85-87e3-9bf0eaca87c7,BLA761024,AMJEVITA, 'ADALIMUMAB', 80 mg/.8mL,SUBCUTANEOUS',"['Antibodies', 'Monoclonal [CS]', 'Tumor Necrosis Factor Blocker [EPC]', 'Tumor Necrosis Factor Receptor Blocking Activity [MoA]']",55513-481-01,1 SYRINGE in 1 CARTON (55513-481-01)  / .8 mL in 1 SYRINGE,8/14/2023,12/31/2025,FALSE,TRUE
531,55513-481,adalimumab-atto,Amgen Inc,AMJEVITA,BLA,INJECTION,48aaec9b-c0c0-4b85-87e3-9bf0eaca87c7,HUMAN PRESCRIPTION DRUG,55513-481_48aaec9b-c0c0-4b85-87e3-9bf0eaca87c7,BLA761024,AMJEVITA, 'ADALIMUMAB', 80 mg/.8mL,SUBCUTANEOUS',"['Antibodies', 'Monoclonal [CS]', 'Tumor Necrosis Factor Blocker [EPC]', 'Tumor Necrosis Factor Receptor Blocking Activity [MoA]']",55513-481-02,2 SYRINGE in 1 CARTON (55513-481-02)  / .8 mL in 1 SYRINGE,8/14/2023,12/31/2025,FALSE,TRUE
532,55513-482,adalimumab-atto,Amgen Inc,AMJEVITA,BLA,INJECTION,48aaec9b-c0c0-4b85-87e3-9bf0eaca87c7,HUMAN PRESCRIPTION DRUG,55513-482_48aaec9b-c0c0-4b85-87e3-9bf0eaca87c7,BLA761024,AMJEVITA, 'ADALIMUMAB', 40 mg/.4mL,SUBCUTANEOUS',"['Antibodies', 'Monoclonal [CS]', 'Tumor Necrosis Factor Blocker [EPC]', 'Tumor Necrosis Factor Receptor Blocking Activity [MoA]']",55513-482-01,1 SYRINGE in 1 CARTON (55513-482-01)  / .4 mL in 1 SYRINGE,8/14/2023,12/31/2025,FALSE,TRUE
533,55513-482,adalimumab-atto,Amgen Inc,AMJEVITA,BLA,INJECTION,48aaec9b-c0c0-4b85-87e3-9bf0eaca87c7,HUMAN PRESCRIPTION DRUG,55513-482_48aaec9b-c0c0-4b85-87e3-9bf0eaca87c7,BLA761024,AMJEVITA, 'ADALIMUMAB', 40 mg/.4mL,SUBCUTANEOUS',"['Antibodies', 'Monoclonal [CS]', 'Tumor Necrosis Factor Blocker [EPC]', 'Tumor Necrosis Factor Receptor Blocking Activity [MoA]']",55513-482-02,2 SYRINGE in 1 CARTON (55513-482-02)  / .4 mL in 1 SYRINGE,8/14/2023,12/31/2025,FALSE,TRUE
534,55513-482,adalimumab-atto,Amgen Inc,AMJEVITA,BLA,INJECTION,48aaec9b-c0c0-4b85-87e3-9bf0eaca87c7,HUMAN PRESCRIPTION DRUG,55513-482_48aaec9b-c0c0-4b85-87e3-9bf0eaca87c7,BLA761024,AMJEVITA, 'ADALIMUMAB', 40 mg/.4mL,SUBCUTANEOUS',"['Antibodies', 'Monoclonal [CS]', 'Tumor Necrosis Factor Blocker [EPC]', 'Tumor Necrosis Factor Receptor Blocking Activity [MoA]']",55513-482-01,1 SYRINGE in 1 CARTON (55513-482-01)  / .4 mL in 1 SYRINGE,8/14/2023,12/31/2025,FALSE,TRUE
535,55513-482,adalimumab-atto,Amgen Inc,AMJEVITA,BLA,INJECTION,48aaec9b-c0c0-4b85-87e3-9bf0eaca87c7,HUMAN PRESCRIPTION DRUG,55513-482_48aaec9b-c0c0-4b85-87e3-9bf0eaca87c7,BLA761024,AMJEVITA, 'ADALIMUMAB', 40 mg/.4mL,SUBCUTANEOUS',"['Antibodies', 'Monoclonal [CS]', 'Tumor Necrosis Factor Blocker [EPC]', 'Tumor Necrosis Factor Receptor Blocking Activity [MoA]']",55513-482-02,2 SYRINGE in 1 CARTON (55513-482-02)  / .4 mL in 1 SYRINGE,8/14/2023,12/31/2025,FALSE,TRUE
536,55513-482,adalimumab-atto,Amgen Inc,AMJEVITA,BLA,INJECTION,48aaec9b-c0c0-4b85-87e3-9bf0eaca87c7,HUMAN PRESCRIPTION DRUG,55513-482_48aaec9b-c0c0-4b85-87e3-9bf0eaca87c7,BLA761024,AMJEVITA, 'ADALIMUMAB', 40 mg/.4mL,SUBCUTANEOUS',"['Antibodies', 'Monoclonal [CS]', 'Tumor Necrosis Factor Blocker [EPC]', 'Tumor Necrosis Factor Receptor Blocking Activity [MoA]']",55513-482-01,1 SYRINGE in 1 CARTON (55513-482-01)  / .4 mL in 1 SYRINGE,8/14/2023,12/31/2025,FALSE,TRUE
537,55513-482,adalimumab-atto,Amgen Inc,AMJEVITA,BLA,INJECTION,48aaec9b-c0c0-4b85-87e3-9bf0eaca87c7,HUMAN PRESCRIPTION DRUG,55513-482_48aaec9b-c0c0-4b85-87e3-9bf0eaca87c7,BLA761024,AMJEVITA, 'ADALIMUMAB', 40 mg/.4mL,SUBCUTANEOUS',"['Antibodies', 'Monoclonal [CS]', 'Tumor Necrosis Factor Blocker [EPC]', 'Tumor Necrosis Factor Receptor Blocking Activity [MoA]']",55513-482-02,2 SYRINGE in 1 CARTON (55513-482-02)  / .4 mL in 1 SYRINGE,8/14/2023,12/31/2025,FALSE,TRUE
538,55513-482,adalimumab-atto,Amgen Inc,AMJEVITA,BLA,INJECTION,48aaec9b-c0c0-4b85-87e3-9bf0eaca87c7,HUMAN PRESCRIPTION DRUG,55513-482_48aaec9b-c0c0-4b85-87e3-9bf0eaca87c7,BLA761024,AMJEVITA, 'ADALIMUMAB', 40 mg/.4mL,SUBCUTANEOUS',"['Antibodies', 'Monoclonal [CS]', 'Tumor Necrosis Factor Blocker [EPC]', 'Tumor Necrosis Factor Receptor Blocking Activity [MoA]']",55513-482-01,1 SYRINGE in 1 CARTON (55513-482-01)  / .4 mL in 1 SYRINGE,8/14/2023,12/31/2025,FALSE,TRUE
539,55513-482,adalimumab-atto,Amgen Inc,AMJEVITA,BLA,INJECTION,48aaec9b-c0c0-4b85-87e3-9bf0eaca87c7,HUMAN PRESCRIPTION DRUG,55513-482_48aaec9b-c0c0-4b85-87e3-9bf0eaca87c7,BLA761024,AMJEVITA, 'ADALIMUMAB', 40 mg/.4mL,SUBCUTANEOUS',"['Antibodies', 'Monoclonal [CS]', 'Tumor Necrosis Factor Blocker [EPC]', 'Tumor Necrosis Factor Receptor Blocking Activity [MoA]']",55513-482-02,2 SYRINGE in 1 CARTON (55513-482-02)  / .4 mL in 1 SYRINGE,8/14/2023,12/31/2025,FALSE,TRUE
540,55513-482,adalimumab-atto,Amgen Inc,AMJEVITA,BLA,INJECTION,48aaec9b-c0c0-4b85-87e3-9bf0eaca87c7,HUMAN PRESCRIPTION DRUG,55513-482_48aaec9b-c0c0-4b85-87e3-9bf0eaca87c7,BLA761024,AMJEVITA, 'ADALIMUMAB', 40 mg/.4mL,SUBCUTANEOUS',"['Antibodies', 'Monoclonal [CS]', 'Tumor Necrosis Factor Blocker [EPC]', 'Tumor Necrosis Factor Receptor Blocking Activity [MoA]']",55513-482-01,1 SYRINGE in 1 CARTON (55513-482-01)  / .4 mL in 1 SYRINGE,8/14/2023,12/31/2025,FALSE,TRUE
541,55513-482,adalimumab-atto,Amgen Inc,AMJEVITA,BLA,INJECTION,48aaec9b-c0c0-4b85-87e3-9bf0eaca87c7,HUMAN PRESCRIPTION DRUG,55513-482_48aaec9b-c0c0-4b85-87e3-9bf0eaca87c7,BLA761024,AMJEVITA, 'ADALIMUMAB', 40 mg/.4mL,SUBCUTANEOUS',"['Antibodies', 'Monoclonal [CS]', 'Tumor Necrosis Factor Blocker [EPC]', 'Tumor Necrosis Factor Receptor Blocking Activity [MoA]']",55513-482-02,2 SYRINGE in 1 CARTON (55513-482-02)  / .4 mL in 1 SYRINGE,8/14/2023,12/31/2025,FALSE,TRUE
542,55513-482,adalimumab-atto,Amgen Inc,AMJEVITA,BLA,INJECTION,48aaec9b-c0c0-4b85-87e3-9bf0eaca87c7,HUMAN PRESCRIPTION DRUG,55513-482_48aaec9b-c0c0-4b85-87e3-9bf0eaca87c7,BLA761024,AMJEVITA, 'ADALIMUMAB', 40 mg/.4mL,SUBCUTANEOUS',"['Antibodies', 'Monoclonal [CS]', 'Tumor Necrosis Factor Blocker [EPC]', 'Tumor Necrosis Factor Receptor Blocking Activity [MoA]']",55513-482-01,1 SYRINGE in 1 CARTON (55513-482-01)  / .4 mL in 1 SYRINGE,8/14/2023,12/31/2025,FALSE,TRUE
543,55513-482,adalimumab-atto,Amgen Inc,AMJEVITA,BLA,INJECTION,48aaec9b-c0c0-4b85-87e3-9bf0eaca87c7,HUMAN PRESCRIPTION DRUG,55513-482_48aaec9b-c0c0-4b85-87e3-9bf0eaca87c7,BLA761024,AMJEVITA, 'ADALIMUMAB', 40 mg/.4mL,SUBCUTANEOUS',"['Antibodies', 'Monoclonal [CS]', 'Tumor Necrosis Factor Blocker [EPC]', 'Tumor Necrosis Factor Receptor Blocking Activity [MoA]']",55513-482-02,2 SYRINGE in 1 CARTON (55513-482-02)  / .4 mL in 1 SYRINGE,8/14/2023,12/31/2025,FALSE,TRUE
544,55513-482,adalimumab-atto,Amgen Inc,AMJEVITA,BLA,INJECTION,48aaec9b-c0c0-4b85-87e3-9bf0eaca87c7,HUMAN PRESCRIPTION DRUG,55513-482_48aaec9b-c0c0-4b85-87e3-9bf0eaca87c7,BLA761024,AMJEVITA, 'ADALIMUMAB', 40 mg/.4mL,SUBCUTANEOUS',"['Antibodies', 'Monoclonal [CS]', 'Tumor Necrosis Factor Blocker [EPC]', 'Tumor Necrosis Factor Receptor Blocking Activity [MoA]']",55513-482-01,1 SYRINGE in 1 CARTON (55513-482-01)  / .4 mL in 1 SYRINGE,8/14/2023,12/31/2025,FALSE,TRUE
545,55513-482,adalimumab-atto,Amgen Inc,AMJEVITA,BLA,INJECTION,48aaec9b-c0c0-4b85-87e3-9bf0eaca87c7,HUMAN PRESCRIPTION DRUG,55513-482_48aaec9b-c0c0-4b85-87e3-9bf0eaca87c7,BLA761024,AMJEVITA, 'ADALIMUMAB', 40 mg/.4mL,SUBCUTANEOUS',"['Antibodies', 'Monoclonal [CS]', 'Tumor Necrosis Factor Blocker [EPC]', 'Tumor Necrosis Factor Receptor Blocking Activity [MoA]']",55513-482-02,2 SYRINGE in 1 CARTON (55513-482-02)  / .4 mL in 1 SYRINGE,8/14/2023,12/31/2025,FALSE,TRUE
546,55513-482,adalimumab-atto,Amgen Inc,AMJEVITA,BLA,INJECTION,48aaec9b-c0c0-4b85-87e3-9bf0eaca87c7,HUMAN PRESCRIPTION DRUG,55513-482_48aaec9b-c0c0-4b85-87e3-9bf0eaca87c7,BLA761024,AMJEVITA, 'ADALIMUMAB', 40 mg/.4mL,SUBCUTANEOUS',"['Antibodies', 'Monoclonal [CS]', 'Tumor Necrosis Factor Blocker [EPC]', 'Tumor Necrosis Factor Receptor Blocking Activity [MoA]']",55513-482-01,1 SYRINGE in 1 CARTON (55513-482-01)  / .4 mL in 1 SYRINGE,8/14/2023,12/31/2025,FALSE,TRUE
547,55513-482,adalimumab-atto,Amgen Inc,AMJEVITA,BLA,INJECTION,48aaec9b-c0c0-4b85-87e3-9bf0eaca87c7,HUMAN PRESCRIPTION DRUG,55513-482_48aaec9b-c0c0-4b85-87e3-9bf0eaca87c7,BLA761024,AMJEVITA, 'ADALIMUMAB', 40 mg/.4mL,SUBCUTANEOUS',"['Antibodies', 'Monoclonal [CS]', 'Tumor Necrosis Factor Blocker [EPC]', 'Tumor Necrosis Factor Receptor Blocking Activity [MoA]']",55513-482-02,2 SYRINGE in 1 CARTON (55513-482-02)  / .4 mL in 1 SYRINGE,8/14/2023,12/31/2025,FALSE,TRUE
548,55513-482,adalimumab-atto,Amgen Inc,AMJEVITA,BLA,INJECTION,48aaec9b-c0c0-4b85-87e3-9bf0eaca87c7,HUMAN PRESCRIPTION DRUG,55513-482_48aaec9b-c0c0-4b85-87e3-9bf0eaca87c7,BLA761024,AMJEVITA, 'ADALIMUMAB', 40 mg/.4mL,SUBCUTANEOUS',"['Antibodies', 'Monoclonal [CS]', 'Tumor Necrosis Factor Blocker [EPC]', 'Tumor Necrosis Factor Receptor Blocking Activity [MoA]']",55513-482-01,1 SYRINGE in 1 CARTON (55513-482-01)  / .4 mL in 1 SYRINGE,8/14/2023,12/31/2025,FALSE,TRUE
549,55513-482,adalimumab-atto,Amgen Inc,AMJEVITA,BLA,INJECTION,48aaec9b-c0c0-4b85-87e3-9bf0eaca87c7,HUMAN PRESCRIPTION DRUG,55513-482_48aaec9b-c0c0-4b85-87e3-9bf0eaca87c7,BLA761024,AMJEVITA, 'ADALIMUMAB', 40 mg/.4mL,SUBCUTANEOUS',"['Antibodies', 'Monoclonal [CS]', 'Tumor Necrosis Factor Blocker [EPC]', 'Tumor Necrosis Factor Receptor Blocking Activity [MoA]']",55513-482-02,2 SYRINGE in 1 CARTON (55513-482-02)  / .4 mL in 1 SYRINGE,8/14/2023,12/31/2025,FALSE,TRUE
550,61314-454,adalimumab-adaz,Sandoz Inc,HYRIMOZ,BLA,"INJECTION, SOLUTION",eea2b345-c0af-4b6e-b564-79fbd43595e8,HUMAN PRESCRIPTION DRUG,61314-454_eea2b345-c0af-4b6e-b564-79fbd43595e8,BLA761071,HYRIMOZ, 'ADALIMUMAB', 80 mg/.8mL,SUBCUTANEOUS',"['Antibodies', 'Monoclonal [CS]', 'Tumor Necrosis Factor Blocker [EPC]', 'Tumor Necrosis Factor Receptor Blocking Activity [MoA]']",61314-454-20,2 SYRINGE in 1 CARTON (61314-454-20)  / .8 mL in 1 SYRINGE,7/1/2023,12/31/2025,FALSE,TRUE
551,61314-454,adalimumab-adaz,Sandoz Inc,HYRIMOZ,BLA,"INJECTION, SOLUTION",eea2b345-c0af-4b6e-b564-79fbd43595e8,HUMAN PRESCRIPTION DRUG,61314-454_eea2b345-c0af-4b6e-b564-79fbd43595e8,BLA761071,HYRIMOZ, 'ADALIMUMAB', 80 mg/.8mL,SUBCUTANEOUS',"['Antibodies', 'Monoclonal [CS]', 'Tumor Necrosis Factor Blocker [EPC]', 'Tumor Necrosis Factor Receptor Blocking Activity [MoA]']",61314-454-36,3 SYRINGE in 1 CARTON (61314-454-36)  / .8 mL in 1 SYRINGE,7/1/2023,12/31/2025,FALSE,TRUE
552,61314-454,adalimumab-adaz,Sandoz Inc,HYRIMOZ,BLA,"INJECTION, SOLUTION",eea2b345-c0af-4b6e-b564-79fbd43595e8,HUMAN PRESCRIPTION DRUG,61314-454_eea2b345-c0af-4b6e-b564-79fbd43595e8,BLA761071,HYRIMOZ, 'ADALIMUMAB', 80 mg/.8mL,SUBCUTANEOUS',"['Antibodies', 'Monoclonal [CS]', 'Tumor Necrosis Factor Blocker [EPC]', 'Tumor Necrosis Factor Receptor Blocking Activity [MoA]']",61314-454-68,"3 SYRINGE, GLASS in 1 CARTON (61314-454-68)  / .8 mL in 1 SYRINGE, GLASS",7/1/2023,12/31/2025,FALSE,TRUE
553,61314-454,adalimumab-adaz,Sandoz Inc,HYRIMOZ,BLA,"INJECTION, SOLUTION",eea2b345-c0af-4b6e-b564-79fbd43595e8,HUMAN PRESCRIPTION DRUG,61314-454_eea2b345-c0af-4b6e-b564-79fbd43595e8,BLA761071,HYRIMOZ, 'ADALIMUMAB', 80 mg/.8mL,SUBCUTANEOUS',"['Antibodies', 'Monoclonal [CS]', 'Tumor Necrosis Factor Blocker [EPC]', 'Tumor Necrosis Factor Receptor Blocking Activity [MoA]']",61314-454-20,2 SYRINGE in 1 CARTON (61314-454-20)  / .8 mL in 1 SYRINGE,7/1/2023,12/31/2025,FALSE,TRUE
554,61314-454,adalimumab-adaz,Sandoz Inc,HYRIMOZ,BLA,"INJECTION, SOLUTION",eea2b345-c0af-4b6e-b564-79fbd43595e8,HUMAN PRESCRIPTION DRUG,61314-454_eea2b345-c0af-4b6e-b564-79fbd43595e8,BLA761071,HYRIMOZ, 'ADALIMUMAB', 80 mg/.8mL,SUBCUTANEOUS',"['Antibodies', 'Monoclonal [CS]', 'Tumor Necrosis Factor Blocker [EPC]', 'Tumor Necrosis Factor Receptor Blocking Activity [MoA]']",61314-454-36,3 SYRINGE in 1 CARTON (61314-454-36)  / .8 mL in 1 SYRINGE,7/1/2023,12/31/2025,FALSE,TRUE
555,61314-454,adalimumab-adaz,Sandoz Inc,HYRIMOZ,BLA,"INJECTION, SOLUTION",eea2b345-c0af-4b6e-b564-79fbd43595e8,HUMAN PRESCRIPTION DRUG,61314-454_eea2b345-c0af-4b6e-b564-79fbd43595e8,BLA761071,HYRIMOZ, 'ADALIMUMAB', 80 mg/.8mL,SUBCUTANEOUS',"['Antibodies', 'Monoclonal [CS]', 'Tumor Necrosis Factor Blocker [EPC]', 'Tumor Necrosis Factor Receptor Blocking Activity [MoA]']",61314-454-68,"3 SYRINGE, GLASS in 1 CARTON (61314-454-68)  / .8 mL in 1 SYRINGE, GLASS",7/1/2023,12/31/2025,FALSE,TRUE
556,61314-454,adalimumab-adaz,Sandoz Inc,HYRIMOZ,BLA,"INJECTION, SOLUTION",eea2b345-c0af-4b6e-b564-79fbd43595e8,HUMAN PRESCRIPTION DRUG,61314-454_eea2b345-c0af-4b6e-b564-79fbd43595e8,BLA761071,HYRIMOZ, 'ADALIMUMAB', 80 mg/.8mL,SUBCUTANEOUS',"['Antibodies', 'Monoclonal [CS]', 'Tumor Necrosis Factor Blocker [EPC]', 'Tumor Necrosis Factor Receptor Blocking Activity [MoA]']",61314-454-20,2 SYRINGE in 1 CARTON (61314-454-20)  / .8 mL in 1 SYRINGE,7/1/2023,12/31/2025,FALSE,TRUE
557,61314-454,adalimumab-adaz,Sandoz Inc,HYRIMOZ,BLA,"INJECTION, SOLUTION",eea2b345-c0af-4b6e-b564-79fbd43595e8,HUMAN PRESCRIPTION DRUG,61314-454_eea2b345-c0af-4b6e-b564-79fbd43595e8,BLA761071,HYRIMOZ, 'ADALIMUMAB', 80 mg/.8mL,SUBCUTANEOUS',"['Antibodies', 'Monoclonal [CS]', 'Tumor Necrosis Factor Blocker [EPC]', 'Tumor Necrosis Factor Receptor Blocking Activity [MoA]']",61314-454-36,3 SYRINGE in 1 CARTON (61314-454-36)  / .8 mL in 1 SYRINGE,7/1/2023,12/31/2025,FALSE,TRUE
558,61314-454,adalimumab-adaz,Sandoz Inc,HYRIMOZ,BLA,"INJECTION, SOLUTION",eea2b345-c0af-4b6e-b564-79fbd43595e8,HUMAN PRESCRIPTION DRUG,61314-454_eea2b345-c0af-4b6e-b564-79fbd43595e8,BLA761071,HYRIMOZ, 'ADALIMUMAB', 80 mg/.8mL,SUBCUTANEOUS',"['Antibodies', 'Monoclonal [CS]', 'Tumor Necrosis Factor Blocker [EPC]', 'Tumor Necrosis Factor Receptor Blocking Activity [MoA]']",61314-454-68,"3 SYRINGE, GLASS in 1 CARTON (61314-454-68)  / .8 mL in 1 SYRINGE, GLASS",7/1/2023,12/31/2025,FALSE,TRUE
559,61314-454,adalimumab-adaz,Sandoz Inc,HYRIMOZ,BLA,"INJECTION, SOLUTION",eea2b345-c0af-4b6e-b564-79fbd43595e8,HUMAN PRESCRIPTION DRUG,61314-454_eea2b345-c0af-4b6e-b564-79fbd43595e8,BLA761071,HYRIMOZ, 'ADALIMUMAB', 80 mg/.8mL,SUBCUTANEOUS',"['Antibodies', 'Monoclonal [CS]', 'Tumor Necrosis Factor Blocker [EPC]', 'Tumor Necrosis Factor Receptor Blocking Activity [MoA]']",61314-454-20,2 SYRINGE in 1 CARTON (61314-454-20)  / .8 mL in 1 SYRINGE,7/1/2023,12/31/2025,FALSE,TRUE
560,61314-454,adalimumab-adaz,Sandoz Inc,HYRIMOZ,BLA,"INJECTION, SOLUTION",eea2b345-c0af-4b6e-b564-79fbd43595e8,HUMAN PRESCRIPTION DRUG,61314-454_eea2b345-c0af-4b6e-b564-79fbd43595e8,BLA761071,HYRIMOZ, 'ADALIMUMAB', 80 mg/.8mL,SUBCUTANEOUS',"['Antibodies', 'Monoclonal [CS]', 'Tumor Necrosis Factor Blocker [EPC]', 'Tumor Necrosis Factor Receptor Blocking Activity [MoA]']",61314-454-36,3 SYRINGE in 1 CARTON (61314-454-36)  / .8 mL in 1 SYRINGE,7/1/2023,12/31/2025,FALSE,TRUE
561,61314-454,adalimumab-adaz,Sandoz Inc,HYRIMOZ,BLA,"INJECTION, SOLUTION",eea2b345-c0af-4b6e-b564-79fbd43595e8,HUMAN PRESCRIPTION DRUG,61314-454_eea2b345-c0af-4b6e-b564-79fbd43595e8,BLA761071,HYRIMOZ, 'ADALIMUMAB', 80 mg/.8mL,SUBCUTANEOUS',"['Antibodies', 'Monoclonal [CS]', 'Tumor Necrosis Factor Blocker [EPC]', 'Tumor Necrosis Factor Receptor Blocking Activity [MoA]']",61314-454-68,"3 SYRINGE, GLASS in 1 CARTON (61314-454-68)  / .8 mL in 1 SYRINGE, GLASS",7/1/2023,12/31/2025,FALSE,TRUE
562,61314-454,adalimumab-adaz,Sandoz Inc,HYRIMOZ,BLA,"INJECTION, SOLUTION",eea2b345-c0af-4b6e-b564-79fbd43595e8,HUMAN PRESCRIPTION DRUG,61314-454_eea2b345-c0af-4b6e-b564-79fbd43595e8,BLA761071,HYRIMOZ, 'ADALIMUMAB', 80 mg/.8mL,SUBCUTANEOUS',"['Antibodies', 'Monoclonal [CS]', 'Tumor Necrosis Factor Blocker [EPC]', 'Tumor Necrosis Factor Receptor Blocking Activity [MoA]']",61314-454-20,2 SYRINGE in 1 CARTON (61314-454-20)  / .8 mL in 1 SYRINGE,7/1/2023,12/31/2025,FALSE,TRUE
563,61314-454,adalimumab-adaz,Sandoz Inc,HYRIMOZ,BLA,"INJECTION, SOLUTION",eea2b345-c0af-4b6e-b564-79fbd43595e8,HUMAN PRESCRIPTION DRUG,61314-454_eea2b345-c0af-4b6e-b564-79fbd43595e8,BLA761071,HYRIMOZ, 'ADALIMUMAB', 80 mg/.8mL,SUBCUTANEOUS',"['Antibodies', 'Monoclonal [CS]', 'Tumor Necrosis Factor Blocker [EPC]', 'Tumor Necrosis Factor Receptor Blocking Activity [MoA]']",61314-454-36,3 SYRINGE in 1 CARTON (61314-454-36)  / .8 mL in 1 SYRINGE,7/1/2023,12/31/2025,FALSE,TRUE
564,61314-454,adalimumab-adaz,Sandoz Inc,HYRIMOZ,BLA,"INJECTION, SOLUTION",eea2b345-c0af-4b6e-b564-79fbd43595e8,HUMAN PRESCRIPTION DRUG,61314-454_eea2b345-c0af-4b6e-b564-79fbd43595e8,BLA761071,HYRIMOZ, 'ADALIMUMAB', 80 mg/.8mL,SUBCUTANEOUS',"['Antibodies', 'Monoclonal [CS]', 'Tumor Necrosis Factor Blocker [EPC]', 'Tumor Necrosis Factor Receptor Blocking Activity [MoA]']",61314-454-68,"3 SYRINGE, GLASS in 1 CARTON (61314-454-68)  / .8 mL in 1 SYRINGE, GLASS",7/1/2023,12/31/2025,FALSE,TRUE
565,61314-454,adalimumab-adaz,Sandoz Inc,HYRIMOZ,BLA,"INJECTION, SOLUTION",eea2b345-c0af-4b6e-b564-79fbd43595e8,HUMAN PRESCRIPTION DRUG,61314-454_eea2b345-c0af-4b6e-b564-79fbd43595e8,BLA761071,HYRIMOZ, 'ADALIMUMAB', 80 mg/.8mL,SUBCUTANEOUS',"['Antibodies', 'Monoclonal [CS]', 'Tumor Necrosis Factor Blocker [EPC]', 'Tumor Necrosis Factor Receptor Blocking Activity [MoA]']",61314-454-20,2 SYRINGE in 1 CARTON (61314-454-20)  / .8 mL in 1 SYRINGE,7/1/2023,12/31/2025,FALSE,TRUE
566,61314-454,adalimumab-adaz,Sandoz Inc,HYRIMOZ,BLA,"INJECTION, SOLUTION",eea2b345-c0af-4b6e-b564-79fbd43595e8,HUMAN PRESCRIPTION DRUG,61314-454_eea2b345-c0af-4b6e-b564-79fbd43595e8,BLA761071,HYRIMOZ, 'ADALIMUMAB', 80 mg/.8mL,SUBCUTANEOUS',"['Antibodies', 'Monoclonal [CS]', 'Tumor Necrosis Factor Blocker [EPC]', 'Tumor Necrosis Factor Receptor Blocking Activity [MoA]']",61314-454-36,3 SYRINGE in 1 CARTON (61314-454-36)  / .8 mL in 1 SYRINGE,7/1/2023,12/31/2025,FALSE,TRUE
567,61314-454,adalimumab-adaz,Sandoz Inc,HYRIMOZ,BLA,"INJECTION, SOLUTION",eea2b345-c0af-4b6e-b564-79fbd43595e8,HUMAN PRESCRIPTION DRUG,61314-454_eea2b345-c0af-4b6e-b564-79fbd43595e8,BLA761071,HYRIMOZ, 'ADALIMUMAB', 80 mg/.8mL,SUBCUTANEOUS',"['Antibodies', 'Monoclonal [CS]', 'Tumor Necrosis Factor Blocker [EPC]', 'Tumor Necrosis Factor Receptor Blocking Activity [MoA]']",61314-454-68,"3 SYRINGE, GLASS in 1 CARTON (61314-454-68)  / .8 mL in 1 SYRINGE, GLASS",7/1/2023,12/31/2025,FALSE,TRUE
568,61314-454,adalimumab-adaz,Sandoz Inc,HYRIMOZ,BLA,"INJECTION, SOLUTION",eea2b345-c0af-4b6e-b564-79fbd43595e8,HUMAN PRESCRIPTION DRUG,61314-454_eea2b345-c0af-4b6e-b564-79fbd43595e8,BLA761071,HYRIMOZ, 'ADALIMUMAB', 80 mg/.8mL,SUBCUTANEOUS',"['Antibodies', 'Monoclonal [CS]', 'Tumor Necrosis Factor Blocker [EPC]', 'Tumor Necrosis Factor Receptor Blocking Activity [MoA]']",61314-454-20,2 SYRINGE in 1 CARTON (61314-454-20)  / .8 mL in 1 SYRINGE,7/1/2023,12/31/2025,FALSE,TRUE
569,61314-454,adalimumab-adaz,Sandoz Inc,HYRIMOZ,BLA,"INJECTION, SOLUTION",eea2b345-c0af-4b6e-b564-79fbd43595e8,HUMAN PRESCRIPTION DRUG,61314-454_eea2b345-c0af-4b6e-b564-79fbd43595e8,BLA761071,HYRIMOZ, 'ADALIMUMAB', 80 mg/.8mL,SUBCUTANEOUS',"['Antibodies', 'Monoclonal [CS]', 'Tumor Necrosis Factor Blocker [EPC]', 'Tumor Necrosis Factor Receptor Blocking Activity [MoA]']",61314-454-36,3 SYRINGE in 1 CARTON (61314-454-36)  / .8 mL in 1 SYRINGE,7/1/2023,12/31/2025,FALSE,TRUE
570,61314-454,adalimumab-adaz,Sandoz Inc,HYRIMOZ,BLA,"INJECTION, SOLUTION",eea2b345-c0af-4b6e-b564-79fbd43595e8,HUMAN PRESCRIPTION DRUG,61314-454_eea2b345-c0af-4b6e-b564-79fbd43595e8,BLA761071,HYRIMOZ, 'ADALIMUMAB', 80 mg/.8mL,SUBCUTANEOUS',"['Antibodies', 'Monoclonal [CS]', 'Tumor Necrosis Factor Blocker [EPC]', 'Tumor Necrosis Factor Receptor Blocking Activity [MoA]']",61314-454-68,"3 SYRINGE, GLASS in 1 CARTON (61314-454-68)  / .8 mL in 1 SYRINGE, GLASS",7/1/2023,12/31/2025,FALSE,TRUE
571,61314-454,adalimumab-adaz,Sandoz Inc,HYRIMOZ,BLA,"INJECTION, SOLUTION",eea2b345-c0af-4b6e-b564-79fbd43595e8,HUMAN PRESCRIPTION DRUG,61314-454_eea2b345-c0af-4b6e-b564-79fbd43595e8,BLA761071,HYRIMOZ, 'ADALIMUMAB', 80 mg/.8mL,SUBCUTANEOUS',"['Antibodies', 'Monoclonal [CS]', 'Tumor Necrosis Factor Blocker [EPC]', 'Tumor Necrosis Factor Receptor Blocking Activity [MoA]']",61314-454-20,2 SYRINGE in 1 CARTON (61314-454-20)  / .8 mL in 1 SYRINGE,7/1/2023,12/31/2025,FALSE,TRUE
572,61314-454,adalimumab-adaz,Sandoz Inc,HYRIMOZ,BLA,"INJECTION, SOLUTION",eea2b345-c0af-4b6e-b564-79fbd43595e8,HUMAN PRESCRIPTION DRUG,61314-454_eea2b345-c0af-4b6e-b564-79fbd43595e8,BLA761071,HYRIMOZ, 'ADALIMUMAB', 80 mg/.8mL,SUBCUTANEOUS',"['Antibodies', 'Monoclonal [CS]', 'Tumor Necrosis Factor Blocker [EPC]', 'Tumor Necrosis Factor Receptor Blocking Activity [MoA]']",61314-454-36,3 SYRINGE in 1 CARTON (61314-454-36)  / .8 mL in 1 SYRINGE,7/1/2023,12/31/2025,FALSE,TRUE
573,61314-454,adalimumab-adaz,Sandoz Inc,HYRIMOZ,BLA,"INJECTION, SOLUTION",eea2b345-c0af-4b6e-b564-79fbd43595e8,HUMAN PRESCRIPTION DRUG,61314-454_eea2b345-c0af-4b6e-b564-79fbd43595e8,BLA761071,HYRIMOZ, 'ADALIMUMAB', 80 mg/.8mL,SUBCUTANEOUS',"['Antibodies', 'Monoclonal [CS]', 'Tumor Necrosis Factor Blocker [EPC]', 'Tumor Necrosis Factor Receptor Blocking Activity [MoA]']",61314-454-68,"3 SYRINGE, GLASS in 1 CARTON (61314-454-68)  / .8 mL in 1 SYRINGE, GLASS",7/1/2023,12/31/2025,FALSE,TRUE
574,61314-454,adalimumab-adaz,Sandoz Inc,HYRIMOZ,BLA,"INJECTION, SOLUTION",eea2b345-c0af-4b6e-b564-79fbd43595e8,HUMAN PRESCRIPTION DRUG,61314-454_eea2b345-c0af-4b6e-b564-79fbd43595e8,BLA761071,HYRIMOZ, 'ADALIMUMAB', 80 mg/.8mL,SUBCUTANEOUS',"['Antibodies', 'Monoclonal [CS]', 'Tumor Necrosis Factor Blocker [EPC]', 'Tumor Necrosis Factor Receptor Blocking Activity [MoA]']",61314-454-20,2 SYRINGE in 1 CARTON (61314-454-20)  / .8 mL in 1 SYRINGE,7/1/2023,12/31/2025,FALSE,TRUE
575,61314-454,adalimumab-adaz,Sandoz Inc,HYRIMOZ,BLA,"INJECTION, SOLUTION",eea2b345-c0af-4b6e-b564-79fbd43595e8,HUMAN PRESCRIPTION DRUG,61314-454_eea2b345-c0af-4b6e-b564-79fbd43595e8,BLA761071,HYRIMOZ, 'ADALIMUMAB', 80 mg/.8mL,SUBCUTANEOUS',"['Antibodies', 'Monoclonal [CS]', 'Tumor Necrosis Factor Blocker [EPC]', 'Tumor Necrosis Factor Receptor Blocking Activity [MoA]']",61314-454-36,3 SYRINGE in 1 CARTON (61314-454-36)  / .8 mL in 1 SYRINGE,7/1/2023,12/31/2025,FALSE,TRUE
576,61314-454,adalimumab-adaz,Sandoz Inc,HYRIMOZ,BLA,"INJECTION, SOLUTION",eea2b345-c0af-4b6e-b564-79fbd43595e8,HUMAN PRESCRIPTION DRUG,61314-454_eea2b345-c0af-4b6e-b564-79fbd43595e8,BLA761071,HYRIMOZ, 'ADALIMUMAB', 80 mg/.8mL,SUBCUTANEOUS',"['Antibodies', 'Monoclonal [CS]', 'Tumor Necrosis Factor Blocker [EPC]', 'Tumor Necrosis Factor Receptor Blocking Activity [MoA]']",61314-454-68,"3 SYRINGE, GLASS in 1 CARTON (61314-454-68)  / .8 mL in 1 SYRINGE, GLASS",7/1/2023,12/31/2025,FALSE,TRUE
577,61314-473,adalimumab-adaz,Sandoz Inc,HYRIMOZ,BLA,"INJECTION, SOLUTION",eea2b345-c0af-4b6e-b564-79fbd43595e8,HUMAN PRESCRIPTION DRUG,61314-473_eea2b345-c0af-4b6e-b564-79fbd43595e8,BLA761071,HYRIMOZ, 'ADALIMUMAB', 40 mg/.4mL,SUBCUTANEOUS',"['Antibodies', 'Monoclonal [CS]', 'Tumor Necrosis Factor Blocker [EPC]', 'Tumor Necrosis Factor Receptor Blocking Activity [MoA]']",61314-473-20,2 SYRINGE in 1 CARTON (61314-473-20)  / .4 mL in 1 SYRINGE,7/1/2023,12/31/2025,FALSE,TRUE
578,61314-473,adalimumab-adaz,Sandoz Inc,HYRIMOZ,BLA,"INJECTION, SOLUTION",eea2b345-c0af-4b6e-b564-79fbd43595e8,HUMAN PRESCRIPTION DRUG,61314-473_eea2b345-c0af-4b6e-b564-79fbd43595e8,BLA761071,HYRIMOZ, 'ADALIMUMAB', 40 mg/.4mL,SUBCUTANEOUS',"['Antibodies', 'Monoclonal [CS]', 'Tumor Necrosis Factor Blocker [EPC]', 'Tumor Necrosis Factor Receptor Blocking Activity [MoA]']",61314-473-64,"2 SYRINGE, GLASS in 1 CARTON (61314-473-64)  / .4 mL in 1 SYRINGE, GLASS",7/1/2023,12/31/2025,FALSE,TRUE
579,61314-473,adalimumab-adaz,Sandoz Inc,HYRIMOZ,BLA,"INJECTION, SOLUTION",eea2b345-c0af-4b6e-b564-79fbd43595e8,HUMAN PRESCRIPTION DRUG,61314-473_eea2b345-c0af-4b6e-b564-79fbd43595e8,BLA761071,HYRIMOZ, 'ADALIMUMAB', 40 mg/.4mL,SUBCUTANEOUS',"['Antibodies', 'Monoclonal [CS]', 'Tumor Necrosis Factor Blocker [EPC]', 'Tumor Necrosis Factor Receptor Blocking Activity [MoA]']",61314-473-92,2 SYRINGE in 1 CARTON (61314-473-92)  / .4 mL in 1 SYRINGE,7/1/2023,12/31/2025,TRUE,TRUE
580,61314-473,adalimumab-adaz,Sandoz Inc,HYRIMOZ,BLA,"INJECTION, SOLUTION",eea2b345-c0af-4b6e-b564-79fbd43595e8,HUMAN PRESCRIPTION DRUG,61314-473_eea2b345-c0af-4b6e-b564-79fbd43595e8,BLA761071,HYRIMOZ, 'ADALIMUMAB', 40 mg/.4mL,SUBCUTANEOUS',"['Antibodies', 'Monoclonal [CS]', 'Tumor Necrosis Factor Blocker [EPC]', 'Tumor Necrosis Factor Receptor Blocking Activity [MoA]']",61314-473-20,2 SYRINGE in 1 CARTON (61314-473-20)  / .4 mL in 1 SYRINGE,7/1/2023,12/31/2025,FALSE,TRUE
581,61314-473,adalimumab-adaz,Sandoz Inc,HYRIMOZ,BLA,"INJECTION, SOLUTION",eea2b345-c0af-4b6e-b564-79fbd43595e8,HUMAN PRESCRIPTION DRUG,61314-473_eea2b345-c0af-4b6e-b564-79fbd43595e8,BLA761071,HYRIMOZ, 'ADALIMUMAB', 40 mg/.4mL,SUBCUTANEOUS',"['Antibodies', 'Monoclonal [CS]', 'Tumor Necrosis Factor Blocker [EPC]', 'Tumor Necrosis Factor Receptor Blocking Activity [MoA]']",61314-473-64,"2 SYRINGE, GLASS in 1 CARTON (61314-473-64)  / .4 mL in 1 SYRINGE, GLASS",7/1/2023,12/31/2025,FALSE,TRUE
582,61314-473,adalimumab-adaz,Sandoz Inc,HYRIMOZ,BLA,"INJECTION, SOLUTION",eea2b345-c0af-4b6e-b564-79fbd43595e8,HUMAN PRESCRIPTION DRUG,61314-473_eea2b345-c0af-4b6e-b564-79fbd43595e8,BLA761071,HYRIMOZ, 'ADALIMUMAB', 40 mg/.4mL,SUBCUTANEOUS',"['Antibodies', 'Monoclonal [CS]', 'Tumor Necrosis Factor Blocker [EPC]', 'Tumor Necrosis Factor Receptor Blocking Activity [MoA]']",61314-473-92,2 SYRINGE in 1 CARTON (61314-473-92)  / .4 mL in 1 SYRINGE,7/1/2023,12/31/2025,TRUE,TRUE
583,61314-473,adalimumab-adaz,Sandoz Inc,HYRIMOZ,BLA,"INJECTION, SOLUTION",eea2b345-c0af-4b6e-b564-79fbd43595e8,HUMAN PRESCRIPTION DRUG,61314-473_eea2b345-c0af-4b6e-b564-79fbd43595e8,BLA761071,HYRIMOZ, 'ADALIMUMAB', 40 mg/.4mL,SUBCUTANEOUS',"['Antibodies', 'Monoclonal [CS]', 'Tumor Necrosis Factor Blocker [EPC]', 'Tumor Necrosis Factor Receptor Blocking Activity [MoA]']",61314-473-20,2 SYRINGE in 1 CARTON (61314-473-20)  / .4 mL in 1 SYRINGE,7/1/2023,12/31/2025,FALSE,TRUE
584,61314-473,adalimumab-adaz,Sandoz Inc,HYRIMOZ,BLA,"INJECTION, SOLUTION",eea2b345-c0af-4b6e-b564-79fbd43595e8,HUMAN PRESCRIPTION DRUG,61314-473_eea2b345-c0af-4b6e-b564-79fbd43595e8,BLA761071,HYRIMOZ, 'ADALIMUMAB', 40 mg/.4mL,SUBCUTANEOUS',"['Antibodies', 'Monoclonal [CS]', 'Tumor Necrosis Factor Blocker [EPC]', 'Tumor Necrosis Factor Receptor Blocking Activity [MoA]']",61314-473-64,"2 SYRINGE, GLASS in 1 CARTON (61314-473-64)  / .4 mL in 1 SYRINGE, GLASS",7/1/2023,12/31/2025,FALSE,TRUE
585,61314-473,adalimumab-adaz,Sandoz Inc,HYRIMOZ,BLA,"INJECTION, SOLUTION",eea2b345-c0af-4b6e-b564-79fbd43595e8,HUMAN PRESCRIPTION DRUG,61314-473_eea2b345-c0af-4b6e-b564-79fbd43595e8,BLA761071,HYRIMOZ, 'ADALIMUMAB', 40 mg/.4mL,SUBCUTANEOUS',"['Antibodies', 'Monoclonal [CS]', 'Tumor Necrosis Factor Blocker [EPC]', 'Tumor Necrosis Factor Receptor Blocking Activity [MoA]']",61314-473-92,2 SYRINGE in 1 CARTON (61314-473-92)  / .4 mL in 1 SYRINGE,7/1/2023,12/31/2025,TRUE,TRUE
586,61314-473,adalimumab-adaz,Sandoz Inc,HYRIMOZ,BLA,"INJECTION, SOLUTION",eea2b345-c0af-4b6e-b564-79fbd43595e8,HUMAN PRESCRIPTION DRUG,61314-473_eea2b345-c0af-4b6e-b564-79fbd43595e8,BLA761071,HYRIMOZ, 'ADALIMUMAB', 40 mg/.4mL,SUBCUTANEOUS',"['Antibodies', 'Monoclonal [CS]', 'Tumor Necrosis Factor Blocker [EPC]', 'Tumor Necrosis Factor Receptor Blocking Activity [MoA]']",61314-473-20,2 SYRINGE in 1 CARTON (61314-473-20)  / .4 mL in 1 SYRINGE,7/1/2023,12/31/2025,FALSE,TRUE
587,61314-473,adalimumab-adaz,Sandoz Inc,HYRIMOZ,BLA,"INJECTION, SOLUTION",eea2b345-c0af-4b6e-b564-79fbd43595e8,HUMAN PRESCRIPTION DRUG,61314-473_eea2b345-c0af-4b6e-b564-79fbd43595e8,BLA761071,HYRIMOZ, 'ADALIMUMAB', 40 mg/.4mL,SUBCUTANEOUS',"['Antibodies', 'Monoclonal [CS]', 'Tumor Necrosis Factor Blocker [EPC]', 'Tumor Necrosis Factor Receptor Blocking Activity [MoA]']",61314-473-64,"2 SYRINGE, GLASS in 1 CARTON (61314-473-64)  / .4 mL in 1 SYRINGE, GLASS",7/1/2023,12/31/2025,FALSE,TRUE
588,61314-473,adalimumab-adaz,Sandoz Inc,HYRIMOZ,BLA,"INJECTION, SOLUTION",eea2b345-c0af-4b6e-b564-79fbd43595e8,HUMAN PRESCRIPTION DRUG,61314-473_eea2b345-c0af-4b6e-b564-79fbd43595e8,BLA761071,HYRIMOZ, 'ADALIMUMAB', 40 mg/.4mL,SUBCUTANEOUS',"['Antibodies', 'Monoclonal [CS]', 'Tumor Necrosis Factor Blocker [EPC]', 'Tumor Necrosis Factor Receptor Blocking Activity [MoA]']",61314-473-92,2 SYRINGE in 1 CARTON (61314-473-92)  / .4 mL in 1 SYRINGE,7/1/2023,12/31/2025,TRUE,TRUE
589,61314-473,adalimumab-adaz,Sandoz Inc,HYRIMOZ,BLA,"INJECTION, SOLUTION",eea2b345-c0af-4b6e-b564-79fbd43595e8,HUMAN PRESCRIPTION DRUG,61314-473_eea2b345-c0af-4b6e-b564-79fbd43595e8,BLA761071,HYRIMOZ, 'ADALIMUMAB', 40 mg/.4mL,SUBCUTANEOUS',"['Antibodies', 'Monoclonal [CS]', 'Tumor Necrosis Factor Blocker [EPC]', 'Tumor Necrosis Factor Receptor Blocking Activity [MoA]']",61314-473-20,2 SYRINGE in 1 CARTON (61314-473-20)  / .4 mL in 1 SYRINGE,7/1/2023,12/31/2025,FALSE,TRUE
590,61314-473,adalimumab-adaz,Sandoz Inc,HYRIMOZ,BLA,"INJECTION, SOLUTION",eea2b345-c0af-4b6e-b564-79fbd43595e8,HUMAN PRESCRIPTION DRUG,61314-473_eea2b345-c0af-4b6e-b564-79fbd43595e8,BLA761071,HYRIMOZ, 'ADALIMUMAB', 40 mg/.4mL,SUBCUTANEOUS',"['Antibodies', 'Monoclonal [CS]', 'Tumor Necrosis Factor Blocker [EPC]', 'Tumor Necrosis Factor Receptor Blocking Activity [MoA]']",61314-473-64,"2 SYRINGE, GLASS in 1 CARTON (61314-473-64)  / .4 mL in 1 SYRINGE, GLASS",7/1/2023,12/31/2025,FALSE,TRUE
591,61314-473,adalimumab-adaz,Sandoz Inc,HYRIMOZ,BLA,"INJECTION, SOLUTION",eea2b345-c0af-4b6e-b564-79fbd43595e8,HUMAN PRESCRIPTION DRUG,61314-473_eea2b345-c0af-4b6e-b564-79fbd43595e8,BLA761071,HYRIMOZ, 'ADALIMUMAB', 40 mg/.4mL,SUBCUTANEOUS',"['Antibodies', 'Monoclonal [CS]', 'Tumor Necrosis Factor Blocker [EPC]', 'Tumor Necrosis Factor Receptor Blocking Activity [MoA]']",61314-473-92,2 SYRINGE in 1 CARTON (61314-473-92)  / .4 mL in 1 SYRINGE,7/1/2023,12/31/2025,TRUE,TRUE
592,61314-473,adalimumab-adaz,Sandoz Inc,HYRIMOZ,BLA,"INJECTION, SOLUTION",eea2b345-c0af-4b6e-b564-79fbd43595e8,HUMAN PRESCRIPTION DRUG,61314-473_eea2b345-c0af-4b6e-b564-79fbd43595e8,BLA761071,HYRIMOZ, 'ADALIMUMAB', 40 mg/.4mL,SUBCUTANEOUS',"['Antibodies', 'Monoclonal [CS]', 'Tumor Necrosis Factor Blocker [EPC]', 'Tumor Necrosis Factor Receptor Blocking Activity [MoA]']",61314-473-20,2 SYRINGE in 1 CARTON (61314-473-20)  / .4 mL in 1 SYRINGE,7/1/2023,12/31/2025,FALSE,TRUE
593,61314-473,adalimumab-adaz,Sandoz Inc,HYRIMOZ,BLA,"INJECTION, SOLUTION",eea2b345-c0af-4b6e-b564-79fbd43595e8,HUMAN PRESCRIPTION DRUG,61314-473_eea2b345-c0af-4b6e-b564-79fbd43595e8,BLA761071,HYRIMOZ, 'ADALIMUMAB', 40 mg/.4mL,SUBCUTANEOUS',"['Antibodies', 'Monoclonal [CS]', 'Tumor Necrosis Factor Blocker [EPC]', 'Tumor Necrosis Factor Receptor Blocking Activity [MoA]']",61314-473-64,"2 SYRINGE, GLASS in 1 CARTON (61314-473-64)  / .4 mL in 1 SYRINGE, GLASS",7/1/2023,12/31/2025,FALSE,TRUE
594,61314-473,adalimumab-adaz,Sandoz Inc,HYRIMOZ,BLA,"INJECTION, SOLUTION",eea2b345-c0af-4b6e-b564-79fbd43595e8,HUMAN PRESCRIPTION DRUG,61314-473_eea2b345-c0af-4b6e-b564-79fbd43595e8,BLA761071,HYRIMOZ, 'ADALIMUMAB', 40 mg/.4mL,SUBCUTANEOUS',"['Antibodies', 'Monoclonal [CS]', 'Tumor Necrosis Factor Blocker [EPC]', 'Tumor Necrosis Factor Receptor Blocking Activity [MoA]']",61314-473-92,2 SYRINGE in 1 CARTON (61314-473-92)  / .4 mL in 1 SYRINGE,7/1/2023,12/31/2025,TRUE,TRUE
595,61314-473,adalimumab-adaz,Sandoz Inc,HYRIMOZ,BLA,"INJECTION, SOLUTION",eea2b345-c0af-4b6e-b564-79fbd43595e8,HUMAN PRESCRIPTION DRUG,61314-473_eea2b345-c0af-4b6e-b564-79fbd43595e8,BLA761071,HYRIMOZ, 'ADALIMUMAB', 40 mg/.4mL,SUBCUTANEOUS',"['Antibodies', 'Monoclonal [CS]', 'Tumor Necrosis Factor Blocker [EPC]', 'Tumor Necrosis Factor Receptor Blocking Activity [MoA]']",61314-473-20,2 SYRINGE in 1 CARTON (61314-473-20)  / .4 mL in 1 SYRINGE,7/1/2023,12/31/2025,FALSE,TRUE
596,61314-473,adalimumab-adaz,Sandoz Inc,HYRIMOZ,BLA,"INJECTION, SOLUTION",eea2b345-c0af-4b6e-b564-79fbd43595e8,HUMAN PRESCRIPTION DRUG,61314-473_eea2b345-c0af-4b6e-b564-79fbd43595e8,BLA761071,HYRIMOZ, 'ADALIMUMAB', 40 mg/.4mL,SUBCUTANEOUS',"['Antibodies', 'Monoclonal [CS]', 'Tumor Necrosis Factor Blocker [EPC]', 'Tumor Necrosis Factor Receptor Blocking Activity [MoA]']",61314-473-64,"2 SYRINGE, GLASS in 1 CARTON (61314-473-64)  / .4 mL in 1 SYRINGE, GLASS",7/1/2023,12/31/2025,FALSE,TRUE
597,61314-473,adalimumab-adaz,Sandoz Inc,HYRIMOZ,BLA,"INJECTION, SOLUTION",eea2b345-c0af-4b6e-b564-79fbd43595e8,HUMAN PRESCRIPTION DRUG,61314-473_eea2b345-c0af-4b6e-b564-79fbd43595e8,BLA761071,HYRIMOZ, 'ADALIMUMAB', 40 mg/.4mL,SUBCUTANEOUS',"['Antibodies', 'Monoclonal [CS]', 'Tumor Necrosis Factor Blocker [EPC]', 'Tumor Necrosis Factor Receptor Blocking Activity [MoA]']",61314-473-92,2 SYRINGE in 1 CARTON (61314-473-92)  / .4 mL in 1 SYRINGE,7/1/2023,12/31/2025,TRUE,TRUE
598,61314-473,adalimumab-adaz,Sandoz Inc,HYRIMOZ,BLA,"INJECTION, SOLUTION",eea2b345-c0af-4b6e-b564-79fbd43595e8,HUMAN PRESCRIPTION DRUG,61314-473_eea2b345-c0af-4b6e-b564-79fbd43595e8,BLA761071,HYRIMOZ, 'ADALIMUMAB', 40 mg/.4mL,SUBCUTANEOUS',"['Antibodies', 'Monoclonal [CS]', 'Tumor Necrosis Factor Blocker [EPC]', 'Tumor Necrosis Factor Receptor Blocking Activity [MoA]']",61314-473-20,2 SYRINGE in 1 CARTON (61314-473-20)  / .4 mL in 1 SYRINGE,7/1/2023,12/31/2025,FALSE,TRUE
599,61314-473,adalimumab-adaz,Sandoz Inc,HYRIMOZ,BLA,"INJECTION, SOLUTION",eea2b345-c0af-4b6e-b564-79fbd43595e8,HUMAN PRESCRIPTION DRUG,61314-473_eea2b345-c0af-4b6e-b564-79fbd43595e8,BLA761071,HYRIMOZ, 'ADALIMUMAB', 40 mg/.4mL,SUBCUTANEOUS',"['Antibodies', 'Monoclonal [CS]', 'Tumor Necrosis Factor Blocker [EPC]', 'Tumor Necrosis Factor Receptor Blocking Activity [MoA]']",61314-473-64,"2 SYRINGE, GLASS in 1 CARTON (61314-473-64)  / .4 mL in 1 SYRINGE, GLASS",7/1/2023,12/31/2025,FALSE,TRUE
600,61314-473,adalimumab-adaz,Sandoz Inc,HYRIMOZ,BLA,"INJECTION, SOLUTION",eea2b345-c0af-4b6e-b564-79fbd43595e8,HUMAN PRESCRIPTION DRUG,61314-473_eea2b345-c0af-4b6e-b564-79fbd43595e8,BLA761071,HYRIMOZ, 'ADALIMUMAB', 40 mg/.4mL,SUBCUTANEOUS',"['Antibodies', 'Monoclonal [CS]', 'Tumor Necrosis Factor Blocker [EPC]', 'Tumor Necrosis Factor Receptor Blocking Activity [MoA]']",61314-473-92,2 SYRINGE in 1 CARTON (61314-473-92)  / .4 mL in 1 SYRINGE,7/1/2023,12/31/2025,TRUE,TRUE
601,61314-473,adalimumab-adaz,Sandoz Inc,HYRIMOZ,BLA,"INJECTION, SOLUTION",eea2b345-c0af-4b6e-b564-79fbd43595e8,HUMAN PRESCRIPTION DRUG,61314-473_eea2b345-c0af-4b6e-b564-79fbd43595e8,BLA761071,HYRIMOZ, 'ADALIMUMAB', 40 mg/.4mL,SUBCUTANEOUS',"['Antibodies', 'Monoclonal [CS]', 'Tumor Necrosis Factor Blocker [EPC]', 'Tumor Necrosis Factor Receptor Blocking Activity [MoA]']",61314-473-20,2 SYRINGE in 1 CARTON (61314-473-20)  / .4 mL in 1 SYRINGE,7/1/2023,12/31/2025,FALSE,TRUE
602,61314-473,adalimumab-adaz,Sandoz Inc,HYRIMOZ,BLA,"INJECTION, SOLUTION",eea2b345-c0af-4b6e-b564-79fbd43595e8,HUMAN PRESCRIPTION DRUG,61314-473_eea2b345-c0af-4b6e-b564-79fbd43595e8,BLA761071,HYRIMOZ, 'ADALIMUMAB', 40 mg/.4mL,SUBCUTANEOUS',"['Antibodies', 'Monoclonal [CS]', 'Tumor Necrosis Factor Blocker [EPC]', 'Tumor Necrosis Factor Receptor Blocking Activity [MoA]']",61314-473-64,"2 SYRINGE, GLASS in 1 CARTON (61314-473-64)  / .4 mL in 1 SYRINGE, GLASS",7/1/2023,12/31/2025,FALSE,TRUE
603,61314-473,adalimumab-adaz,Sandoz Inc,HYRIMOZ,BLA,"INJECTION, SOLUTION",eea2b345-c0af-4b6e-b564-79fbd43595e8,HUMAN PRESCRIPTION DRUG,61314-473_eea2b345-c0af-4b6e-b564-79fbd43595e8,BLA761071,HYRIMOZ, 'ADALIMUMAB', 40 mg/.4mL,SUBCUTANEOUS',"['Antibodies', 'Monoclonal [CS]', 'Tumor Necrosis Factor Blocker [EPC]', 'Tumor Necrosis Factor Receptor Blocking Activity [MoA]']",61314-473-92,2 SYRINGE in 1 CARTON (61314-473-92)  / .4 mL in 1 SYRINGE,7/1/2023,12/31/2025,TRUE,TRUE
604,61314-476,adalimumab-adaz,Sandoz Inc,HYRIMOZ,BLA,"INJECTION, SOLUTION",eea2b345-c0af-4b6e-b564-79fbd43595e8,HUMAN PRESCRIPTION DRUG,61314-476_eea2b345-c0af-4b6e-b564-79fbd43595e8,BLA761071,HYRIMOZ, 'ADALIMUMAB', 20 mg/.2mL,SUBCUTANEOUS',"['Antibodies', 'Monoclonal [CS]', 'Tumor Necrosis Factor Blocker [EPC]', 'Tumor Necrosis Factor Receptor Blocking Activity [MoA]']",61314-476-64,"2 SYRINGE, GLASS in 1 CARTON (61314-476-64)  / .2 mL in 1 SYRINGE, GLASS",7/1/2023,12/31/2025,FALSE,TRUE
605,61314-476,adalimumab-adaz,Sandoz Inc,HYRIMOZ,BLA,"INJECTION, SOLUTION",eea2b345-c0af-4b6e-b564-79fbd43595e8,HUMAN PRESCRIPTION DRUG,61314-476_eea2b345-c0af-4b6e-b564-79fbd43595e8,BLA761071,HYRIMOZ, 'ADALIMUMAB', 20 mg/.2mL,SUBCUTANEOUS',"['Antibodies', 'Monoclonal [CS]', 'Tumor Necrosis Factor Blocker [EPC]', 'Tumor Necrosis Factor Receptor Blocking Activity [MoA]']",61314-476-64,"2 SYRINGE, GLASS in 1 CARTON (61314-476-64)  / .2 mL in 1 SYRINGE, GLASS",7/1/2023,12/31/2025,FALSE,TRUE
606,61314-476,adalimumab-adaz,Sandoz Inc,HYRIMOZ,BLA,"INJECTION, SOLUTION",eea2b345-c0af-4b6e-b564-79fbd43595e8,HUMAN PRESCRIPTION DRUG,61314-476_eea2b345-c0af-4b6e-b564-79fbd43595e8,BLA761071,HYRIMOZ, 'ADALIMUMAB', 20 mg/.2mL,SUBCUTANEOUS',"['Antibodies', 'Monoclonal [CS]', 'Tumor Necrosis Factor Blocker [EPC]', 'Tumor Necrosis Factor Receptor Blocking Activity [MoA]']",61314-476-64,"2 SYRINGE, GLASS in 1 CARTON (61314-476-64)  / .2 mL in 1 SYRINGE, GLASS",7/1/2023,12/31/2025,FALSE,TRUE
607,61314-476,adalimumab-adaz,Sandoz Inc,HYRIMOZ,BLA,"INJECTION, SOLUTION",eea2b345-c0af-4b6e-b564-79fbd43595e8,HUMAN PRESCRIPTION DRUG,61314-476_eea2b345-c0af-4b6e-b564-79fbd43595e8,BLA761071,HYRIMOZ, 'ADALIMUMAB', 20 mg/.2mL,SUBCUTANEOUS',"['Antibodies', 'Monoclonal [CS]', 'Tumor Necrosis Factor Blocker [EPC]', 'Tumor Necrosis Factor Receptor Blocking Activity [MoA]']",61314-476-64,"2 SYRINGE, GLASS in 1 CARTON (61314-476-64)  / .2 mL in 1 SYRINGE, GLASS",7/1/2023,12/31/2025,FALSE,TRUE
608,61314-476,adalimumab-adaz,Sandoz Inc,HYRIMOZ,BLA,"INJECTION, SOLUTION",eea2b345-c0af-4b6e-b564-79fbd43595e8,HUMAN PRESCRIPTION DRUG,61314-476_eea2b345-c0af-4b6e-b564-79fbd43595e8,BLA761071,HYRIMOZ, 'ADALIMUMAB', 20 mg/.2mL,SUBCUTANEOUS',"['Antibodies', 'Monoclonal [CS]', 'Tumor Necrosis Factor Blocker [EPC]', 'Tumor Necrosis Factor Receptor Blocking Activity [MoA]']",61314-476-64,"2 SYRINGE, GLASS in 1 CARTON (61314-476-64)  / .2 mL in 1 SYRINGE, GLASS",7/1/2023,12/31/2025,FALSE,TRUE
609,61314-476,adalimumab-adaz,Sandoz Inc,HYRIMOZ,BLA,"INJECTION, SOLUTION",eea2b345-c0af-4b6e-b564-79fbd43595e8,HUMAN PRESCRIPTION DRUG,61314-476_eea2b345-c0af-4b6e-b564-79fbd43595e8,BLA761071,HYRIMOZ, 'ADALIMUMAB', 20 mg/.2mL,SUBCUTANEOUS',"['Antibodies', 'Monoclonal [CS]', 'Tumor Necrosis Factor Blocker [EPC]', 'Tumor Necrosis Factor Receptor Blocking Activity [MoA]']",61314-476-64,"2 SYRINGE, GLASS in 1 CARTON (61314-476-64)  / .2 mL in 1 SYRINGE, GLASS",7/1/2023,12/31/2025,FALSE,TRUE
610,61314-476,adalimumab-adaz,Sandoz Inc,HYRIMOZ,BLA,"INJECTION, SOLUTION",eea2b345-c0af-4b6e-b564-79fbd43595e8,HUMAN PRESCRIPTION DRUG,61314-476_eea2b345-c0af-4b6e-b564-79fbd43595e8,BLA761071,HYRIMOZ, 'ADALIMUMAB', 20 mg/.2mL,SUBCUTANEOUS',"['Antibodies', 'Monoclonal [CS]', 'Tumor Necrosis Factor Blocker [EPC]', 'Tumor Necrosis Factor Receptor Blocking Activity [MoA]']",61314-476-64,"2 SYRINGE, GLASS in 1 CARTON (61314-476-64)  / .2 mL in 1 SYRINGE, GLASS",7/1/2023,12/31/2025,FALSE,TRUE
611,61314-476,adalimumab-adaz,Sandoz Inc,HYRIMOZ,BLA,"INJECTION, SOLUTION",eea2b345-c0af-4b6e-b564-79fbd43595e8,HUMAN PRESCRIPTION DRUG,61314-476_eea2b345-c0af-4b6e-b564-79fbd43595e8,BLA761071,HYRIMOZ, 'ADALIMUMAB', 20 mg/.2mL,SUBCUTANEOUS',"['Antibodies', 'Monoclonal [CS]', 'Tumor Necrosis Factor Blocker [EPC]', 'Tumor Necrosis Factor Receptor Blocking Activity [MoA]']",61314-476-64,"2 SYRINGE, GLASS in 1 CARTON (61314-476-64)  / .2 mL in 1 SYRINGE, GLASS",7/1/2023,12/31/2025,FALSE,TRUE
612,61314-476,adalimumab-adaz,Sandoz Inc,HYRIMOZ,BLA,"INJECTION, SOLUTION",eea2b345-c0af-4b6e-b564-79fbd43595e8,HUMAN PRESCRIPTION DRUG,61314-476_eea2b345-c0af-4b6e-b564-79fbd43595e8,BLA761071,HYRIMOZ, 'ADALIMUMAB', 20 mg/.2mL,SUBCUTANEOUS',"['Antibodies', 'Monoclonal [CS]', 'Tumor Necrosis Factor Blocker [EPC]', 'Tumor Necrosis Factor Receptor Blocking Activity [MoA]']",61314-476-64,"2 SYRINGE, GLASS in 1 CARTON (61314-476-64)  / .2 mL in 1 SYRINGE, GLASS",7/1/2023,12/31/2025,FALSE,TRUE
613,61314-509,adalimumab-adaz,Sandoz Inc,HYRIMOZ,BLA,"INJECTION, SOLUTION",eea2b345-c0af-4b6e-b564-79fbd43595e8,HUMAN PRESCRIPTION DRUG,61314-509_eea2b345-c0af-4b6e-b564-79fbd43595e8,BLA761071,HYRIMOZ, 'ADALIMUMAB', 10 mg/.1mL,SUBCUTANEOUS',"['Antibodies', 'Monoclonal [CS]', 'Tumor Necrosis Factor Blocker [EPC]', 'Tumor Necrosis Factor Receptor Blocking Activity [MoA]']",61314-509-64,"1 SYRINGE, GLASS in 1 CARTON (61314-509-64)  / .1 mL in 1 SYRINGE, GLASS",7/1/2023,12/31/2025,FALSE,TRUE
614,61314-509,adalimumab-adaz,Sandoz Inc,HYRIMOZ,BLA,"INJECTION, SOLUTION",eea2b345-c0af-4b6e-b564-79fbd43595e8,HUMAN PRESCRIPTION DRUG,61314-509_eea2b345-c0af-4b6e-b564-79fbd43595e8,BLA761071,HYRIMOZ, 'ADALIMUMAB', 10 mg/.1mL,SUBCUTANEOUS',"['Antibodies', 'Monoclonal [CS]', 'Tumor Necrosis Factor Blocker [EPC]', 'Tumor Necrosis Factor Receptor Blocking Activity [MoA]']",61314-509-64,"1 SYRINGE, GLASS in 1 CARTON (61314-509-64)  / .1 mL in 1 SYRINGE, GLASS",7/1/2023,12/31/2025,FALSE,TRUE
615,61314-509,adalimumab-adaz,Sandoz Inc,HYRIMOZ,BLA,"INJECTION, SOLUTION",eea2b345-c0af-4b6e-b564-79fbd43595e8,HUMAN PRESCRIPTION DRUG,61314-509_eea2b345-c0af-4b6e-b564-79fbd43595e8,BLA761071,HYRIMOZ, 'ADALIMUMAB', 10 mg/.1mL,SUBCUTANEOUS',"['Antibodies', 'Monoclonal [CS]', 'Tumor Necrosis Factor Blocker [EPC]', 'Tumor Necrosis Factor Receptor Blocking Activity [MoA]']",61314-509-64,"1 SYRINGE, GLASS in 1 CARTON (61314-509-64)  / .1 mL in 1 SYRINGE, GLASS",7/1/2023,12/31/2025,FALSE,TRUE
616,61314-509,adalimumab-adaz,Sandoz Inc,HYRIMOZ,BLA,"INJECTION, SOLUTION",eea2b345-c0af-4b6e-b564-79fbd43595e8,HUMAN PRESCRIPTION DRUG,61314-509_eea2b345-c0af-4b6e-b564-79fbd43595e8,BLA761071,HYRIMOZ, 'ADALIMUMAB', 10 mg/.1mL,SUBCUTANEOUS',"['Antibodies', 'Monoclonal [CS]', 'Tumor Necrosis Factor Blocker [EPC]', 'Tumor Necrosis Factor Receptor Blocking Activity [MoA]']",61314-509-64,"1 SYRINGE, GLASS in 1 CARTON (61314-509-64)  / .1 mL in 1 SYRINGE, GLASS",7/1/2023,12/31/2025,FALSE,TRUE
617,61314-509,adalimumab-adaz,Sandoz Inc,HYRIMOZ,BLA,"INJECTION, SOLUTION",eea2b345-c0af-4b6e-b564-79fbd43595e8,HUMAN PRESCRIPTION DRUG,61314-509_eea2b345-c0af-4b6e-b564-79fbd43595e8,BLA761071,HYRIMOZ, 'ADALIMUMAB', 10 mg/.1mL,SUBCUTANEOUS',"['Antibodies', 'Monoclonal [CS]', 'Tumor Necrosis Factor Blocker [EPC]', 'Tumor Necrosis Factor Receptor Blocking Activity [MoA]']",61314-509-64,"1 SYRINGE, GLASS in 1 CARTON (61314-509-64)  / .1 mL in 1 SYRINGE, GLASS",7/1/2023,12/31/2025,FALSE,TRUE
618,61314-509,adalimumab-adaz,Sandoz Inc,HYRIMOZ,BLA,"INJECTION, SOLUTION",eea2b345-c0af-4b6e-b564-79fbd43595e8,HUMAN PRESCRIPTION DRUG,61314-509_eea2b345-c0af-4b6e-b564-79fbd43595e8,BLA761071,HYRIMOZ, 'ADALIMUMAB', 10 mg/.1mL,SUBCUTANEOUS',"['Antibodies', 'Monoclonal [CS]', 'Tumor Necrosis Factor Blocker [EPC]', 'Tumor Necrosis Factor Receptor Blocking Activity [MoA]']",61314-509-64,"1 SYRINGE, GLASS in 1 CARTON (61314-509-64)  / .1 mL in 1 SYRINGE, GLASS",7/1/2023,12/31/2025,FALSE,TRUE
619,61314-509,adalimumab-adaz,Sandoz Inc,HYRIMOZ,BLA,"INJECTION, SOLUTION",eea2b345-c0af-4b6e-b564-79fbd43595e8,HUMAN PRESCRIPTION DRUG,61314-509_eea2b345-c0af-4b6e-b564-79fbd43595e8,BLA761071,HYRIMOZ, 'ADALIMUMAB', 10 mg/.1mL,SUBCUTANEOUS',"['Antibodies', 'Monoclonal [CS]', 'Tumor Necrosis Factor Blocker [EPC]', 'Tumor Necrosis Factor Receptor Blocking Activity [MoA]']",61314-509-64,"1 SYRINGE, GLASS in 1 CARTON (61314-509-64)  / .1 mL in 1 SYRINGE, GLASS",7/1/2023,12/31/2025,FALSE,TRUE
620,61314-509,adalimumab-adaz,Sandoz Inc,HYRIMOZ,BLA,"INJECTION, SOLUTION",eea2b345-c0af-4b6e-b564-79fbd43595e8,HUMAN PRESCRIPTION DRUG,61314-509_eea2b345-c0af-4b6e-b564-79fbd43595e8,BLA761071,HYRIMOZ, 'ADALIMUMAB', 10 mg/.1mL,SUBCUTANEOUS',"['Antibodies', 'Monoclonal [CS]', 'Tumor Necrosis Factor Blocker [EPC]', 'Tumor Necrosis Factor Receptor Blocking Activity [MoA]']",61314-509-64,"1 SYRINGE, GLASS in 1 CARTON (61314-509-64)  / .1 mL in 1 SYRINGE, GLASS",7/1/2023,12/31/2025,FALSE,TRUE
621,61314-509,adalimumab-adaz,Sandoz Inc,HYRIMOZ,BLA,"INJECTION, SOLUTION",eea2b345-c0af-4b6e-b564-79fbd43595e8,HUMAN PRESCRIPTION DRUG,61314-509_eea2b345-c0af-4b6e-b564-79fbd43595e8,BLA761071,HYRIMOZ, 'ADALIMUMAB', 10 mg/.1mL,SUBCUTANEOUS',"['Antibodies', 'Monoclonal [CS]', 'Tumor Necrosis Factor Blocker [EPC]', 'Tumor Necrosis Factor Receptor Blocking Activity [MoA]']",61314-509-64,"1 SYRINGE, GLASS in 1 CARTON (61314-509-64)  / .1 mL in 1 SYRINGE, GLASS",7/1/2023,12/31/2025,FALSE,TRUE
622,61314-517,adalimumab-adaz,Sandoz Inc,HYRIMOZ,BLA,KIT,eea2b345-c0af-4b6e-b564-79fbd43595e8,HUMAN PRESCRIPTION DRUG,61314-517_eea2b345-c0af-4b6e-b564-79fbd43595e8,BLA761071,HYRIMOZ,,,,,61314-517-36,3 KIT in 1 CARTON (61314-517-36)  / 1 KIT in 1 KIT *  2 SYRINGE in 1 CARTON / .4 mL in 1 SYRINGE *  1 SYRINGE in 1 CARTON / .8 mL in 1 SYRINGE,7/1/2023,12/31/2025,FALSE,TRUE
623,61314-517,adalimumab-adaz,Sandoz Inc,HYRIMOZ,BLA,KIT,eea2b345-c0af-4b6e-b564-79fbd43595e8,HUMAN PRESCRIPTION DRUG,61314-517_eea2b345-c0af-4b6e-b564-79fbd43595e8,BLA761071,HYRIMOZ,,,,,61314-517-36,3 KIT in 1 CARTON (61314-517-36)  / 1 KIT in 1 KIT *  2 SYRINGE in 1 CARTON / .4 mL in 1 SYRINGE *  1 SYRINGE in 1 CARTON / .8 mL in 1 SYRINGE,7/1/2023,12/31/2025,FALSE,TRUE
624,61314-517,adalimumab-adaz,Sandoz Inc,HYRIMOZ,BLA,KIT,eea2b345-c0af-4b6e-b564-79fbd43595e8,HUMAN PRESCRIPTION DRUG,61314-517_eea2b345-c0af-4b6e-b564-79fbd43595e8,BLA761071,HYRIMOZ,,,,,61314-517-36,3 KIT in 1 CARTON (61314-517-36)  / 1 KIT in 1 KIT *  2 SYRINGE in 1 CARTON / .4 mL in 1 SYRINGE *  1 SYRINGE in 1 CARTON / .8 mL in 1 SYRINGE,7/1/2023,12/31/2025,FALSE,TRUE
625,61314-517,adalimumab-adaz,Sandoz Inc,HYRIMOZ,BLA,KIT,eea2b345-c0af-4b6e-b564-79fbd43595e8,HUMAN PRESCRIPTION DRUG,61314-517_eea2b345-c0af-4b6e-b564-79fbd43595e8,BLA761071,HYRIMOZ,,,,,61314-517-36,3 KIT in 1 CARTON (61314-517-36)  / 1 KIT in 1 KIT *  2 SYRINGE in 1 CARTON / .4 mL in 1 SYRINGE *  1 SYRINGE in 1 CARTON / .8 mL in 1 SYRINGE,7/1/2023,12/31/2025,FALSE,TRUE
626,61314-517,adalimumab-adaz,Sandoz Inc,HYRIMOZ,BLA,KIT,eea2b345-c0af-4b6e-b564-79fbd43595e8,HUMAN PRESCRIPTION DRUG,61314-517_eea2b345-c0af-4b6e-b564-79fbd43595e8,BLA761071,HYRIMOZ,,,,,61314-517-36,3 KIT in 1 CARTON (61314-517-36)  / 1 KIT in 1 KIT *  2 SYRINGE in 1 CARTON / .4 mL in 1 SYRINGE *  1 SYRINGE in 1 CARTON / .8 mL in 1 SYRINGE,7/1/2023,12/31/2025,FALSE,TRUE
627,61314-517,adalimumab-adaz,Sandoz Inc,HYRIMOZ,BLA,KIT,eea2b345-c0af-4b6e-b564-79fbd43595e8,HUMAN PRESCRIPTION DRUG,61314-517_eea2b345-c0af-4b6e-b564-79fbd43595e8,BLA761071,HYRIMOZ,,,,,61314-517-36,3 KIT in 1 CARTON (61314-517-36)  / 1 KIT in 1 KIT *  2 SYRINGE in 1 CARTON / .4 mL in 1 SYRINGE *  1 SYRINGE in 1 CARTON / .8 mL in 1 SYRINGE,7/1/2023,12/31/2025,FALSE,TRUE
628,61314-517,adalimumab-adaz,Sandoz Inc,HYRIMOZ,BLA,KIT,eea2b345-c0af-4b6e-b564-79fbd43595e8,HUMAN PRESCRIPTION DRUG,61314-517_eea2b345-c0af-4b6e-b564-79fbd43595e8,BLA761071,HYRIMOZ,,,,,61314-517-36,3 KIT in 1 CARTON (61314-517-36)  / 1 KIT in 1 KIT *  2 SYRINGE in 1 CARTON / .4 mL in 1 SYRINGE *  1 SYRINGE in 1 CARTON / .8 mL in 1 SYRINGE,7/1/2023,12/31/2025,FALSE,TRUE
629,61314-517,adalimumab-adaz,Sandoz Inc,HYRIMOZ,BLA,KIT,eea2b345-c0af-4b6e-b564-79fbd43595e8,HUMAN PRESCRIPTION DRUG,61314-517_eea2b345-c0af-4b6e-b564-79fbd43595e8,BLA761071,HYRIMOZ,,,,,61314-517-36,3 KIT in 1 CARTON (61314-517-36)  / 1 KIT in 1 KIT *  2 SYRINGE in 1 CARTON / .4 mL in 1 SYRINGE *  1 SYRINGE in 1 CARTON / .8 mL in 1 SYRINGE,7/1/2023,12/31/2025,FALSE,TRUE
630,61314-517,adalimumab-adaz,Sandoz Inc,HYRIMOZ,BLA,KIT,eea2b345-c0af-4b6e-b564-79fbd43595e8,HUMAN PRESCRIPTION DRUG,61314-517_eea2b345-c0af-4b6e-b564-79fbd43595e8,BLA761071,HYRIMOZ,,,,,61314-517-36,3 KIT in 1 CARTON (61314-517-36)  / 1 KIT in 1 KIT *  2 SYRINGE in 1 CARTON / .4 mL in 1 SYRINGE *  1 SYRINGE in 1 CARTON / .8 mL in 1 SYRINGE,7/1/2023,12/31/2025,FALSE,TRUE
631,61314-531,adalimumab-adaz,Sandoz Inc,HYRIMOZ,BLA,KIT,eea2b345-c0af-4b6e-b564-79fbd43595e8,HUMAN PRESCRIPTION DRUG,61314-531_eea2b345-c0af-4b6e-b564-79fbd43595e8,BLA761071,HYRIMOZ,,,,,61314-531-64,"2 KIT in 1 CARTON (61314-531-64)  / 1 KIT in 1 KIT *  1 SYRINGE, GLASS in 1 CARTON / .8 mL in 1 SYRINGE, GLASS *  1 SYRINGE, GLASS in 1 CARTON / .4 mL in 1 SYRINGE, GLASS",7/1/2023,12/31/2025,FALSE,TRUE
632,61314-531,adalimumab-adaz,Sandoz Inc,HYRIMOZ,BLA,KIT,eea2b345-c0af-4b6e-b564-79fbd43595e8,HUMAN PRESCRIPTION DRUG,61314-531_eea2b345-c0af-4b6e-b564-79fbd43595e8,BLA761071,HYRIMOZ,,,,,61314-531-64,"2 KIT in 1 CARTON (61314-531-64)  / 1 KIT in 1 KIT *  1 SYRINGE, GLASS in 1 CARTON / .8 mL in 1 SYRINGE, GLASS *  1 SYRINGE, GLASS in 1 CARTON / .4 mL in 1 SYRINGE, GLASS",7/1/2023,12/31/2025,FALSE,TRUE
633,61314-531,adalimumab-adaz,Sandoz Inc,HYRIMOZ,BLA,KIT,eea2b345-c0af-4b6e-b564-79fbd43595e8,HUMAN PRESCRIPTION DRUG,61314-531_eea2b345-c0af-4b6e-b564-79fbd43595e8,BLA761071,HYRIMOZ,,,,,61314-531-64,"2 KIT in 1 CARTON (61314-531-64)  / 1 KIT in 1 KIT *  1 SYRINGE, GLASS in 1 CARTON / .8 mL in 1 SYRINGE, GLASS *  1 SYRINGE, GLASS in 1 CARTON / .4 mL in 1 SYRINGE, GLASS",7/1/2023,12/31/2025,FALSE,TRUE
634,61314-531,adalimumab-adaz,Sandoz Inc,HYRIMOZ,BLA,KIT,eea2b345-c0af-4b6e-b564-79fbd43595e8,HUMAN PRESCRIPTION DRUG,61314-531_eea2b345-c0af-4b6e-b564-79fbd43595e8,BLA761071,HYRIMOZ,,,,,61314-531-64,"2 KIT in 1 CARTON (61314-531-64)  / 1 KIT in 1 KIT *  1 SYRINGE, GLASS in 1 CARTON / .8 mL in 1 SYRINGE, GLASS *  1 SYRINGE, GLASS in 1 CARTON / .4 mL in 1 SYRINGE, GLASS",7/1/2023,12/31/2025,FALSE,TRUE
635,61314-531,adalimumab-adaz,Sandoz Inc,HYRIMOZ,BLA,KIT,eea2b345-c0af-4b6e-b564-79fbd43595e8,HUMAN PRESCRIPTION DRUG,61314-531_eea2b345-c0af-4b6e-b564-79fbd43595e8,BLA761071,HYRIMOZ,,,,,61314-531-64,"2 KIT in 1 CARTON (61314-531-64)  / 1 KIT in 1 KIT *  1 SYRINGE, GLASS in 1 CARTON / .8 mL in 1 SYRINGE, GLASS *  1 SYRINGE, GLASS in 1 CARTON / .4 mL in 1 SYRINGE, GLASS",7/1/2023,12/31/2025,FALSE,TRUE
636,61314-531,adalimumab-adaz,Sandoz Inc,HYRIMOZ,BLA,KIT,eea2b345-c0af-4b6e-b564-79fbd43595e8,HUMAN PRESCRIPTION DRUG,61314-531_eea2b345-c0af-4b6e-b564-79fbd43595e8,BLA761071,HYRIMOZ,,,,,61314-531-64,"2 KIT in 1 CARTON (61314-531-64)  / 1 KIT in 1 KIT *  1 SYRINGE, GLASS in 1 CARTON / .8 mL in 1 SYRINGE, GLASS *  1 SYRINGE, GLASS in 1 CARTON / .4 mL in 1 SYRINGE, GLASS",7/1/2023,12/31/2025,FALSE,TRUE
637,61314-531,adalimumab-adaz,Sandoz Inc,HYRIMOZ,BLA,KIT,eea2b345-c0af-4b6e-b564-79fbd43595e8,HUMAN PRESCRIPTION DRUG,61314-531_eea2b345-c0af-4b6e-b564-79fbd43595e8,BLA761071,HYRIMOZ,,,,,61314-531-64,"2 KIT in 1 CARTON (61314-531-64)  / 1 KIT in 1 KIT *  1 SYRINGE, GLASS in 1 CARTON / .8 mL in 1 SYRINGE, GLASS *  1 SYRINGE, GLASS in 1 CARTON / .4 mL in 1 SYRINGE, GLASS",7/1/2023,12/31/2025,FALSE,TRUE
638,61314-531,adalimumab-adaz,Sandoz Inc,HYRIMOZ,BLA,KIT,eea2b345-c0af-4b6e-b564-79fbd43595e8,HUMAN PRESCRIPTION DRUG,61314-531_eea2b345-c0af-4b6e-b564-79fbd43595e8,BLA761071,HYRIMOZ,,,,,61314-531-64,"2 KIT in 1 CARTON (61314-531-64)  / 1 KIT in 1 KIT *  1 SYRINGE, GLASS in 1 CARTON / .8 mL in 1 SYRINGE, GLASS *  1 SYRINGE, GLASS in 1 CARTON / .4 mL in 1 SYRINGE, GLASS",7/1/2023,12/31/2025,FALSE,TRUE
639,61314-531,adalimumab-adaz,Sandoz Inc,HYRIMOZ,BLA,KIT,eea2b345-c0af-4b6e-b564-79fbd43595e8,HUMAN PRESCRIPTION DRUG,61314-531_eea2b345-c0af-4b6e-b564-79fbd43595e8,BLA761071,HYRIMOZ,,,,,61314-531-64,"2 KIT in 1 CARTON (61314-531-64)  / 1 KIT in 1 KIT *  1 SYRINGE, GLASS in 1 CARTON / .8 mL in 1 SYRINGE, GLASS *  1 SYRINGE, GLASS in 1 CARTON / .4 mL in 1 SYRINGE, GLASS",7/1/2023,12/31/2025,FALSE,TRUE
640,65219-554,adalimumab-aacf,"Fresenius Kabi USA, LLC",Idacio,BLA,KIT,150df432-fb8d-4ddf-abd0-4e574ad32059,HUMAN PRESCRIPTION DRUG,65219-554_150df432-fb8d-4ddf-abd0-4e574ad32059,BLA761255,Idacio,,,SUBCUTANEOUS',,65219-554-08,"1 KIT in 1 CARTON (65219-554-08)  *  .8 mL in 1 SYRINGE, GLASS (65219-574-04)  *  1 SWAB in 1 POUCH (65219-332-95)",7/1/2023,12/31/2025,FALSE,TRUE
641,65219-554,adalimumab-aacf,"Fresenius Kabi USA, LLC",Idacio,BLA,KIT,150df432-fb8d-4ddf-abd0-4e574ad32059,HUMAN PRESCRIPTION DRUG,65219-554_150df432-fb8d-4ddf-abd0-4e574ad32059,BLA761255,Idacio,,,SUBCUTANEOUS',,65219-554-28,"2 KIT in 1 CARTON (65219-554-28)  / 1 KIT in 1 KIT *  .8 mL in 1 SYRINGE, GLASS (65219-574-04)  *  1 SWAB in 1 POUCH (65219-332-95)",7/1/2023,12/31/2025,FALSE,TRUE
642,65219-554,adalimumab-aacf,"Fresenius Kabi USA, LLC",Idacio,BLA,KIT,150df432-fb8d-4ddf-abd0-4e574ad32059,HUMAN PRESCRIPTION DRUG,65219-554_150df432-fb8d-4ddf-abd0-4e574ad32059,BLA761255,Idacio,,,SUBCUTANEOUS',,65219-554-38,"3 KIT in 1 CARTON (65219-554-38)  / 1 KIT in 1 KIT *  .8 mL in 1 SYRINGE, GLASS (65219-574-04)  *  1 SWAB in 1 POUCH (65219-332-95)",7/1/2023,12/31/2025,FALSE,TRUE
643,65219-554,adalimumab-aacf,"Fresenius Kabi USA, LLC",Idacio,BLA,KIT,150df432-fb8d-4ddf-abd0-4e574ad32059,HUMAN PRESCRIPTION DRUG,65219-554_150df432-fb8d-4ddf-abd0-4e574ad32059,BLA761255,Idacio,,,SUBCUTANEOUS',,65219-554-08,"1 KIT in 1 CARTON (65219-554-08)  *  .8 mL in 1 SYRINGE, GLASS (65219-574-04)  *  1 SWAB in 1 POUCH (65219-332-95)",7/1/2023,12/31/2025,FALSE,TRUE
644,65219-554,adalimumab-aacf,"Fresenius Kabi USA, LLC",Idacio,BLA,KIT,150df432-fb8d-4ddf-abd0-4e574ad32059,HUMAN PRESCRIPTION DRUG,65219-554_150df432-fb8d-4ddf-abd0-4e574ad32059,BLA761255,Idacio,,,SUBCUTANEOUS',,65219-554-28,"2 KIT in 1 CARTON (65219-554-28)  / 1 KIT in 1 KIT *  .8 mL in 1 SYRINGE, GLASS (65219-574-04)  *  1 SWAB in 1 POUCH (65219-332-95)",7/1/2023,12/31/2025,FALSE,TRUE
645,65219-554,adalimumab-aacf,"Fresenius Kabi USA, LLC",Idacio,BLA,KIT,150df432-fb8d-4ddf-abd0-4e574ad32059,HUMAN PRESCRIPTION DRUG,65219-554_150df432-fb8d-4ddf-abd0-4e574ad32059,BLA761255,Idacio,,,SUBCUTANEOUS',,65219-554-38,"3 KIT in 1 CARTON (65219-554-38)  / 1 KIT in 1 KIT *  .8 mL in 1 SYRINGE, GLASS (65219-574-04)  *  1 SWAB in 1 POUCH (65219-332-95)",7/1/2023,12/31/2025,FALSE,TRUE
646,65219-554,adalimumab-aacf,"Fresenius Kabi USA, LLC",Idacio,BLA,KIT,150df432-fb8d-4ddf-abd0-4e574ad32059,HUMAN PRESCRIPTION DRUG,65219-554_150df432-fb8d-4ddf-abd0-4e574ad32059,BLA761255,Idacio,,,SUBCUTANEOUS',,65219-554-08,"1 KIT in 1 CARTON (65219-554-08)  *  .8 mL in 1 SYRINGE, GLASS (65219-574-04)  *  1 SWAB in 1 POUCH (65219-332-95)",7/1/2023,12/31/2025,FALSE,TRUE
647,65219-554,adalimumab-aacf,"Fresenius Kabi USA, LLC",Idacio,BLA,KIT,150df432-fb8d-4ddf-abd0-4e574ad32059,HUMAN PRESCRIPTION DRUG,65219-554_150df432-fb8d-4ddf-abd0-4e574ad32059,BLA761255,Idacio,,,SUBCUTANEOUS',,65219-554-28,"2 KIT in 1 CARTON (65219-554-28)  / 1 KIT in 1 KIT *  .8 mL in 1 SYRINGE, GLASS (65219-574-04)  *  1 SWAB in 1 POUCH (65219-332-95)",7/1/2023,12/31/2025,FALSE,TRUE
648,65219-554,adalimumab-aacf,"Fresenius Kabi USA, LLC",Idacio,BLA,KIT,150df432-fb8d-4ddf-abd0-4e574ad32059,HUMAN PRESCRIPTION DRUG,65219-554_150df432-fb8d-4ddf-abd0-4e574ad32059,BLA761255,Idacio,,,SUBCUTANEOUS',,65219-554-38,"3 KIT in 1 CARTON (65219-554-38)  / 1 KIT in 1 KIT *  .8 mL in 1 SYRINGE, GLASS (65219-574-04)  *  1 SWAB in 1 POUCH (65219-332-95)",7/1/2023,12/31/2025,FALSE,TRUE
649,65219-554,adalimumab-aacf,"Fresenius Kabi USA, LLC",Idacio,BLA,KIT,150df432-fb8d-4ddf-abd0-4e574ad32059,HUMAN PRESCRIPTION DRUG,65219-554_150df432-fb8d-4ddf-abd0-4e574ad32059,BLA761255,Idacio,,,SUBCUTANEOUS',,65219-554-08,"1 KIT in 1 CARTON (65219-554-08)  *  .8 mL in 1 SYRINGE, GLASS (65219-574-04)  *  1 SWAB in 1 POUCH (65219-332-95)",7/1/2023,12/31/2025,FALSE,TRUE
650,65219-554,adalimumab-aacf,"Fresenius Kabi USA, LLC",Idacio,BLA,KIT,150df432-fb8d-4ddf-abd0-4e574ad32059,HUMAN PRESCRIPTION DRUG,65219-554_150df432-fb8d-4ddf-abd0-4e574ad32059,BLA761255,Idacio,,,SUBCUTANEOUS',,65219-554-28,"2 KIT in 1 CARTON (65219-554-28)  / 1 KIT in 1 KIT *  .8 mL in 1 SYRINGE, GLASS (65219-574-04)  *  1 SWAB in 1 POUCH (65219-332-95)",7/1/2023,12/31/2025,FALSE,TRUE
651,65219-554,adalimumab-aacf,"Fresenius Kabi USA, LLC",Idacio,BLA,KIT,150df432-fb8d-4ddf-abd0-4e574ad32059,HUMAN PRESCRIPTION DRUG,65219-554_150df432-fb8d-4ddf-abd0-4e574ad32059,BLA761255,Idacio,,,SUBCUTANEOUS',,65219-554-38,"3 KIT in 1 CARTON (65219-554-38)  / 1 KIT in 1 KIT *  .8 mL in 1 SYRINGE, GLASS (65219-574-04)  *  1 SWAB in 1 POUCH (65219-332-95)",7/1/2023,12/31/2025,FALSE,TRUE
652,65219-554,adalimumab-aacf,"Fresenius Kabi USA, LLC",Idacio,BLA,KIT,150df432-fb8d-4ddf-abd0-4e574ad32059,HUMAN PRESCRIPTION DRUG,65219-554_150df432-fb8d-4ddf-abd0-4e574ad32059,BLA761255,Idacio,,,SUBCUTANEOUS',,65219-554-08,"1 KIT in 1 CARTON (65219-554-08)  *  .8 mL in 1 SYRINGE, GLASS (65219-574-04)  *  1 SWAB in 1 POUCH (65219-332-95)",7/1/2023,12/31/2025,FALSE,TRUE
653,65219-554,adalimumab-aacf,"Fresenius Kabi USA, LLC",Idacio,BLA,KIT,150df432-fb8d-4ddf-abd0-4e574ad32059,HUMAN PRESCRIPTION DRUG,65219-554_150df432-fb8d-4ddf-abd0-4e574ad32059,BLA761255,Idacio,,,SUBCUTANEOUS',,65219-554-28,"2 KIT in 1 CARTON (65219-554-28)  / 1 KIT in 1 KIT *  .8 mL in 1 SYRINGE, GLASS (65219-574-04)  *  1 SWAB in 1 POUCH (65219-332-95)",7/1/2023,12/31/2025,FALSE,TRUE
654,65219-554,adalimumab-aacf,"Fresenius Kabi USA, LLC",Idacio,BLA,KIT,150df432-fb8d-4ddf-abd0-4e574ad32059,HUMAN PRESCRIPTION DRUG,65219-554_150df432-fb8d-4ddf-abd0-4e574ad32059,BLA761255,Idacio,,,SUBCUTANEOUS',,65219-554-38,"3 KIT in 1 CARTON (65219-554-38)  / 1 KIT in 1 KIT *  .8 mL in 1 SYRINGE, GLASS (65219-574-04)  *  1 SWAB in 1 POUCH (65219-332-95)",7/1/2023,12/31/2025,FALSE,TRUE
655,65219-554,adalimumab-aacf,"Fresenius Kabi USA, LLC",Idacio,BLA,KIT,150df432-fb8d-4ddf-abd0-4e574ad32059,HUMAN PRESCRIPTION DRUG,65219-554_150df432-fb8d-4ddf-abd0-4e574ad32059,BLA761255,Idacio,,,SUBCUTANEOUS',,65219-554-08,"1 KIT in 1 CARTON (65219-554-08)  *  .8 mL in 1 SYRINGE, GLASS (65219-574-04)  *  1 SWAB in 1 POUCH (65219-332-95)",7/1/2023,12/31/2025,FALSE,TRUE
656,65219-554,adalimumab-aacf,"Fresenius Kabi USA, LLC",Idacio,BLA,KIT,150df432-fb8d-4ddf-abd0-4e574ad32059,HUMAN PRESCRIPTION DRUG,65219-554_150df432-fb8d-4ddf-abd0-4e574ad32059,BLA761255,Idacio,,,SUBCUTANEOUS',,65219-554-28,"2 KIT in 1 CARTON (65219-554-28)  / 1 KIT in 1 KIT *  .8 mL in 1 SYRINGE, GLASS (65219-574-04)  *  1 SWAB in 1 POUCH (65219-332-95)",7/1/2023,12/31/2025,FALSE,TRUE
657,65219-554,adalimumab-aacf,"Fresenius Kabi USA, LLC",Idacio,BLA,KIT,150df432-fb8d-4ddf-abd0-4e574ad32059,HUMAN PRESCRIPTION DRUG,65219-554_150df432-fb8d-4ddf-abd0-4e574ad32059,BLA761255,Idacio,,,SUBCUTANEOUS',,65219-554-38,"3 KIT in 1 CARTON (65219-554-38)  / 1 KIT in 1 KIT *  .8 mL in 1 SYRINGE, GLASS (65219-574-04)  *  1 SWAB in 1 POUCH (65219-332-95)",7/1/2023,12/31/2025,FALSE,TRUE
658,65219-554,adalimumab-aacf,"Fresenius Kabi USA, LLC",Idacio,BLA,KIT,150df432-fb8d-4ddf-abd0-4e574ad32059,HUMAN PRESCRIPTION DRUG,65219-554_150df432-fb8d-4ddf-abd0-4e574ad32059,BLA761255,Idacio,,,SUBCUTANEOUS',,65219-554-08,"1 KIT in 1 CARTON (65219-554-08)  *  .8 mL in 1 SYRINGE, GLASS (65219-574-04)  *  1 SWAB in 1 POUCH (65219-332-95)",7/1/2023,12/31/2025,FALSE,TRUE
659,65219-554,adalimumab-aacf,"Fresenius Kabi USA, LLC",Idacio,BLA,KIT,150df432-fb8d-4ddf-abd0-4e574ad32059,HUMAN PRESCRIPTION DRUG,65219-554_150df432-fb8d-4ddf-abd0-4e574ad32059,BLA761255,Idacio,,,SUBCUTANEOUS',,65219-554-28,"2 KIT in 1 CARTON (65219-554-28)  / 1 KIT in 1 KIT *  .8 mL in 1 SYRINGE, GLASS (65219-574-04)  *  1 SWAB in 1 POUCH (65219-332-95)",7/1/2023,12/31/2025,FALSE,TRUE
660,65219-554,adalimumab-aacf,"Fresenius Kabi USA, LLC",Idacio,BLA,KIT,150df432-fb8d-4ddf-abd0-4e574ad32059,HUMAN PRESCRIPTION DRUG,65219-554_150df432-fb8d-4ddf-abd0-4e574ad32059,BLA761255,Idacio,,,SUBCUTANEOUS',,65219-554-38,"3 KIT in 1 CARTON (65219-554-38)  / 1 KIT in 1 KIT *  .8 mL in 1 SYRINGE, GLASS (65219-574-04)  *  1 SWAB in 1 POUCH (65219-332-95)",7/1/2023,12/31/2025,FALSE,TRUE
661,65219-554,adalimumab-aacf,"Fresenius Kabi USA, LLC",Idacio,BLA,KIT,150df432-fb8d-4ddf-abd0-4e574ad32059,HUMAN PRESCRIPTION DRUG,65219-554_150df432-fb8d-4ddf-abd0-4e574ad32059,BLA761255,Idacio,,,SUBCUTANEOUS',,65219-554-08,"1 KIT in 1 CARTON (65219-554-08)  *  .8 mL in 1 SYRINGE, GLASS (65219-574-04)  *  1 SWAB in 1 POUCH (65219-332-95)",7/1/2023,12/31/2025,FALSE,TRUE
662,65219-554,adalimumab-aacf,"Fresenius Kabi USA, LLC",Idacio,BLA,KIT,150df432-fb8d-4ddf-abd0-4e574ad32059,HUMAN PRESCRIPTION DRUG,65219-554_150df432-fb8d-4ddf-abd0-4e574ad32059,BLA761255,Idacio,,,SUBCUTANEOUS',,65219-554-28,"2 KIT in 1 CARTON (65219-554-28)  / 1 KIT in 1 KIT *  .8 mL in 1 SYRINGE, GLASS (65219-574-04)  *  1 SWAB in 1 POUCH (65219-332-95)",7/1/2023,12/31/2025,FALSE,TRUE
663,65219-554,adalimumab-aacf,"Fresenius Kabi USA, LLC",Idacio,BLA,KIT,150df432-fb8d-4ddf-abd0-4e574ad32059,HUMAN PRESCRIPTION DRUG,65219-554_150df432-fb8d-4ddf-abd0-4e574ad32059,BLA761255,Idacio,,,SUBCUTANEOUS',,65219-554-38,"3 KIT in 1 CARTON (65219-554-38)  / 1 KIT in 1 KIT *  .8 mL in 1 SYRINGE, GLASS (65219-574-04)  *  1 SWAB in 1 POUCH (65219-332-95)",7/1/2023,12/31/2025,FALSE,TRUE
664,65219-554,adalimumab-aacf,"Fresenius Kabi USA, LLC",Idacio,BLA,KIT,150df432-fb8d-4ddf-abd0-4e574ad32059,HUMAN PRESCRIPTION DRUG,65219-554_150df432-fb8d-4ddf-abd0-4e574ad32059,BLA761255,Idacio,,,SUBCUTANEOUS',,65219-554-08,"1 KIT in 1 CARTON (65219-554-08)  *  .8 mL in 1 SYRINGE, GLASS (65219-574-04)  *  1 SWAB in 1 POUCH (65219-332-95)",7/1/2023,12/31/2025,FALSE,TRUE
665,65219-554,adalimumab-aacf,"Fresenius Kabi USA, LLC",Idacio,BLA,KIT,150df432-fb8d-4ddf-abd0-4e574ad32059,HUMAN PRESCRIPTION DRUG,65219-554_150df432-fb8d-4ddf-abd0-4e574ad32059,BLA761255,Idacio,,,SUBCUTANEOUS',,65219-554-28,"2 KIT in 1 CARTON (65219-554-28)  / 1 KIT in 1 KIT *  .8 mL in 1 SYRINGE, GLASS (65219-574-04)  *  1 SWAB in 1 POUCH (65219-332-95)",7/1/2023,12/31/2025,FALSE,TRUE
666,65219-554,adalimumab-aacf,"Fresenius Kabi USA, LLC",Idacio,BLA,KIT,150df432-fb8d-4ddf-abd0-4e574ad32059,HUMAN PRESCRIPTION DRUG,65219-554_150df432-fb8d-4ddf-abd0-4e574ad32059,BLA761255,Idacio,,,SUBCUTANEOUS',,65219-554-38,"3 KIT in 1 CARTON (65219-554-38)  / 1 KIT in 1 KIT *  .8 mL in 1 SYRINGE, GLASS (65219-574-04)  *  1 SWAB in 1 POUCH (65219-332-95)",7/1/2023,12/31/2025,FALSE,TRUE
667,65219-556,adalimumab-aacf,"Fresenius Kabi USA, LLC",Idacio,BLA,KIT,150df432-fb8d-4ddf-abd0-4e574ad32059,HUMAN PRESCRIPTION DRUG,65219-556_150df432-fb8d-4ddf-abd0-4e574ad32059,BLA761255,Idacio,,,SUBCUTANEOUS',,65219-556-18,"1 KIT in 1 CARTON (65219-556-18)  *  .8 mL in 1 SYRINGE, GLASS (65219-569-14)  *  1 SWAB in 1 POUCH (65219-332-95)",7/1/2023,12/31/2025,FALSE,TRUE
668,65219-556,adalimumab-aacf,"Fresenius Kabi USA, LLC",Idacio,BLA,KIT,150df432-fb8d-4ddf-abd0-4e574ad32059,HUMAN PRESCRIPTION DRUG,65219-556_150df432-fb8d-4ddf-abd0-4e574ad32059,BLA761255,Idacio,,,SUBCUTANEOUS',,65219-556-18,"1 KIT in 1 CARTON (65219-556-18)  *  .8 mL in 1 SYRINGE, GLASS (65219-569-14)  *  1 SWAB in 1 POUCH (65219-332-95)",7/1/2023,12/31/2025,FALSE,TRUE
669,65219-556,adalimumab-aacf,"Fresenius Kabi USA, LLC",Idacio,BLA,KIT,150df432-fb8d-4ddf-abd0-4e574ad32059,HUMAN PRESCRIPTION DRUG,65219-556_150df432-fb8d-4ddf-abd0-4e574ad32059,BLA761255,Idacio,,,SUBCUTANEOUS',,65219-556-18,"1 KIT in 1 CARTON (65219-556-18)  *  .8 mL in 1 SYRINGE, GLASS (65219-569-14)  *  1 SWAB in 1 POUCH (65219-332-95)",7/1/2023,12/31/2025,FALSE,TRUE
670,65219-556,adalimumab-aacf,"Fresenius Kabi USA, LLC",Idacio,BLA,KIT,150df432-fb8d-4ddf-abd0-4e574ad32059,HUMAN PRESCRIPTION DRUG,65219-556_150df432-fb8d-4ddf-abd0-4e574ad32059,BLA761255,Idacio,,,SUBCUTANEOUS',,65219-556-18,"1 KIT in 1 CARTON (65219-556-18)  *  .8 mL in 1 SYRINGE, GLASS (65219-569-14)  *  1 SWAB in 1 POUCH (65219-332-95)",7/1/2023,12/31/2025,FALSE,TRUE
671,65219-556,adalimumab-aacf,"Fresenius Kabi USA, LLC",Idacio,BLA,KIT,150df432-fb8d-4ddf-abd0-4e574ad32059,HUMAN PRESCRIPTION DRUG,65219-556_150df432-fb8d-4ddf-abd0-4e574ad32059,BLA761255,Idacio,,,SUBCUTANEOUS',,65219-556-18,"1 KIT in 1 CARTON (65219-556-18)  *  .8 mL in 1 SYRINGE, GLASS (65219-569-14)  *  1 SWAB in 1 POUCH (65219-332-95)",7/1/2023,12/31/2025,FALSE,TRUE
672,65219-556,adalimumab-aacf,"Fresenius Kabi USA, LLC",Idacio,BLA,KIT,150df432-fb8d-4ddf-abd0-4e574ad32059,HUMAN PRESCRIPTION DRUG,65219-556_150df432-fb8d-4ddf-abd0-4e574ad32059,BLA761255,Idacio,,,SUBCUTANEOUS',,65219-556-18,"1 KIT in 1 CARTON (65219-556-18)  *  .8 mL in 1 SYRINGE, GLASS (65219-569-14)  *  1 SWAB in 1 POUCH (65219-332-95)",7/1/2023,12/31/2025,FALSE,TRUE
673,65219-556,adalimumab-aacf,"Fresenius Kabi USA, LLC",Idacio,BLA,KIT,150df432-fb8d-4ddf-abd0-4e574ad32059,HUMAN PRESCRIPTION DRUG,65219-556_150df432-fb8d-4ddf-abd0-4e574ad32059,BLA761255,Idacio,,,SUBCUTANEOUS',,65219-556-18,"1 KIT in 1 CARTON (65219-556-18)  *  .8 mL in 1 SYRINGE, GLASS (65219-569-14)  *  1 SWAB in 1 POUCH (65219-332-95)",7/1/2023,12/31/2025,FALSE,TRUE
674,65219-556,adalimumab-aacf,"Fresenius Kabi USA, LLC",Idacio,BLA,KIT,150df432-fb8d-4ddf-abd0-4e574ad32059,HUMAN PRESCRIPTION DRUG,65219-556_150df432-fb8d-4ddf-abd0-4e574ad32059,BLA761255,Idacio,,,SUBCUTANEOUS',,65219-556-18,"1 KIT in 1 CARTON (65219-556-18)  *  .8 mL in 1 SYRINGE, GLASS (65219-569-14)  *  1 SWAB in 1 POUCH (65219-332-95)",7/1/2023,12/31/2025,FALSE,TRUE
675,65219-556,adalimumab-aacf,"Fresenius Kabi USA, LLC",Idacio,BLA,KIT,150df432-fb8d-4ddf-abd0-4e574ad32059,HUMAN PRESCRIPTION DRUG,65219-556_150df432-fb8d-4ddf-abd0-4e574ad32059,BLA761255,Idacio,,,SUBCUTANEOUS',,65219-556-18,"1 KIT in 1 CARTON (65219-556-18)  *  .8 mL in 1 SYRINGE, GLASS (65219-569-14)  *  1 SWAB in 1 POUCH (65219-332-95)",7/1/2023,12/31/2025,FALSE,TRUE
676,65219-558,adalimumab-aacf,"Fresenius Kabi USA, LLC",IDACIO,BLA,KIT,08dbaffe-9d05-43cf-b24b-b44ade8685fc,HUMAN PRESCRIPTION DRUG,65219-558_08dbaffe-9d05-43cf-b24b-b44ade8685fc,BLA761255,IDACIO,,,,,65219-558-08,"1 KIT in 1 CARTON (65219-558-08)  *  .8 mL in 1 VIAL, GLASS (65219-562-01)  *  1 SWAB in 1 POUCH (65219-332-95)",12/9/2024,12/31/2025,FALSE,TRUE
677,65219-558,adalimumab-aacf,"Fresenius Kabi USA, LLC",IDACIO,BLA,KIT,08dbaffe-9d05-43cf-b24b-b44ade8685fc,HUMAN PRESCRIPTION DRUG,65219-558_08dbaffe-9d05-43cf-b24b-b44ade8685fc,BLA761255,IDACIO,,,,,65219-558-08,"1 KIT in 1 CARTON (65219-558-08)  *  .8 mL in 1 VIAL, GLASS (65219-562-01)  *  1 SWAB in 1 POUCH (65219-332-95)",12/9/2024,12/31/2025,FALSE,TRUE
678,65219-558,adalimumab-aacf,"Fresenius Kabi USA, LLC",IDACIO,BLA,KIT,08dbaffe-9d05-43cf-b24b-b44ade8685fc,HUMAN PRESCRIPTION DRUG,65219-558_08dbaffe-9d05-43cf-b24b-b44ade8685fc,BLA761255,IDACIO,,,,,65219-558-08,"1 KIT in 1 CARTON (65219-558-08)  *  .8 mL in 1 VIAL, GLASS (65219-562-01)  *  1 SWAB in 1 POUCH (65219-332-95)",12/9/2024,12/31/2025,FALSE,TRUE
679,65219-558,adalimumab-aacf,"Fresenius Kabi USA, LLC",IDACIO,BLA,KIT,08dbaffe-9d05-43cf-b24b-b44ade8685fc,HUMAN PRESCRIPTION DRUG,65219-558_08dbaffe-9d05-43cf-b24b-b44ade8685fc,BLA761255,IDACIO,,,,,65219-558-08,"1 KIT in 1 CARTON (65219-558-08)  *  .8 mL in 1 VIAL, GLASS (65219-562-01)  *  1 SWAB in 1 POUCH (65219-332-95)",12/9/2024,12/31/2025,FALSE,TRUE
680,65219-558,adalimumab-aacf,"Fresenius Kabi USA, LLC",IDACIO,BLA,KIT,08dbaffe-9d05-43cf-b24b-b44ade8685fc,HUMAN PRESCRIPTION DRUG,65219-558_08dbaffe-9d05-43cf-b24b-b44ade8685fc,BLA761255,IDACIO,,,,,65219-558-08,"1 KIT in 1 CARTON (65219-558-08)  *  .8 mL in 1 VIAL, GLASS (65219-562-01)  *  1 SWAB in 1 POUCH (65219-332-95)",12/9/2024,12/31/2025,FALSE,TRUE
681,65219-558,adalimumab-aacf,"Fresenius Kabi USA, LLC",IDACIO,BLA,KIT,08dbaffe-9d05-43cf-b24b-b44ade8685fc,HUMAN PRESCRIPTION DRUG,65219-558_08dbaffe-9d05-43cf-b24b-b44ade8685fc,BLA761255,IDACIO,,,,,65219-558-08,"1 KIT in 1 CARTON (65219-558-08)  *  .8 mL in 1 VIAL, GLASS (65219-562-01)  *  1 SWAB in 1 POUCH (65219-332-95)",12/9/2024,12/31/2025,FALSE,TRUE
682,65219-558,adalimumab-aacf,"Fresenius Kabi USA, LLC",IDACIO,BLA,KIT,08dbaffe-9d05-43cf-b24b-b44ade8685fc,HUMAN PRESCRIPTION DRUG,65219-558_08dbaffe-9d05-43cf-b24b-b44ade8685fc,BLA761255,IDACIO,,,,,65219-558-08,"1 KIT in 1 CARTON (65219-558-08)  *  .8 mL in 1 VIAL, GLASS (65219-562-01)  *  1 SWAB in 1 POUCH (65219-332-95)",12/9/2024,12/31/2025,FALSE,TRUE
683,65219-558,adalimumab-aacf,"Fresenius Kabi USA, LLC",IDACIO,BLA,KIT,08dbaffe-9d05-43cf-b24b-b44ade8685fc,HUMAN PRESCRIPTION DRUG,65219-558_08dbaffe-9d05-43cf-b24b-b44ade8685fc,BLA761255,IDACIO,,,,,65219-558-08,"1 KIT in 1 CARTON (65219-558-08)  *  .8 mL in 1 VIAL, GLASS (65219-562-01)  *  1 SWAB in 1 POUCH (65219-332-95)",12/9/2024,12/31/2025,FALSE,TRUE
684,65219-558,adalimumab-aacf,"Fresenius Kabi USA, LLC",IDACIO,BLA,KIT,08dbaffe-9d05-43cf-b24b-b44ade8685fc,HUMAN PRESCRIPTION DRUG,65219-558_08dbaffe-9d05-43cf-b24b-b44ade8685fc,BLA761255,IDACIO,,,,,65219-558-08,"1 KIT in 1 CARTON (65219-558-08)  *  .8 mL in 1 VIAL, GLASS (65219-562-01)  *  1 SWAB in 1 POUCH (65219-332-95)",12/9/2024,12/31/2025,FALSE,TRUE
685,72511-399,adalimumab-atto,Amgen USA Inc.,AMJEVITA,BLA,INJECTION,ef428e54-7987-490a-8122-d3eb62515b97,HUMAN PRESCRIPTION DRUG,72511-399_ef428e54-7987-490a-8122-d3eb62515b97,BLA761024,AMJEVITA, 'ADALIMUMAB', 20 mg/.2mL,SUBCUTANEOUS',"['Antibodies', 'Monoclonal [CS]', 'Tumor Necrosis Factor Blocker [EPC]', 'Tumor Necrosis Factor Receptor Blocking Activity [MoA]']",72511-399-01,1 SYRINGE in 1 CARTON (72511-399-01)  / .2 mL in 1 SYRINGE,11/8/2024,12/31/2025,FALSE,TRUE
686,72511-399,adalimumab-atto,Amgen USA Inc.,AMJEVITA,BLA,INJECTION,ef428e54-7987-490a-8122-d3eb62515b97,HUMAN PRESCRIPTION DRUG,72511-399_ef428e54-7987-490a-8122-d3eb62515b97,BLA761024,AMJEVITA, 'ADALIMUMAB', 20 mg/.2mL,SUBCUTANEOUS',"['Antibodies', 'Monoclonal [CS]', 'Tumor Necrosis Factor Blocker [EPC]', 'Tumor Necrosis Factor Receptor Blocking Activity [MoA]']",72511-399-01,1 SYRINGE in 1 CARTON (72511-399-01)  / .2 mL in 1 SYRINGE,11/8/2024,12/31/2025,FALSE,TRUE
687,72511-399,adalimumab-atto,Amgen USA Inc.,AMJEVITA,BLA,INJECTION,ef428e54-7987-490a-8122-d3eb62515b97,HUMAN PRESCRIPTION DRUG,72511-399_ef428e54-7987-490a-8122-d3eb62515b97,BLA761024,AMJEVITA, 'ADALIMUMAB', 20 mg/.2mL,SUBCUTANEOUS',"['Antibodies', 'Monoclonal [CS]', 'Tumor Necrosis Factor Blocker [EPC]', 'Tumor Necrosis Factor Receptor Blocking Activity [MoA]']",72511-399-01,1 SYRINGE in 1 CARTON (72511-399-01)  / .2 mL in 1 SYRINGE,11/8/2024,12/31/2025,FALSE,TRUE
688,72511-399,adalimumab-atto,Amgen USA Inc.,AMJEVITA,BLA,INJECTION,ef428e54-7987-490a-8122-d3eb62515b97,HUMAN PRESCRIPTION DRUG,72511-399_ef428e54-7987-490a-8122-d3eb62515b97,BLA761024,AMJEVITA, 'ADALIMUMAB', 20 mg/.2mL,SUBCUTANEOUS',"['Antibodies', 'Monoclonal [CS]', 'Tumor Necrosis Factor Blocker [EPC]', 'Tumor Necrosis Factor Receptor Blocking Activity [MoA]']",72511-399-01,1 SYRINGE in 1 CARTON (72511-399-01)  / .2 mL in 1 SYRINGE,11/8/2024,12/31/2025,FALSE,TRUE
689,72511-399,adalimumab-atto,Amgen USA Inc.,AMJEVITA,BLA,INJECTION,ef428e54-7987-490a-8122-d3eb62515b97,HUMAN PRESCRIPTION DRUG,72511-399_ef428e54-7987-490a-8122-d3eb62515b97,BLA761024,AMJEVITA, 'ADALIMUMAB', 20 mg/.2mL,SUBCUTANEOUS',"['Antibodies', 'Monoclonal [CS]', 'Tumor Necrosis Factor Blocker [EPC]', 'Tumor Necrosis Factor Receptor Blocking Activity [MoA]']",72511-399-01,1 SYRINGE in 1 CARTON (72511-399-01)  / .2 mL in 1 SYRINGE,11/8/2024,12/31/2025,FALSE,TRUE
690,72511-399,adalimumab-atto,Amgen USA Inc.,AMJEVITA,BLA,INJECTION,ef428e54-7987-490a-8122-d3eb62515b97,HUMAN PRESCRIPTION DRUG,72511-399_ef428e54-7987-490a-8122-d3eb62515b97,BLA761024,AMJEVITA, 'ADALIMUMAB', 20 mg/.2mL,SUBCUTANEOUS',"['Antibodies', 'Monoclonal [CS]', 'Tumor Necrosis Factor Blocker [EPC]', 'Tumor Necrosis Factor Receptor Blocking Activity [MoA]']",72511-399-01,1 SYRINGE in 1 CARTON (72511-399-01)  / .2 mL in 1 SYRINGE,11/8/2024,12/31/2025,FALSE,TRUE
691,72511-399,adalimumab-atto,Amgen USA Inc.,AMJEVITA,BLA,INJECTION,ef428e54-7987-490a-8122-d3eb62515b97,HUMAN PRESCRIPTION DRUG,72511-399_ef428e54-7987-490a-8122-d3eb62515b97,BLA761024,AMJEVITA, 'ADALIMUMAB', 20 mg/.2mL,SUBCUTANEOUS',"['Antibodies', 'Monoclonal [CS]', 'Tumor Necrosis Factor Blocker [EPC]', 'Tumor Necrosis Factor Receptor Blocking Activity [MoA]']",72511-399-01,1 SYRINGE in 1 CARTON (72511-399-01)  / .2 mL in 1 SYRINGE,11/8/2024,12/31/2025,FALSE,TRUE
692,72511-399,adalimumab-atto,Amgen USA Inc.,AMJEVITA,BLA,INJECTION,ef428e54-7987-490a-8122-d3eb62515b97,HUMAN PRESCRIPTION DRUG,72511-399_ef428e54-7987-490a-8122-d3eb62515b97,BLA761024,AMJEVITA, 'ADALIMUMAB', 20 mg/.2mL,SUBCUTANEOUS',"['Antibodies', 'Monoclonal [CS]', 'Tumor Necrosis Factor Blocker [EPC]', 'Tumor Necrosis Factor Receptor Blocking Activity [MoA]']",72511-399-01,1 SYRINGE in 1 CARTON (72511-399-01)  / .2 mL in 1 SYRINGE,11/8/2024,12/31/2025,FALSE,TRUE
693,72511-399,adalimumab-atto,Amgen USA Inc.,AMJEVITA,BLA,INJECTION,ef428e54-7987-490a-8122-d3eb62515b97,HUMAN PRESCRIPTION DRUG,72511-399_ef428e54-7987-490a-8122-d3eb62515b97,BLA761024,AMJEVITA, 'ADALIMUMAB', 20 mg/.2mL,SUBCUTANEOUS',"['Antibodies', 'Monoclonal [CS]', 'Tumor Necrosis Factor Blocker [EPC]', 'Tumor Necrosis Factor Receptor Blocking Activity [MoA]']",72511-399-01,1 SYRINGE in 1 CARTON (72511-399-01)  / .2 mL in 1 SYRINGE,11/8/2024,12/31/2025,FALSE,TRUE
694,72511-400,adalimumab-atto,Amgen USA Inc.,AMJEVITA,BLA,INJECTION,ef428e54-7987-490a-8122-d3eb62515b97,HUMAN PRESCRIPTION DRUG,72511-400_ef428e54-7987-490a-8122-d3eb62515b97,BLA761024,AMJEVITA, 'ADALIMUMAB', 40 mg/.8mL,SUBCUTANEOUS',"['Antibodies', 'Monoclonal [CS]', 'Tumor Necrosis Factor Blocker [EPC]', 'Tumor Necrosis Factor Receptor Blocking Activity [MoA]']",72511-400-01,1 SYRINGE in 1 CARTON (72511-400-01)  / .8 mL in 1 SYRINGE,1/31/2023,12/31/2025,FALSE,TRUE
695,72511-400,adalimumab-atto,Amgen USA Inc.,AMJEVITA,BLA,INJECTION,ef428e54-7987-490a-8122-d3eb62515b97,HUMAN PRESCRIPTION DRUG,72511-400_ef428e54-7987-490a-8122-d3eb62515b97,BLA761024,AMJEVITA, 'ADALIMUMAB', 40 mg/.8mL,SUBCUTANEOUS',"['Antibodies', 'Monoclonal [CS]', 'Tumor Necrosis Factor Blocker [EPC]', 'Tumor Necrosis Factor Receptor Blocking Activity [MoA]']",72511-400-02,2 SYRINGE in 1 CARTON (72511-400-02)  / .8 mL in 1 SYRINGE,1/31/2023,12/31/2025,FALSE,TRUE
696,72511-400,adalimumab-atto,Amgen USA Inc.,AMJEVITA,BLA,INJECTION,ef428e54-7987-490a-8122-d3eb62515b97,HUMAN PRESCRIPTION DRUG,72511-400_ef428e54-7987-490a-8122-d3eb62515b97,BLA761024,AMJEVITA, 'ADALIMUMAB', 40 mg/.8mL,SUBCUTANEOUS',"['Antibodies', 'Monoclonal [CS]', 'Tumor Necrosis Factor Blocker [EPC]', 'Tumor Necrosis Factor Receptor Blocking Activity [MoA]']",72511-400-01,1 SYRINGE in 1 CARTON (72511-400-01)  / .8 mL in 1 SYRINGE,1/31/2023,12/31/2025,FALSE,TRUE
697,72511-400,adalimumab-atto,Amgen USA Inc.,AMJEVITA,BLA,INJECTION,ef428e54-7987-490a-8122-d3eb62515b97,HUMAN PRESCRIPTION DRUG,72511-400_ef428e54-7987-490a-8122-d3eb62515b97,BLA761024,AMJEVITA, 'ADALIMUMAB', 40 mg/.8mL,SUBCUTANEOUS',"['Antibodies', 'Monoclonal [CS]', 'Tumor Necrosis Factor Blocker [EPC]', 'Tumor Necrosis Factor Receptor Blocking Activity [MoA]']",72511-400-02,2 SYRINGE in 1 CARTON (72511-400-02)  / .8 mL in 1 SYRINGE,1/31/2023,12/31/2025,FALSE,TRUE
698,72511-400,adalimumab-atto,Amgen USA Inc.,AMJEVITA,BLA,INJECTION,ef428e54-7987-490a-8122-d3eb62515b97,HUMAN PRESCRIPTION DRUG,72511-400_ef428e54-7987-490a-8122-d3eb62515b97,BLA761024,AMJEVITA, 'ADALIMUMAB', 40 mg/.8mL,SUBCUTANEOUS',"['Antibodies', 'Monoclonal [CS]', 'Tumor Necrosis Factor Blocker [EPC]', 'Tumor Necrosis Factor Receptor Blocking Activity [MoA]']",72511-400-01,1 SYRINGE in 1 CARTON (72511-400-01)  / .8 mL in 1 SYRINGE,1/31/2023,12/31/2025,FALSE,TRUE
699,72511-400,adalimumab-atto,Amgen USA Inc.,AMJEVITA,BLA,INJECTION,ef428e54-7987-490a-8122-d3eb62515b97,HUMAN PRESCRIPTION DRUG,72511-400_ef428e54-7987-490a-8122-d3eb62515b97,BLA761024,AMJEVITA, 'ADALIMUMAB', 40 mg/.8mL,SUBCUTANEOUS',"['Antibodies', 'Monoclonal [CS]', 'Tumor Necrosis Factor Blocker [EPC]', 'Tumor Necrosis Factor Receptor Blocking Activity [MoA]']",72511-400-02,2 SYRINGE in 1 CARTON (72511-400-02)  / .8 mL in 1 SYRINGE,1/31/2023,12/31/2025,FALSE,TRUE
700,72511-400,adalimumab-atto,Amgen USA Inc.,AMJEVITA,BLA,INJECTION,ef428e54-7987-490a-8122-d3eb62515b97,HUMAN PRESCRIPTION DRUG,72511-400_ef428e54-7987-490a-8122-d3eb62515b97,BLA761024,AMJEVITA, 'ADALIMUMAB', 40 mg/.8mL,SUBCUTANEOUS',"['Antibodies', 'Monoclonal [CS]', 'Tumor Necrosis Factor Blocker [EPC]', 'Tumor Necrosis Factor Receptor Blocking Activity [MoA]']",72511-400-01,1 SYRINGE in 1 CARTON (72511-400-01)  / .8 mL in 1 SYRINGE,1/31/2023,12/31/2025,FALSE,TRUE
701,72511-400,adalimumab-atto,Amgen USA Inc.,AMJEVITA,BLA,INJECTION,ef428e54-7987-490a-8122-d3eb62515b97,HUMAN PRESCRIPTION DRUG,72511-400_ef428e54-7987-490a-8122-d3eb62515b97,BLA761024,AMJEVITA, 'ADALIMUMAB', 40 mg/.8mL,SUBCUTANEOUS',"['Antibodies', 'Monoclonal [CS]', 'Tumor Necrosis Factor Blocker [EPC]', 'Tumor Necrosis Factor Receptor Blocking Activity [MoA]']",72511-400-02,2 SYRINGE in 1 CARTON (72511-400-02)  / .8 mL in 1 SYRINGE,1/31/2023,12/31/2025,FALSE,TRUE
702,72511-400,adalimumab-atto,Amgen USA Inc.,AMJEVITA,BLA,INJECTION,ef428e54-7987-490a-8122-d3eb62515b97,HUMAN PRESCRIPTION DRUG,72511-400_ef428e54-7987-490a-8122-d3eb62515b97,BLA761024,AMJEVITA, 'ADALIMUMAB', 40 mg/.8mL,SUBCUTANEOUS',"['Antibodies', 'Monoclonal [CS]', 'Tumor Necrosis Factor Blocker [EPC]', 'Tumor Necrosis Factor Receptor Blocking Activity [MoA]']",72511-400-01,1 SYRINGE in 1 CARTON (72511-400-01)  / .8 mL in 1 SYRINGE,1/31/2023,12/31/2025,FALSE,TRUE
703,72511-400,adalimumab-atto,Amgen USA Inc.,AMJEVITA,BLA,INJECTION,ef428e54-7987-490a-8122-d3eb62515b97,HUMAN PRESCRIPTION DRUG,72511-400_ef428e54-7987-490a-8122-d3eb62515b97,BLA761024,AMJEVITA, 'ADALIMUMAB', 40 mg/.8mL,SUBCUTANEOUS',"['Antibodies', 'Monoclonal [CS]', 'Tumor Necrosis Factor Blocker [EPC]', 'Tumor Necrosis Factor Receptor Blocking Activity [MoA]']",72511-400-02,2 SYRINGE in 1 CARTON (72511-400-02)  / .8 mL in 1 SYRINGE,1/31/2023,12/31/2025,FALSE,TRUE
704,72511-400,adalimumab-atto,Amgen USA Inc.,AMJEVITA,BLA,INJECTION,ef428e54-7987-490a-8122-d3eb62515b97,HUMAN PRESCRIPTION DRUG,72511-400_ef428e54-7987-490a-8122-d3eb62515b97,BLA761024,AMJEVITA, 'ADALIMUMAB', 40 mg/.8mL,SUBCUTANEOUS',"['Antibodies', 'Monoclonal [CS]', 'Tumor Necrosis Factor Blocker [EPC]', 'Tumor Necrosis Factor Receptor Blocking Activity [MoA]']",72511-400-01,1 SYRINGE in 1 CARTON (72511-400-01)  / .8 mL in 1 SYRINGE,1/31/2023,12/31/2025,FALSE,TRUE
705,72511-400,adalimumab-atto,Amgen USA Inc.,AMJEVITA,BLA,INJECTION,ef428e54-7987-490a-8122-d3eb62515b97,HUMAN PRESCRIPTION DRUG,72511-400_ef428e54-7987-490a-8122-d3eb62515b97,BLA761024,AMJEVITA, 'ADALIMUMAB', 40 mg/.8mL,SUBCUTANEOUS',"['Antibodies', 'Monoclonal [CS]', 'Tumor Necrosis Factor Blocker [EPC]', 'Tumor Necrosis Factor Receptor Blocking Activity [MoA]']",72511-400-02,2 SYRINGE in 1 CARTON (72511-400-02)  / .8 mL in 1 SYRINGE,1/31/2023,12/31/2025,FALSE,TRUE
706,72511-400,adalimumab-atto,Amgen USA Inc.,AMJEVITA,BLA,INJECTION,ef428e54-7987-490a-8122-d3eb62515b97,HUMAN PRESCRIPTION DRUG,72511-400_ef428e54-7987-490a-8122-d3eb62515b97,BLA761024,AMJEVITA, 'ADALIMUMAB', 40 mg/.8mL,SUBCUTANEOUS',"['Antibodies', 'Monoclonal [CS]', 'Tumor Necrosis Factor Blocker [EPC]', 'Tumor Necrosis Factor Receptor Blocking Activity [MoA]']",72511-400-01,1 SYRINGE in 1 CARTON (72511-400-01)  / .8 mL in 1 SYRINGE,1/31/2023,12/31/2025,FALSE,TRUE
707,72511-400,adalimumab-atto,Amgen USA Inc.,AMJEVITA,BLA,INJECTION,ef428e54-7987-490a-8122-d3eb62515b97,HUMAN PRESCRIPTION DRUG,72511-400_ef428e54-7987-490a-8122-d3eb62515b97,BLA761024,AMJEVITA, 'ADALIMUMAB', 40 mg/.8mL,SUBCUTANEOUS',"['Antibodies', 'Monoclonal [CS]', 'Tumor Necrosis Factor Blocker [EPC]', 'Tumor Necrosis Factor Receptor Blocking Activity [MoA]']",72511-400-02,2 SYRINGE in 1 CARTON (72511-400-02)  / .8 mL in 1 SYRINGE,1/31/2023,12/31/2025,FALSE,TRUE
708,72511-400,adalimumab-atto,Amgen USA Inc.,AMJEVITA,BLA,INJECTION,ef428e54-7987-490a-8122-d3eb62515b97,HUMAN PRESCRIPTION DRUG,72511-400_ef428e54-7987-490a-8122-d3eb62515b97,BLA761024,AMJEVITA, 'ADALIMUMAB', 40 mg/.8mL,SUBCUTANEOUS',"['Antibodies', 'Monoclonal [CS]', 'Tumor Necrosis Factor Blocker [EPC]', 'Tumor Necrosis Factor Receptor Blocking Activity [MoA]']",72511-400-01,1 SYRINGE in 1 CARTON (72511-400-01)  / .8 mL in 1 SYRINGE,1/31/2023,12/31/2025,FALSE,TRUE
709,72511-400,adalimumab-atto,Amgen USA Inc.,AMJEVITA,BLA,INJECTION,ef428e54-7987-490a-8122-d3eb62515b97,HUMAN PRESCRIPTION DRUG,72511-400_ef428e54-7987-490a-8122-d3eb62515b97,BLA761024,AMJEVITA, 'ADALIMUMAB', 40 mg/.8mL,SUBCUTANEOUS',"['Antibodies', 'Monoclonal [CS]', 'Tumor Necrosis Factor Blocker [EPC]', 'Tumor Necrosis Factor Receptor Blocking Activity [MoA]']",72511-400-02,2 SYRINGE in 1 CARTON (72511-400-02)  / .8 mL in 1 SYRINGE,1/31/2023,12/31/2025,FALSE,TRUE
710,72511-400,adalimumab-atto,Amgen USA Inc.,AMJEVITA,BLA,INJECTION,ef428e54-7987-490a-8122-d3eb62515b97,HUMAN PRESCRIPTION DRUG,72511-400_ef428e54-7987-490a-8122-d3eb62515b97,BLA761024,AMJEVITA, 'ADALIMUMAB', 40 mg/.8mL,SUBCUTANEOUS',"['Antibodies', 'Monoclonal [CS]', 'Tumor Necrosis Factor Blocker [EPC]', 'Tumor Necrosis Factor Receptor Blocking Activity [MoA]']",72511-400-01,1 SYRINGE in 1 CARTON (72511-400-01)  / .8 mL in 1 SYRINGE,1/31/2023,12/31/2025,FALSE,TRUE
711,72511-400,adalimumab-atto,Amgen USA Inc.,AMJEVITA,BLA,INJECTION,ef428e54-7987-490a-8122-d3eb62515b97,HUMAN PRESCRIPTION DRUG,72511-400_ef428e54-7987-490a-8122-d3eb62515b97,BLA761024,AMJEVITA, 'ADALIMUMAB', 40 mg/.8mL,SUBCUTANEOUS',"['Antibodies', 'Monoclonal [CS]', 'Tumor Necrosis Factor Blocker [EPC]', 'Tumor Necrosis Factor Receptor Blocking Activity [MoA]']",72511-400-02,2 SYRINGE in 1 CARTON (72511-400-02)  / .8 mL in 1 SYRINGE,1/31/2023,12/31/2025,FALSE,TRUE
712,72511-479,adalimumab-atto,Amgen USA Inc.,AMJEVITA,BLA,INJECTION,ef428e54-7987-490a-8122-d3eb62515b97,HUMAN PRESCRIPTION DRUG,72511-479_ef428e54-7987-490a-8122-d3eb62515b97,BLA761024,AMJEVITA, 'ADALIMUMAB', 40 mg/.4mL,SUBCUTANEOUS',"['Antibodies', 'Monoclonal [CS]', 'Tumor Necrosis Factor Blocker [EPC]', 'Tumor Necrosis Factor Receptor Blocking Activity [MoA]']",72511-479-02,2 SYRINGE in 1 CARTON (72511-479-02)  / .4 mL in 1 SYRINGE,11/8/2024,12/31/2025,FALSE,TRUE
713,72511-479,adalimumab-atto,Amgen USA Inc.,AMJEVITA,BLA,INJECTION,ef428e54-7987-490a-8122-d3eb62515b97,HUMAN PRESCRIPTION DRUG,72511-479_ef428e54-7987-490a-8122-d3eb62515b97,BLA761024,AMJEVITA, 'ADALIMUMAB', 40 mg/.4mL,SUBCUTANEOUS',"['Antibodies', 'Monoclonal [CS]', 'Tumor Necrosis Factor Blocker [EPC]', 'Tumor Necrosis Factor Receptor Blocking Activity [MoA]']",72511-479-02,2 SYRINGE in 1 CARTON (72511-479-02)  / .4 mL in 1 SYRINGE,11/8/2024,12/31/2025,FALSE,TRUE
714,72511-479,adalimumab-atto,Amgen USA Inc.,AMJEVITA,BLA,INJECTION,ef428e54-7987-490a-8122-d3eb62515b97,HUMAN PRESCRIPTION DRUG,72511-479_ef428e54-7987-490a-8122-d3eb62515b97,BLA761024,AMJEVITA, 'ADALIMUMAB', 40 mg/.4mL,SUBCUTANEOUS',"['Antibodies', 'Monoclonal [CS]', 'Tumor Necrosis Factor Blocker [EPC]', 'Tumor Necrosis Factor Receptor Blocking Activity [MoA]']",72511-479-02,2 SYRINGE in 1 CARTON (72511-479-02)  / .4 mL in 1 SYRINGE,11/8/2024,12/31/2025,FALSE,TRUE
715,72511-479,adalimumab-atto,Amgen USA Inc.,AMJEVITA,BLA,INJECTION,ef428e54-7987-490a-8122-d3eb62515b97,HUMAN PRESCRIPTION DRUG,72511-479_ef428e54-7987-490a-8122-d3eb62515b97,BLA761024,AMJEVITA, 'ADALIMUMAB', 40 mg/.4mL,SUBCUTANEOUS',"['Antibodies', 'Monoclonal [CS]', 'Tumor Necrosis Factor Blocker [EPC]', 'Tumor Necrosis Factor Receptor Blocking Activity [MoA]']",72511-479-02,2 SYRINGE in 1 CARTON (72511-479-02)  / .4 mL in 1 SYRINGE,11/8/2024,12/31/2025,FALSE,TRUE
716,72511-479,adalimumab-atto,Amgen USA Inc.,AMJEVITA,BLA,INJECTION,ef428e54-7987-490a-8122-d3eb62515b97,HUMAN PRESCRIPTION DRUG,72511-479_ef428e54-7987-490a-8122-d3eb62515b97,BLA761024,AMJEVITA, 'ADALIMUMAB', 40 mg/.4mL,SUBCUTANEOUS',"['Antibodies', 'Monoclonal [CS]', 'Tumor Necrosis Factor Blocker [EPC]', 'Tumor Necrosis Factor Receptor Blocking Activity [MoA]']",72511-479-02,2 SYRINGE in 1 CARTON (72511-479-02)  / .4 mL in 1 SYRINGE,11/8/2024,12/31/2025,FALSE,TRUE
717,72511-479,adalimumab-atto,Amgen USA Inc.,AMJEVITA,BLA,INJECTION,ef428e54-7987-490a-8122-d3eb62515b97,HUMAN PRESCRIPTION DRUG,72511-479_ef428e54-7987-490a-8122-d3eb62515b97,BLA761024,AMJEVITA, 'ADALIMUMAB', 40 mg/.4mL,SUBCUTANEOUS',"['Antibodies', 'Monoclonal [CS]', 'Tumor Necrosis Factor Blocker [EPC]', 'Tumor Necrosis Factor Receptor Blocking Activity [MoA]']",72511-479-02,2 SYRINGE in 1 CARTON (72511-479-02)  / .4 mL in 1 SYRINGE,11/8/2024,12/31/2025,FALSE,TRUE
718,72511-479,adalimumab-atto,Amgen USA Inc.,AMJEVITA,BLA,INJECTION,ef428e54-7987-490a-8122-d3eb62515b97,HUMAN PRESCRIPTION DRUG,72511-479_ef428e54-7987-490a-8122-d3eb62515b97,BLA761024,AMJEVITA, 'ADALIMUMAB', 40 mg/.4mL,SUBCUTANEOUS',"['Antibodies', 'Monoclonal [CS]', 'Tumor Necrosis Factor Blocker [EPC]', 'Tumor Necrosis Factor Receptor Blocking Activity [MoA]']",72511-479-02,2 SYRINGE in 1 CARTON (72511-479-02)  / .4 mL in 1 SYRINGE,11/8/2024,12/31/2025,FALSE,TRUE
719,72511-479,adalimumab-atto,Amgen USA Inc.,AMJEVITA,BLA,INJECTION,ef428e54-7987-490a-8122-d3eb62515b97,HUMAN PRESCRIPTION DRUG,72511-479_ef428e54-7987-490a-8122-d3eb62515b97,BLA761024,AMJEVITA, 'ADALIMUMAB', 40 mg/.4mL,SUBCUTANEOUS',"['Antibodies', 'Monoclonal [CS]', 'Tumor Necrosis Factor Blocker [EPC]', 'Tumor Necrosis Factor Receptor Blocking Activity [MoA]']",72511-479-02,2 SYRINGE in 1 CARTON (72511-479-02)  / .4 mL in 1 SYRINGE,11/8/2024,12/31/2025,FALSE,TRUE
720,72511-479,adalimumab-atto,Amgen USA Inc.,AMJEVITA,BLA,INJECTION,ef428e54-7987-490a-8122-d3eb62515b97,HUMAN PRESCRIPTION DRUG,72511-479_ef428e54-7987-490a-8122-d3eb62515b97,BLA761024,AMJEVITA, 'ADALIMUMAB', 40 mg/.4mL,SUBCUTANEOUS',"['Antibodies', 'Monoclonal [CS]', 'Tumor Necrosis Factor Blocker [EPC]', 'Tumor Necrosis Factor Receptor Blocking Activity [MoA]']",72511-479-02,2 SYRINGE in 1 CARTON (72511-479-02)  / .4 mL in 1 SYRINGE,11/8/2024,12/31/2025,FALSE,TRUE
721,72511-481,adalimumab-atto,Amgen USA Inc.,AMJEVITA,BLA,INJECTION,ef428e54-7987-490a-8122-d3eb62515b97,HUMAN PRESCRIPTION DRUG,72511-481_ef428e54-7987-490a-8122-d3eb62515b97,BLA761024,AMJEVITA, 'ADALIMUMAB', 80 mg/.8mL,SUBCUTANEOUS',"['Antibodies', 'Monoclonal [CS]', 'Tumor Necrosis Factor Blocker [EPC]', 'Tumor Necrosis Factor Receptor Blocking Activity [MoA]']",72511-481-02,2 SYRINGE in 1 CARTON (72511-481-02)  / .8 mL in 1 SYRINGE,10/15/2024,12/31/2025,FALSE,TRUE
722,72511-481,adalimumab-atto,Amgen USA Inc.,AMJEVITA,BLA,INJECTION,ef428e54-7987-490a-8122-d3eb62515b97,HUMAN PRESCRIPTION DRUG,72511-481_ef428e54-7987-490a-8122-d3eb62515b97,BLA761024,AMJEVITA, 'ADALIMUMAB', 80 mg/.8mL,SUBCUTANEOUS',"['Antibodies', 'Monoclonal [CS]', 'Tumor Necrosis Factor Blocker [EPC]', 'Tumor Necrosis Factor Receptor Blocking Activity [MoA]']",72511-481-02,2 SYRINGE in 1 CARTON (72511-481-02)  / .8 mL in 1 SYRINGE,10/15/2024,12/31/2025,FALSE,TRUE
723,72511-481,adalimumab-atto,Amgen USA Inc.,AMJEVITA,BLA,INJECTION,ef428e54-7987-490a-8122-d3eb62515b97,HUMAN PRESCRIPTION DRUG,72511-481_ef428e54-7987-490a-8122-d3eb62515b97,BLA761024,AMJEVITA, 'ADALIMUMAB', 80 mg/.8mL,SUBCUTANEOUS',"['Antibodies', 'Monoclonal [CS]', 'Tumor Necrosis Factor Blocker [EPC]', 'Tumor Necrosis Factor Receptor Blocking Activity [MoA]']",72511-481-02,2 SYRINGE in 1 CARTON (72511-481-02)  / .8 mL in 1 SYRINGE,10/15/2024,12/31/2025,FALSE,TRUE
724,72511-481,adalimumab-atto,Amgen USA Inc.,AMJEVITA,BLA,INJECTION,ef428e54-7987-490a-8122-d3eb62515b97,HUMAN PRESCRIPTION DRUG,72511-481_ef428e54-7987-490a-8122-d3eb62515b97,BLA761024,AMJEVITA, 'ADALIMUMAB', 80 mg/.8mL,SUBCUTANEOUS',"['Antibodies', 'Monoclonal [CS]', 'Tumor Necrosis Factor Blocker [EPC]', 'Tumor Necrosis Factor Receptor Blocking Activity [MoA]']",72511-481-02,2 SYRINGE in 1 CARTON (72511-481-02)  / .8 mL in 1 SYRINGE,10/15/2024,12/31/2025,FALSE,TRUE
725,72511-481,adalimumab-atto,Amgen USA Inc.,AMJEVITA,BLA,INJECTION,ef428e54-7987-490a-8122-d3eb62515b97,HUMAN PRESCRIPTION DRUG,72511-481_ef428e54-7987-490a-8122-d3eb62515b97,BLA761024,AMJEVITA, 'ADALIMUMAB', 80 mg/.8mL,SUBCUTANEOUS',"['Antibodies', 'Monoclonal [CS]', 'Tumor Necrosis Factor Blocker [EPC]', 'Tumor Necrosis Factor Receptor Blocking Activity [MoA]']",72511-481-02,2 SYRINGE in 1 CARTON (72511-481-02)  / .8 mL in 1 SYRINGE,10/15/2024,12/31/2025,FALSE,TRUE
726,72511-481,adalimumab-atto,Amgen USA Inc.,AMJEVITA,BLA,INJECTION,ef428e54-7987-490a-8122-d3eb62515b97,HUMAN PRESCRIPTION DRUG,72511-481_ef428e54-7987-490a-8122-d3eb62515b97,BLA761024,AMJEVITA, 'ADALIMUMAB', 80 mg/.8mL,SUBCUTANEOUS',"['Antibodies', 'Monoclonal [CS]', 'Tumor Necrosis Factor Blocker [EPC]', 'Tumor Necrosis Factor Receptor Blocking Activity [MoA]']",72511-481-02,2 SYRINGE in 1 CARTON (72511-481-02)  / .8 mL in 1 SYRINGE,10/15/2024,12/31/2025,FALSE,TRUE
727,72511-481,adalimumab-atto,Amgen USA Inc.,AMJEVITA,BLA,INJECTION,ef428e54-7987-490a-8122-d3eb62515b97,HUMAN PRESCRIPTION DRUG,72511-481_ef428e54-7987-490a-8122-d3eb62515b97,BLA761024,AMJEVITA, 'ADALIMUMAB', 80 mg/.8mL,SUBCUTANEOUS',"['Antibodies', 'Monoclonal [CS]', 'Tumor Necrosis Factor Blocker [EPC]', 'Tumor Necrosis Factor Receptor Blocking Activity [MoA]']",72511-481-02,2 SYRINGE in 1 CARTON (72511-481-02)  / .8 mL in 1 SYRINGE,10/15/2024,12/31/2025,FALSE,TRUE
728,72511-481,adalimumab-atto,Amgen USA Inc.,AMJEVITA,BLA,INJECTION,ef428e54-7987-490a-8122-d3eb62515b97,HUMAN PRESCRIPTION DRUG,72511-481_ef428e54-7987-490a-8122-d3eb62515b97,BLA761024,AMJEVITA, 'ADALIMUMAB', 80 mg/.8mL,SUBCUTANEOUS',"['Antibodies', 'Monoclonal [CS]', 'Tumor Necrosis Factor Blocker [EPC]', 'Tumor Necrosis Factor Receptor Blocking Activity [MoA]']",72511-481-02,2 SYRINGE in 1 CARTON (72511-481-02)  / .8 mL in 1 SYRINGE,10/15/2024,12/31/2025,FALSE,TRUE
729,72511-481,adalimumab-atto,Amgen USA Inc.,AMJEVITA,BLA,INJECTION,ef428e54-7987-490a-8122-d3eb62515b97,HUMAN PRESCRIPTION DRUG,72511-481_ef428e54-7987-490a-8122-d3eb62515b97,BLA761024,AMJEVITA, 'ADALIMUMAB', 80 mg/.8mL,SUBCUTANEOUS',"['Antibodies', 'Monoclonal [CS]', 'Tumor Necrosis Factor Blocker [EPC]', 'Tumor Necrosis Factor Receptor Blocking Activity [MoA]']",72511-481-02,2 SYRINGE in 1 CARTON (72511-481-02)  / .8 mL in 1 SYRINGE,10/15/2024,12/31/2025,FALSE,TRUE
730,72511-482,adalimumab-atto,Amgen USA Inc.,AMJEVITA,BLA,INJECTION,ef428e54-7987-490a-8122-d3eb62515b97,HUMAN PRESCRIPTION DRUG,72511-482_ef428e54-7987-490a-8122-d3eb62515b97,BLA761024,AMJEVITA, 'ADALIMUMAB', 40 mg/.4mL,SUBCUTANEOUS',"['Antibodies', 'Monoclonal [CS]', 'Tumor Necrosis Factor Blocker [EPC]', 'Tumor Necrosis Factor Receptor Blocking Activity [MoA]']",72511-482-01,1 SYRINGE in 1 CARTON (72511-482-01)  / .4 mL in 1 SYRINGE,8/14/2023,12/31/2025,FALSE,TRUE
731,72511-482,adalimumab-atto,Amgen USA Inc.,AMJEVITA,BLA,INJECTION,ef428e54-7987-490a-8122-d3eb62515b97,HUMAN PRESCRIPTION DRUG,72511-482_ef428e54-7987-490a-8122-d3eb62515b97,BLA761024,AMJEVITA, 'ADALIMUMAB', 40 mg/.4mL,SUBCUTANEOUS',"['Antibodies', 'Monoclonal [CS]', 'Tumor Necrosis Factor Blocker [EPC]', 'Tumor Necrosis Factor Receptor Blocking Activity [MoA]']",72511-482-02,2 SYRINGE in 1 CARTON (72511-482-02)  / .4 mL in 1 SYRINGE,8/14/2023,12/31/2025,FALSE,TRUE
732,72511-482,adalimumab-atto,Amgen USA Inc.,AMJEVITA,BLA,INJECTION,ef428e54-7987-490a-8122-d3eb62515b97,HUMAN PRESCRIPTION DRUG,72511-482_ef428e54-7987-490a-8122-d3eb62515b97,BLA761024,AMJEVITA, 'ADALIMUMAB', 40 mg/.4mL,SUBCUTANEOUS',"['Antibodies', 'Monoclonal [CS]', 'Tumor Necrosis Factor Blocker [EPC]', 'Tumor Necrosis Factor Receptor Blocking Activity [MoA]']",72511-482-01,1 SYRINGE in 1 CARTON (72511-482-01)  / .4 mL in 1 SYRINGE,8/14/2023,12/31/2025,FALSE,TRUE
733,72511-482,adalimumab-atto,Amgen USA Inc.,AMJEVITA,BLA,INJECTION,ef428e54-7987-490a-8122-d3eb62515b97,HUMAN PRESCRIPTION DRUG,72511-482_ef428e54-7987-490a-8122-d3eb62515b97,BLA761024,AMJEVITA, 'ADALIMUMAB', 40 mg/.4mL,SUBCUTANEOUS',"['Antibodies', 'Monoclonal [CS]', 'Tumor Necrosis Factor Blocker [EPC]', 'Tumor Necrosis Factor Receptor Blocking Activity [MoA]']",72511-482-02,2 SYRINGE in 1 CARTON (72511-482-02)  / .4 mL in 1 SYRINGE,8/14/2023,12/31/2025,FALSE,TRUE
734,72511-482,adalimumab-atto,Amgen USA Inc.,AMJEVITA,BLA,INJECTION,ef428e54-7987-490a-8122-d3eb62515b97,HUMAN PRESCRIPTION DRUG,72511-482_ef428e54-7987-490a-8122-d3eb62515b97,BLA761024,AMJEVITA, 'ADALIMUMAB', 40 mg/.4mL,SUBCUTANEOUS',"['Antibodies', 'Monoclonal [CS]', 'Tumor Necrosis Factor Blocker [EPC]', 'Tumor Necrosis Factor Receptor Blocking Activity [MoA]']",72511-482-01,1 SYRINGE in 1 CARTON (72511-482-01)  / .4 mL in 1 SYRINGE,8/14/2023,12/31/2025,FALSE,TRUE
735,72511-482,adalimumab-atto,Amgen USA Inc.,AMJEVITA,BLA,INJECTION,ef428e54-7987-490a-8122-d3eb62515b97,HUMAN PRESCRIPTION DRUG,72511-482_ef428e54-7987-490a-8122-d3eb62515b97,BLA761024,AMJEVITA, 'ADALIMUMAB', 40 mg/.4mL,SUBCUTANEOUS',"['Antibodies', 'Monoclonal [CS]', 'Tumor Necrosis Factor Blocker [EPC]', 'Tumor Necrosis Factor Receptor Blocking Activity [MoA]']",72511-482-02,2 SYRINGE in 1 CARTON (72511-482-02)  / .4 mL in 1 SYRINGE,8/14/2023,12/31/2025,FALSE,TRUE
736,72511-482,adalimumab-atto,Amgen USA Inc.,AMJEVITA,BLA,INJECTION,ef428e54-7987-490a-8122-d3eb62515b97,HUMAN PRESCRIPTION DRUG,72511-482_ef428e54-7987-490a-8122-d3eb62515b97,BLA761024,AMJEVITA, 'ADALIMUMAB', 40 mg/.4mL,SUBCUTANEOUS',"['Antibodies', 'Monoclonal [CS]', 'Tumor Necrosis Factor Blocker [EPC]', 'Tumor Necrosis Factor Receptor Blocking Activity [MoA]']",72511-482-01,1 SYRINGE in 1 CARTON (72511-482-01)  / .4 mL in 1 SYRINGE,8/14/2023,12/31/2025,FALSE,TRUE
737,72511-482,adalimumab-atto,Amgen USA Inc.,AMJEVITA,BLA,INJECTION,ef428e54-7987-490a-8122-d3eb62515b97,HUMAN PRESCRIPTION DRUG,72511-482_ef428e54-7987-490a-8122-d3eb62515b97,BLA761024,AMJEVITA, 'ADALIMUMAB', 40 mg/.4mL,SUBCUTANEOUS',"['Antibodies', 'Monoclonal [CS]', 'Tumor Necrosis Factor Blocker [EPC]', 'Tumor Necrosis Factor Receptor Blocking Activity [MoA]']",72511-482-02,2 SYRINGE in 1 CARTON (72511-482-02)  / .4 mL in 1 SYRINGE,8/14/2023,12/31/2025,FALSE,TRUE
738,72511-482,adalimumab-atto,Amgen USA Inc.,AMJEVITA,BLA,INJECTION,ef428e54-7987-490a-8122-d3eb62515b97,HUMAN PRESCRIPTION DRUG,72511-482_ef428e54-7987-490a-8122-d3eb62515b97,BLA761024,AMJEVITA, 'ADALIMUMAB', 40 mg/.4mL,SUBCUTANEOUS',"['Antibodies', 'Monoclonal [CS]', 'Tumor Necrosis Factor Blocker [EPC]', 'Tumor Necrosis Factor Receptor Blocking Activity [MoA]']",72511-482-01,1 SYRINGE in 1 CARTON (72511-482-01)  / .4 mL in 1 SYRINGE,8/14/2023,12/31/2025,FALSE,TRUE
739,72511-482,adalimumab-atto,Amgen USA Inc.,AMJEVITA,BLA,INJECTION,ef428e54-7987-490a-8122-d3eb62515b97,HUMAN PRESCRIPTION DRUG,72511-482_ef428e54-7987-490a-8122-d3eb62515b97,BLA761024,AMJEVITA, 'ADALIMUMAB', 40 mg/.4mL,SUBCUTANEOUS',"['Antibodies', 'Monoclonal [CS]', 'Tumor Necrosis Factor Blocker [EPC]', 'Tumor Necrosis Factor Receptor Blocking Activity [MoA]']",72511-482-02,2 SYRINGE in 1 CARTON (72511-482-02)  / .4 mL in 1 SYRINGE,8/14/2023,12/31/2025,FALSE,TRUE
740,72511-482,adalimumab-atto,Amgen USA Inc.,AMJEVITA,BLA,INJECTION,ef428e54-7987-490a-8122-d3eb62515b97,HUMAN PRESCRIPTION DRUG,72511-482_ef428e54-7987-490a-8122-d3eb62515b97,BLA761024,AMJEVITA, 'ADALIMUMAB', 40 mg/.4mL,SUBCUTANEOUS',"['Antibodies', 'Monoclonal [CS]', 'Tumor Necrosis Factor Blocker [EPC]', 'Tumor Necrosis Factor Receptor Blocking Activity [MoA]']",72511-482-01,1 SYRINGE in 1 CARTON (72511-482-01)  / .4 mL in 1 SYRINGE,8/14/2023,12/31/2025,FALSE,TRUE
741,72511-482,adalimumab-atto,Amgen USA Inc.,AMJEVITA,BLA,INJECTION,ef428e54-7987-490a-8122-d3eb62515b97,HUMAN PRESCRIPTION DRUG,72511-482_ef428e54-7987-490a-8122-d3eb62515b97,BLA761024,AMJEVITA, 'ADALIMUMAB', 40 mg/.4mL,SUBCUTANEOUS',"['Antibodies', 'Monoclonal [CS]', 'Tumor Necrosis Factor Blocker [EPC]', 'Tumor Necrosis Factor Receptor Blocking Activity [MoA]']",72511-482-02,2 SYRINGE in 1 CARTON (72511-482-02)  / .4 mL in 1 SYRINGE,8/14/2023,12/31/2025,FALSE,TRUE
742,72511-482,adalimumab-atto,Amgen USA Inc.,AMJEVITA,BLA,INJECTION,ef428e54-7987-490a-8122-d3eb62515b97,HUMAN PRESCRIPTION DRUG,72511-482_ef428e54-7987-490a-8122-d3eb62515b97,BLA761024,AMJEVITA, 'ADALIMUMAB', 40 mg/.4mL,SUBCUTANEOUS',"['Antibodies', 'Monoclonal [CS]', 'Tumor Necrosis Factor Blocker [EPC]', 'Tumor Necrosis Factor Receptor Blocking Activity [MoA]']",72511-482-01,1 SYRINGE in 1 CARTON (72511-482-01)  / .4 mL in 1 SYRINGE,8/14/2023,12/31/2025,FALSE,TRUE
743,72511-482,adalimumab-atto,Amgen USA Inc.,AMJEVITA,BLA,INJECTION,ef428e54-7987-490a-8122-d3eb62515b97,HUMAN PRESCRIPTION DRUG,72511-482_ef428e54-7987-490a-8122-d3eb62515b97,BLA761024,AMJEVITA, 'ADALIMUMAB', 40 mg/.4mL,SUBCUTANEOUS',"['Antibodies', 'Monoclonal [CS]', 'Tumor Necrosis Factor Blocker [EPC]', 'Tumor Necrosis Factor Receptor Blocking Activity [MoA]']",72511-482-02,2 SYRINGE in 1 CARTON (72511-482-02)  / .4 mL in 1 SYRINGE,8/14/2023,12/31/2025,FALSE,TRUE
744,72511-482,adalimumab-atto,Amgen USA Inc.,AMJEVITA,BLA,INJECTION,ef428e54-7987-490a-8122-d3eb62515b97,HUMAN PRESCRIPTION DRUG,72511-482_ef428e54-7987-490a-8122-d3eb62515b97,BLA761024,AMJEVITA, 'ADALIMUMAB', 40 mg/.4mL,SUBCUTANEOUS',"['Antibodies', 'Monoclonal [CS]', 'Tumor Necrosis Factor Blocker [EPC]', 'Tumor Necrosis Factor Receptor Blocking Activity [MoA]']",72511-482-01,1 SYRINGE in 1 CARTON (72511-482-01)  / .4 mL in 1 SYRINGE,8/14/2023,12/31/2025,FALSE,TRUE
745,72511-482,adalimumab-atto,Amgen USA Inc.,AMJEVITA,BLA,INJECTION,ef428e54-7987-490a-8122-d3eb62515b97,HUMAN PRESCRIPTION DRUG,72511-482_ef428e54-7987-490a-8122-d3eb62515b97,BLA761024,AMJEVITA, 'ADALIMUMAB', 40 mg/.4mL,SUBCUTANEOUS',"['Antibodies', 'Monoclonal [CS]', 'Tumor Necrosis Factor Blocker [EPC]', 'Tumor Necrosis Factor Receptor Blocking Activity [MoA]']",72511-482-02,2 SYRINGE in 1 CARTON (72511-482-02)  / .4 mL in 1 SYRINGE,8/14/2023,12/31/2025,FALSE,TRUE
746,72511-482,adalimumab-atto,Amgen USA Inc.,AMJEVITA,BLA,INJECTION,ef428e54-7987-490a-8122-d3eb62515b97,HUMAN PRESCRIPTION DRUG,72511-482_ef428e54-7987-490a-8122-d3eb62515b97,BLA761024,AMJEVITA, 'ADALIMUMAB', 40 mg/.4mL,SUBCUTANEOUS',"['Antibodies', 'Monoclonal [CS]', 'Tumor Necrosis Factor Blocker [EPC]', 'Tumor Necrosis Factor Receptor Blocking Activity [MoA]']",72511-482-01,1 SYRINGE in 1 CARTON (72511-482-01)  / .4 mL in 1 SYRINGE,8/14/2023,12/31/2025,FALSE,TRUE
747,72511-482,adalimumab-atto,Amgen USA Inc.,AMJEVITA,BLA,INJECTION,ef428e54-7987-490a-8122-d3eb62515b97,HUMAN PRESCRIPTION DRUG,72511-482_ef428e54-7987-490a-8122-d3eb62515b97,BLA761024,AMJEVITA, 'ADALIMUMAB', 40 mg/.4mL,SUBCUTANEOUS',"['Antibodies', 'Monoclonal [CS]', 'Tumor Necrosis Factor Blocker [EPC]', 'Tumor Necrosis Factor Receptor Blocking Activity [MoA]']",72511-482-02,2 SYRINGE in 1 CARTON (72511-482-02)  / .4 mL in 1 SYRINGE,8/14/2023,12/31/2025,FALSE,TRUE
748,78206-183,adalimumab-bwwd,Organon LLC,Hadlima,BLA,SOLUTION,b67b2a3e-0e72-40b5-ab89-c43d1d6d1acc,HUMAN PRESCRIPTION DRUG,78206-183_b67b2a3e-0e72-40b5-ab89-c43d1d6d1acc,BLA761059,Hadlima, 'ADALIMUMAB', 40 mg/.8mL,SUBCUTANEOUS',"['Antibodies', 'Monoclonal [CS]', 'Tumor Necrosis Factor Blocker [EPC]', 'Tumor Necrosis Factor Receptor Blocking Activity [MoA]']",78206-183-01,2 CARTON in 1 CARTON (78206-183-01)  / 1 SYRINGE in 1 CARTON (78206-183-99)  / .8 mL in 1 SYRINGE,7/1/2023,12/31/2025,FALSE,TRUE
749,78206-183,adalimumab-bwwd,Organon LLC,Hadlima,BLA,SOLUTION,b67b2a3e-0e72-40b5-ab89-c43d1d6d1acc,HUMAN PRESCRIPTION DRUG,78206-183_b67b2a3e-0e72-40b5-ab89-c43d1d6d1acc,BLA761059,Hadlima, 'ADALIMUMAB', 40 mg/.8mL,SUBCUTANEOUS',"['Antibodies', 'Monoclonal [CS]', 'Tumor Necrosis Factor Blocker [EPC]', 'Tumor Necrosis Factor Receptor Blocking Activity [MoA]']",78206-183-01,2 CARTON in 1 CARTON (78206-183-01)  / 1 SYRINGE in 1 CARTON (78206-183-99)  / .8 mL in 1 SYRINGE,7/1/2023,12/31/2025,FALSE,TRUE
750,78206-183,adalimumab-bwwd,Organon LLC,Hadlima,BLA,SOLUTION,b67b2a3e-0e72-40b5-ab89-c43d1d6d1acc,HUMAN PRESCRIPTION DRUG,78206-183_b67b2a3e-0e72-40b5-ab89-c43d1d6d1acc,BLA761059,Hadlima, 'ADALIMUMAB', 40 mg/.8mL,SUBCUTANEOUS',"['Antibodies', 'Monoclonal [CS]', 'Tumor Necrosis Factor Blocker [EPC]', 'Tumor Necrosis Factor Receptor Blocking Activity [MoA]']",78206-183-01,2 CARTON in 1 CARTON (78206-183-01)  / 1 SYRINGE in 1 CARTON (78206-183-99)  / .8 mL in 1 SYRINGE,7/1/2023,12/31/2025,FALSE,TRUE
751,78206-183,adalimumab-bwwd,Organon LLC,Hadlima,BLA,SOLUTION,b67b2a3e-0e72-40b5-ab89-c43d1d6d1acc,HUMAN PRESCRIPTION DRUG,78206-183_b67b2a3e-0e72-40b5-ab89-c43d1d6d1acc,BLA761059,Hadlima, 'ADALIMUMAB', 40 mg/.8mL,SUBCUTANEOUS',"['Antibodies', 'Monoclonal [CS]', 'Tumor Necrosis Factor Blocker [EPC]', 'Tumor Necrosis Factor Receptor Blocking Activity [MoA]']",78206-183-01,2 CARTON in 1 CARTON (78206-183-01)  / 1 SYRINGE in 1 CARTON (78206-183-99)  / .8 mL in 1 SYRINGE,7/1/2023,12/31/2025,FALSE,TRUE
752,78206-183,adalimumab-bwwd,Organon LLC,Hadlima,BLA,SOLUTION,b67b2a3e-0e72-40b5-ab89-c43d1d6d1acc,HUMAN PRESCRIPTION DRUG,78206-183_b67b2a3e-0e72-40b5-ab89-c43d1d6d1acc,BLA761059,Hadlima, 'ADALIMUMAB', 40 mg/.8mL,SUBCUTANEOUS',"['Antibodies', 'Monoclonal [CS]', 'Tumor Necrosis Factor Blocker [EPC]', 'Tumor Necrosis Factor Receptor Blocking Activity [MoA]']",78206-183-01,2 CARTON in 1 CARTON (78206-183-01)  / 1 SYRINGE in 1 CARTON (78206-183-99)  / .8 mL in 1 SYRINGE,7/1/2023,12/31/2025,FALSE,TRUE
753,78206-183,adalimumab-bwwd,Organon LLC,Hadlima,BLA,SOLUTION,b67b2a3e-0e72-40b5-ab89-c43d1d6d1acc,HUMAN PRESCRIPTION DRUG,78206-183_b67b2a3e-0e72-40b5-ab89-c43d1d6d1acc,BLA761059,Hadlima, 'ADALIMUMAB', 40 mg/.8mL,SUBCUTANEOUS',"['Antibodies', 'Monoclonal [CS]', 'Tumor Necrosis Factor Blocker [EPC]', 'Tumor Necrosis Factor Receptor Blocking Activity [MoA]']",78206-183-01,2 CARTON in 1 CARTON (78206-183-01)  / 1 SYRINGE in 1 CARTON (78206-183-99)  / .8 mL in 1 SYRINGE,7/1/2023,12/31/2025,FALSE,TRUE
754,78206-183,adalimumab-bwwd,Organon LLC,Hadlima,BLA,SOLUTION,b67b2a3e-0e72-40b5-ab89-c43d1d6d1acc,HUMAN PRESCRIPTION DRUG,78206-183_b67b2a3e-0e72-40b5-ab89-c43d1d6d1acc,BLA761059,Hadlima, 'ADALIMUMAB', 40 mg/.8mL,SUBCUTANEOUS',"['Antibodies', 'Monoclonal [CS]', 'Tumor Necrosis Factor Blocker [EPC]', 'Tumor Necrosis Factor Receptor Blocking Activity [MoA]']",78206-183-01,2 CARTON in 1 CARTON (78206-183-01)  / 1 SYRINGE in 1 CARTON (78206-183-99)  / .8 mL in 1 SYRINGE,7/1/2023,12/31/2025,FALSE,TRUE
755,78206-183,adalimumab-bwwd,Organon LLC,Hadlima,BLA,SOLUTION,b67b2a3e-0e72-40b5-ab89-c43d1d6d1acc,HUMAN PRESCRIPTION DRUG,78206-183_b67b2a3e-0e72-40b5-ab89-c43d1d6d1acc,BLA761059,Hadlima, 'ADALIMUMAB', 40 mg/.8mL,SUBCUTANEOUS',"['Antibodies', 'Monoclonal [CS]', 'Tumor Necrosis Factor Blocker [EPC]', 'Tumor Necrosis Factor Receptor Blocking Activity [MoA]']",78206-183-01,2 CARTON in 1 CARTON (78206-183-01)  / 1 SYRINGE in 1 CARTON (78206-183-99)  / .8 mL in 1 SYRINGE,7/1/2023,12/31/2025,FALSE,TRUE
756,78206-183,adalimumab-bwwd,Organon LLC,Hadlima,BLA,SOLUTION,b67b2a3e-0e72-40b5-ab89-c43d1d6d1acc,HUMAN PRESCRIPTION DRUG,78206-183_b67b2a3e-0e72-40b5-ab89-c43d1d6d1acc,BLA761059,Hadlima, 'ADALIMUMAB', 40 mg/.8mL,SUBCUTANEOUS',"['Antibodies', 'Monoclonal [CS]', 'Tumor Necrosis Factor Blocker [EPC]', 'Tumor Necrosis Factor Receptor Blocking Activity [MoA]']",78206-183-01,2 CARTON in 1 CARTON (78206-183-01)  / 1 SYRINGE in 1 CARTON (78206-183-99)  / .8 mL in 1 SYRINGE,7/1/2023,12/31/2025,FALSE,TRUE
757,78206-184,adalimumab-bwwd,Organon LLC,Hadlima,BLA,SOLUTION,b67b2a3e-0e72-40b5-ab89-c43d1d6d1acc,HUMAN PRESCRIPTION DRUG,78206-184_b67b2a3e-0e72-40b5-ab89-c43d1d6d1acc,BLA761059,Hadlima, 'ADALIMUMAB', 40 mg/.8mL,SUBCUTANEOUS',"['Antibodies', 'Monoclonal [CS]', 'Tumor Necrosis Factor Blocker [EPC]', 'Tumor Necrosis Factor Receptor Blocking Activity [MoA]']",78206-184-01,2 CARTON in 1 CARTON (78206-184-01)  / 1 SYRINGE in 1 CARTON (78206-184-99)  / .8 mL in 1 SYRINGE,7/1/2023,12/31/2025,FALSE,TRUE
758,78206-184,adalimumab-bwwd,Organon LLC,Hadlima,BLA,SOLUTION,b67b2a3e-0e72-40b5-ab89-c43d1d6d1acc,HUMAN PRESCRIPTION DRUG,78206-184_b67b2a3e-0e72-40b5-ab89-c43d1d6d1acc,BLA761059,Hadlima, 'ADALIMUMAB', 40 mg/.8mL,SUBCUTANEOUS',"['Antibodies', 'Monoclonal [CS]', 'Tumor Necrosis Factor Blocker [EPC]', 'Tumor Necrosis Factor Receptor Blocking Activity [MoA]']",78206-184-01,2 CARTON in 1 CARTON (78206-184-01)  / 1 SYRINGE in 1 CARTON (78206-184-99)  / .8 mL in 1 SYRINGE,7/1/2023,12/31/2025,FALSE,TRUE
759,78206-184,adalimumab-bwwd,Organon LLC,Hadlima,BLA,SOLUTION,b67b2a3e-0e72-40b5-ab89-c43d1d6d1acc,HUMAN PRESCRIPTION DRUG,78206-184_b67b2a3e-0e72-40b5-ab89-c43d1d6d1acc,BLA761059,Hadlima, 'ADALIMUMAB', 40 mg/.8mL,SUBCUTANEOUS',"['Antibodies', 'Monoclonal [CS]', 'Tumor Necrosis Factor Blocker [EPC]', 'Tumor Necrosis Factor Receptor Blocking Activity [MoA]']",78206-184-01,2 CARTON in 1 CARTON (78206-184-01)  / 1 SYRINGE in 1 CARTON (78206-184-99)  / .8 mL in 1 SYRINGE,7/1/2023,12/31/2025,FALSE,TRUE
760,78206-184,adalimumab-bwwd,Organon LLC,Hadlima,BLA,SOLUTION,b67b2a3e-0e72-40b5-ab89-c43d1d6d1acc,HUMAN PRESCRIPTION DRUG,78206-184_b67b2a3e-0e72-40b5-ab89-c43d1d6d1acc,BLA761059,Hadlima, 'ADALIMUMAB', 40 mg/.8mL,SUBCUTANEOUS',"['Antibodies', 'Monoclonal [CS]', 'Tumor Necrosis Factor Blocker [EPC]', 'Tumor Necrosis Factor Receptor Blocking Activity [MoA]']",78206-184-01,2 CARTON in 1 CARTON (78206-184-01)  / 1 SYRINGE in 1 CARTON (78206-184-99)  / .8 mL in 1 SYRINGE,7/1/2023,12/31/2025,FALSE,TRUE
761,78206-184,adalimumab-bwwd,Organon LLC,Hadlima,BLA,SOLUTION,b67b2a3e-0e72-40b5-ab89-c43d1d6d1acc,HUMAN PRESCRIPTION DRUG,78206-184_b67b2a3e-0e72-40b5-ab89-c43d1d6d1acc,BLA761059,Hadlima, 'ADALIMUMAB', 40 mg/.8mL,SUBCUTANEOUS',"['Antibodies', 'Monoclonal [CS]', 'Tumor Necrosis Factor Blocker [EPC]', 'Tumor Necrosis Factor Receptor Blocking Activity [MoA]']",78206-184-01,2 CARTON in 1 CARTON (78206-184-01)  / 1 SYRINGE in 1 CARTON (78206-184-99)  / .8 mL in 1 SYRINGE,7/1/2023,12/31/2025,FALSE,TRUE
762,78206-184,adalimumab-bwwd,Organon LLC,Hadlima,BLA,SOLUTION,b67b2a3e-0e72-40b5-ab89-c43d1d6d1acc,HUMAN PRESCRIPTION DRUG,78206-184_b67b2a3e-0e72-40b5-ab89-c43d1d6d1acc,BLA761059,Hadlima, 'ADALIMUMAB', 40 mg/.8mL,SUBCUTANEOUS',"['Antibodies', 'Monoclonal [CS]', 'Tumor Necrosis Factor Blocker [EPC]', 'Tumor Necrosis Factor Receptor Blocking Activity [MoA]']",78206-184-01,2 CARTON in 1 CARTON (78206-184-01)  / 1 SYRINGE in 1 CARTON (78206-184-99)  / .8 mL in 1 SYRINGE,7/1/2023,12/31/2025,FALSE,TRUE
763,78206-184,adalimumab-bwwd,Organon LLC,Hadlima,BLA,SOLUTION,b67b2a3e-0e72-40b5-ab89-c43d1d6d1acc,HUMAN PRESCRIPTION DRUG,78206-184_b67b2a3e-0e72-40b5-ab89-c43d1d6d1acc,BLA761059,Hadlima, 'ADALIMUMAB', 40 mg/.8mL,SUBCUTANEOUS',"['Antibodies', 'Monoclonal [CS]', 'Tumor Necrosis Factor Blocker [EPC]', 'Tumor Necrosis Factor Receptor Blocking Activity [MoA]']",78206-184-01,2 CARTON in 1 CARTON (78206-184-01)  / 1 SYRINGE in 1 CARTON (78206-184-99)  / .8 mL in 1 SYRINGE,7/1/2023,12/31/2025,FALSE,TRUE
764,78206-184,adalimumab-bwwd,Organon LLC,Hadlima,BLA,SOLUTION,b67b2a3e-0e72-40b5-ab89-c43d1d6d1acc,HUMAN PRESCRIPTION DRUG,78206-184_b67b2a3e-0e72-40b5-ab89-c43d1d6d1acc,BLA761059,Hadlima, 'ADALIMUMAB', 40 mg/.8mL,SUBCUTANEOUS',"['Antibodies', 'Monoclonal [CS]', 'Tumor Necrosis Factor Blocker [EPC]', 'Tumor Necrosis Factor Receptor Blocking Activity [MoA]']",78206-184-01,2 CARTON in 1 CARTON (78206-184-01)  / 1 SYRINGE in 1 CARTON (78206-184-99)  / .8 mL in 1 SYRINGE,7/1/2023,12/31/2025,FALSE,TRUE
765,78206-184,adalimumab-bwwd,Organon LLC,Hadlima,BLA,SOLUTION,b67b2a3e-0e72-40b5-ab89-c43d1d6d1acc,HUMAN PRESCRIPTION DRUG,78206-184_b67b2a3e-0e72-40b5-ab89-c43d1d6d1acc,BLA761059,Hadlima, 'ADALIMUMAB', 40 mg/.8mL,SUBCUTANEOUS',"['Antibodies', 'Monoclonal [CS]', 'Tumor Necrosis Factor Blocker [EPC]', 'Tumor Necrosis Factor Receptor Blocking Activity [MoA]']",78206-184-01,2 CARTON in 1 CARTON (78206-184-01)  / 1 SYRINGE in 1 CARTON (78206-184-99)  / .8 mL in 1 SYRINGE,7/1/2023,12/31/2025,FALSE,TRUE
766,78206-185,adalimumab-bwwd,Organon LLC,Hadlima,BLA,SOLUTION,b67b2a3e-0e72-40b5-ab89-c43d1d6d1acc,HUMAN PRESCRIPTION DRUG,78206-185_b67b2a3e-0e72-40b5-ab89-c43d1d6d1acc,BLA761059,Hadlima, 'ADALIMUMAB', 40 mg/.8mL,SUBCUTANEOUS',"['Antibodies', 'Monoclonal [CS]', 'Tumor Necrosis Factor Blocker [EPC]', 'Tumor Necrosis Factor Receptor Blocking Activity [MoA]']",78206-185-01,1 CARTON in 1 CARTON (78206-185-01)  / 1 VIAL in 1 CARTON (78206-185-99)  / .8 mL in 1 VIAL,7/1/2023,12/31/2025,FALSE,TRUE
767,78206-185,adalimumab-bwwd,Organon LLC,Hadlima,BLA,SOLUTION,b67b2a3e-0e72-40b5-ab89-c43d1d6d1acc,HUMAN PRESCRIPTION DRUG,78206-185_b67b2a3e-0e72-40b5-ab89-c43d1d6d1acc,BLA761059,Hadlima, 'ADALIMUMAB', 40 mg/.8mL,SUBCUTANEOUS',"['Antibodies', 'Monoclonal [CS]', 'Tumor Necrosis Factor Blocker [EPC]', 'Tumor Necrosis Factor Receptor Blocking Activity [MoA]']",78206-185-01,1 CARTON in 1 CARTON (78206-185-01)  / 1 VIAL in 1 CARTON (78206-185-99)  / .8 mL in 1 VIAL,7/1/2023,12/31/2025,FALSE,TRUE
768,78206-185,adalimumab-bwwd,Organon LLC,Hadlima,BLA,SOLUTION,b67b2a3e-0e72-40b5-ab89-c43d1d6d1acc,HUMAN PRESCRIPTION DRUG,78206-185_b67b2a3e-0e72-40b5-ab89-c43d1d6d1acc,BLA761059,Hadlima, 'ADALIMUMAB', 40 mg/.8mL,SUBCUTANEOUS',"['Antibodies', 'Monoclonal [CS]', 'Tumor Necrosis Factor Blocker [EPC]', 'Tumor Necrosis Factor Receptor Blocking Activity [MoA]']",78206-185-01,1 CARTON in 1 CARTON (78206-185-01)  / 1 VIAL in 1 CARTON (78206-185-99)  / .8 mL in 1 VIAL,7/1/2023,12/31/2025,FALSE,TRUE
769,78206-185,adalimumab-bwwd,Organon LLC,Hadlima,BLA,SOLUTION,b67b2a3e-0e72-40b5-ab89-c43d1d6d1acc,HUMAN PRESCRIPTION DRUG,78206-185_b67b2a3e-0e72-40b5-ab89-c43d1d6d1acc,BLA761059,Hadlima, 'ADALIMUMAB', 40 mg/.8mL,SUBCUTANEOUS',"['Antibodies', 'Monoclonal [CS]', 'Tumor Necrosis Factor Blocker [EPC]', 'Tumor Necrosis Factor Receptor Blocking Activity [MoA]']",78206-185-01,1 CARTON in 1 CARTON (78206-185-01)  / 1 VIAL in 1 CARTON (78206-185-99)  / .8 mL in 1 VIAL,7/1/2023,12/31/2025,FALSE,TRUE
770,78206-185,adalimumab-bwwd,Organon LLC,Hadlima,BLA,SOLUTION,b67b2a3e-0e72-40b5-ab89-c43d1d6d1acc,HUMAN PRESCRIPTION DRUG,78206-185_b67b2a3e-0e72-40b5-ab89-c43d1d6d1acc,BLA761059,Hadlima, 'ADALIMUMAB', 40 mg/.8mL,SUBCUTANEOUS',"['Antibodies', 'Monoclonal [CS]', 'Tumor Necrosis Factor Blocker [EPC]', 'Tumor Necrosis Factor Receptor Blocking Activity [MoA]']",78206-185-01,1 CARTON in 1 CARTON (78206-185-01)  / 1 VIAL in 1 CARTON (78206-185-99)  / .8 mL in 1 VIAL,7/1/2023,12/31/2025,FALSE,TRUE
771,78206-185,adalimumab-bwwd,Organon LLC,Hadlima,BLA,SOLUTION,b67b2a3e-0e72-40b5-ab89-c43d1d6d1acc,HUMAN PRESCRIPTION DRUG,78206-185_b67b2a3e-0e72-40b5-ab89-c43d1d6d1acc,BLA761059,Hadlima, 'ADALIMUMAB', 40 mg/.8mL,SUBCUTANEOUS',"['Antibodies', 'Monoclonal [CS]', 'Tumor Necrosis Factor Blocker [EPC]', 'Tumor Necrosis Factor Receptor Blocking Activity [MoA]']",78206-185-01,1 CARTON in 1 CARTON (78206-185-01)  / 1 VIAL in 1 CARTON (78206-185-99)  / .8 mL in 1 VIAL,7/1/2023,12/31/2025,FALSE,TRUE
772,78206-185,adalimumab-bwwd,Organon LLC,Hadlima,BLA,SOLUTION,b67b2a3e-0e72-40b5-ab89-c43d1d6d1acc,HUMAN PRESCRIPTION DRUG,78206-185_b67b2a3e-0e72-40b5-ab89-c43d1d6d1acc,BLA761059,Hadlima, 'ADALIMUMAB', 40 mg/.8mL,SUBCUTANEOUS',"['Antibodies', 'Monoclonal [CS]', 'Tumor Necrosis Factor Blocker [EPC]', 'Tumor Necrosis Factor Receptor Blocking Activity [MoA]']",78206-185-01,1 CARTON in 1 CARTON (78206-185-01)  / 1 VIAL in 1 CARTON (78206-185-99)  / .8 mL in 1 VIAL,7/1/2023,12/31/2025,FALSE,TRUE
773,78206-185,adalimumab-bwwd,Organon LLC,Hadlima,BLA,SOLUTION,b67b2a3e-0e72-40b5-ab89-c43d1d6d1acc,HUMAN PRESCRIPTION DRUG,78206-185_b67b2a3e-0e72-40b5-ab89-c43d1d6d1acc,BLA761059,Hadlima, 'ADALIMUMAB', 40 mg/.8mL,SUBCUTANEOUS',"['Antibodies', 'Monoclonal [CS]', 'Tumor Necrosis Factor Blocker [EPC]', 'Tumor Necrosis Factor Receptor Blocking Activity [MoA]']",78206-185-01,1 CARTON in 1 CARTON (78206-185-01)  / 1 VIAL in 1 CARTON (78206-185-99)  / .8 mL in 1 VIAL,7/1/2023,12/31/2025,FALSE,TRUE
774,78206-185,adalimumab-bwwd,Organon LLC,Hadlima,BLA,SOLUTION,b67b2a3e-0e72-40b5-ab89-c43d1d6d1acc,HUMAN PRESCRIPTION DRUG,78206-185_b67b2a3e-0e72-40b5-ab89-c43d1d6d1acc,BLA761059,Hadlima, 'ADALIMUMAB', 40 mg/.8mL,SUBCUTANEOUS',"['Antibodies', 'Monoclonal [CS]', 'Tumor Necrosis Factor Blocker [EPC]', 'Tumor Necrosis Factor Receptor Blocking Activity [MoA]']",78206-185-01,1 CARTON in 1 CARTON (78206-185-01)  / 1 VIAL in 1 CARTON (78206-185-99)  / .8 mL in 1 VIAL,7/1/2023,12/31/2025,FALSE,TRUE
775,78206-186,adalimumab-bwwd,Organon LLC,Hadlima,BLA,SOLUTION,b67b2a3e-0e72-40b5-ab89-c43d1d6d1acc,HUMAN PRESCRIPTION DRUG,78206-186_b67b2a3e-0e72-40b5-ab89-c43d1d6d1acc,BLA761059,Hadlima, 'ADALIMUMAB', 40 mg/.4mL,SUBCUTANEOUS',"['Antibodies', 'Monoclonal [CS]', 'Tumor Necrosis Factor Blocker [EPC]', 'Tumor Necrosis Factor Receptor Blocking Activity [MoA]']",78206-186-01,2 SYRINGE in 1 CARTON (78206-186-01)  / .4 mL in 1 SYRINGE (78206-186-99),7/1/2023,12/31/2025,FALSE,TRUE
776,78206-186,adalimumab-bwwd,Organon LLC,Hadlima,BLA,SOLUTION,b67b2a3e-0e72-40b5-ab89-c43d1d6d1acc,HUMAN PRESCRIPTION DRUG,78206-186_b67b2a3e-0e72-40b5-ab89-c43d1d6d1acc,BLA761059,Hadlima, 'ADALIMUMAB', 40 mg/.4mL,SUBCUTANEOUS',"['Antibodies', 'Monoclonal [CS]', 'Tumor Necrosis Factor Blocker [EPC]', 'Tumor Necrosis Factor Receptor Blocking Activity [MoA]']",78206-186-01,2 SYRINGE in 1 CARTON (78206-186-01)  / .4 mL in 1 SYRINGE (78206-186-99),7/1/2023,12/31/2025,FALSE,TRUE
777,78206-186,adalimumab-bwwd,Organon LLC,Hadlima,BLA,SOLUTION,b67b2a3e-0e72-40b5-ab89-c43d1d6d1acc,HUMAN PRESCRIPTION DRUG,78206-186_b67b2a3e-0e72-40b5-ab89-c43d1d6d1acc,BLA761059,Hadlima, 'ADALIMUMAB', 40 mg/.4mL,SUBCUTANEOUS',"['Antibodies', 'Monoclonal [CS]', 'Tumor Necrosis Factor Blocker [EPC]', 'Tumor Necrosis Factor Receptor Blocking Activity [MoA]']",78206-186-01,2 SYRINGE in 1 CARTON (78206-186-01)  / .4 mL in 1 SYRINGE (78206-186-99),7/1/2023,12/31/2025,FALSE,TRUE
778,78206-186,adalimumab-bwwd,Organon LLC,Hadlima,BLA,SOLUTION,b67b2a3e-0e72-40b5-ab89-c43d1d6d1acc,HUMAN PRESCRIPTION DRUG,78206-186_b67b2a3e-0e72-40b5-ab89-c43d1d6d1acc,BLA761059,Hadlima, 'ADALIMUMAB', 40 mg/.4mL,SUBCUTANEOUS',"['Antibodies', 'Monoclonal [CS]', 'Tumor Necrosis Factor Blocker [EPC]', 'Tumor Necrosis Factor Receptor Blocking Activity [MoA]']",78206-186-01,2 SYRINGE in 1 CARTON (78206-186-01)  / .4 mL in 1 SYRINGE (78206-186-99),7/1/2023,12/31/2025,FALSE,TRUE
779,78206-186,adalimumab-bwwd,Organon LLC,Hadlima,BLA,SOLUTION,b67b2a3e-0e72-40b5-ab89-c43d1d6d1acc,HUMAN PRESCRIPTION DRUG,78206-186_b67b2a3e-0e72-40b5-ab89-c43d1d6d1acc,BLA761059,Hadlima, 'ADALIMUMAB', 40 mg/.4mL,SUBCUTANEOUS',"['Antibodies', 'Monoclonal [CS]', 'Tumor Necrosis Factor Blocker [EPC]', 'Tumor Necrosis Factor Receptor Blocking Activity [MoA]']",78206-186-01,2 SYRINGE in 1 CARTON (78206-186-01)  / .4 mL in 1 SYRINGE (78206-186-99),7/1/2023,12/31/2025,FALSE,TRUE
780,78206-186,adalimumab-bwwd,Organon LLC,Hadlima,BLA,SOLUTION,b67b2a3e-0e72-40b5-ab89-c43d1d6d1acc,HUMAN PRESCRIPTION DRUG,78206-186_b67b2a3e-0e72-40b5-ab89-c43d1d6d1acc,BLA761059,Hadlima, 'ADALIMUMAB', 40 mg/.4mL,SUBCUTANEOUS',"['Antibodies', 'Monoclonal [CS]', 'Tumor Necrosis Factor Blocker [EPC]', 'Tumor Necrosis Factor Receptor Blocking Activity [MoA]']",78206-186-01,2 SYRINGE in 1 CARTON (78206-186-01)  / .4 mL in 1 SYRINGE (78206-186-99),7/1/2023,12/31/2025,FALSE,TRUE
781,78206-186,adalimumab-bwwd,Organon LLC,Hadlima,BLA,SOLUTION,b67b2a3e-0e72-40b5-ab89-c43d1d6d1acc,HUMAN PRESCRIPTION DRUG,78206-186_b67b2a3e-0e72-40b5-ab89-c43d1d6d1acc,BLA761059,Hadlima, 'ADALIMUMAB', 40 mg/.4mL,SUBCUTANEOUS',"['Antibodies', 'Monoclonal [CS]', 'Tumor Necrosis Factor Blocker [EPC]', 'Tumor Necrosis Factor Receptor Blocking Activity [MoA]']",78206-186-01,2 SYRINGE in 1 CARTON (78206-186-01)  / .4 mL in 1 SYRINGE (78206-186-99),7/1/2023,12/31/2025,FALSE,TRUE
782,78206-186,adalimumab-bwwd,Organon LLC,Hadlima,BLA,SOLUTION,b67b2a3e-0e72-40b5-ab89-c43d1d6d1acc,HUMAN PRESCRIPTION DRUG,78206-186_b67b2a3e-0e72-40b5-ab89-c43d1d6d1acc,BLA761059,Hadlima, 'ADALIMUMAB', 40 mg/.4mL,SUBCUTANEOUS',"['Antibodies', 'Monoclonal [CS]', 'Tumor Necrosis Factor Blocker [EPC]', 'Tumor Necrosis Factor Receptor Blocking Activity [MoA]']",78206-186-01,2 SYRINGE in 1 CARTON (78206-186-01)  / .4 mL in 1 SYRINGE (78206-186-99),7/1/2023,12/31/2025,FALSE,TRUE
783,78206-186,adalimumab-bwwd,Organon LLC,Hadlima,BLA,SOLUTION,b67b2a3e-0e72-40b5-ab89-c43d1d6d1acc,HUMAN PRESCRIPTION DRUG,78206-186_b67b2a3e-0e72-40b5-ab89-c43d1d6d1acc,BLA761059,Hadlima, 'ADALIMUMAB', 40 mg/.4mL,SUBCUTANEOUS',"['Antibodies', 'Monoclonal [CS]', 'Tumor Necrosis Factor Blocker [EPC]', 'Tumor Necrosis Factor Receptor Blocking Activity [MoA]']",78206-186-01,2 SYRINGE in 1 CARTON (78206-186-01)  / .4 mL in 1 SYRINGE (78206-186-99),7/1/2023,12/31/2025,FALSE,TRUE
784,78206-187,adalimumab-bwwd,Organon LLC,Hadlima,BLA,SOLUTION,b67b2a3e-0e72-40b5-ab89-c43d1d6d1acc,HUMAN PRESCRIPTION DRUG,78206-187_b67b2a3e-0e72-40b5-ab89-c43d1d6d1acc,BLA761059,Hadlima, 'ADALIMUMAB', 40 mg/.4mL,SUBCUTANEOUS',"['Antibodies', 'Monoclonal [CS]', 'Tumor Necrosis Factor Blocker [EPC]', 'Tumor Necrosis Factor Receptor Blocking Activity [MoA]']",78206-187-01,2 SYRINGE in 1 CARTON (78206-187-01)  / .4 mL in 1 SYRINGE (78206-187-99),7/1/2023,12/31/2025,FALSE,TRUE
785,78206-187,adalimumab-bwwd,Organon LLC,Hadlima,BLA,SOLUTION,b67b2a3e-0e72-40b5-ab89-c43d1d6d1acc,HUMAN PRESCRIPTION DRUG,78206-187_b67b2a3e-0e72-40b5-ab89-c43d1d6d1acc,BLA761059,Hadlima, 'ADALIMUMAB', 40 mg/.4mL,SUBCUTANEOUS',"['Antibodies', 'Monoclonal [CS]', 'Tumor Necrosis Factor Blocker [EPC]', 'Tumor Necrosis Factor Receptor Blocking Activity [MoA]']",78206-187-59,2 SYRINGE in 1 CARTON (78206-187-59)  / .4 mL in 1 SYRINGE (78206-187-58),7/1/2023,12/31/2025,TRUE,TRUE
786,78206-187,adalimumab-bwwd,Organon LLC,Hadlima,BLA,SOLUTION,b67b2a3e-0e72-40b5-ab89-c43d1d6d1acc,HUMAN PRESCRIPTION DRUG,78206-187_b67b2a3e-0e72-40b5-ab89-c43d1d6d1acc,BLA761059,Hadlima, 'ADALIMUMAB', 40 mg/.4mL,SUBCUTANEOUS',"['Antibodies', 'Monoclonal [CS]', 'Tumor Necrosis Factor Blocker [EPC]', 'Tumor Necrosis Factor Receptor Blocking Activity [MoA]']",78206-187-01,2 SYRINGE in 1 CARTON (78206-187-01)  / .4 mL in 1 SYRINGE (78206-187-99),7/1/2023,12/31/2025,FALSE,TRUE
787,78206-187,adalimumab-bwwd,Organon LLC,Hadlima,BLA,SOLUTION,b67b2a3e-0e72-40b5-ab89-c43d1d6d1acc,HUMAN PRESCRIPTION DRUG,78206-187_b67b2a3e-0e72-40b5-ab89-c43d1d6d1acc,BLA761059,Hadlima, 'ADALIMUMAB', 40 mg/.4mL,SUBCUTANEOUS',"['Antibodies', 'Monoclonal [CS]', 'Tumor Necrosis Factor Blocker [EPC]', 'Tumor Necrosis Factor Receptor Blocking Activity [MoA]']",78206-187-59,2 SYRINGE in 1 CARTON (78206-187-59)  / .4 mL in 1 SYRINGE (78206-187-58),7/1/2023,12/31/2025,TRUE,TRUE
788,78206-187,adalimumab-bwwd,Organon LLC,Hadlima,BLA,SOLUTION,b67b2a3e-0e72-40b5-ab89-c43d1d6d1acc,HUMAN PRESCRIPTION DRUG,78206-187_b67b2a3e-0e72-40b5-ab89-c43d1d6d1acc,BLA761059,Hadlima, 'ADALIMUMAB', 40 mg/.4mL,SUBCUTANEOUS',"['Antibodies', 'Monoclonal [CS]', 'Tumor Necrosis Factor Blocker [EPC]', 'Tumor Necrosis Factor Receptor Blocking Activity [MoA]']",78206-187-01,2 SYRINGE in 1 CARTON (78206-187-01)  / .4 mL in 1 SYRINGE (78206-187-99),7/1/2023,12/31/2025,FALSE,TRUE
789,78206-187,adalimumab-bwwd,Organon LLC,Hadlima,BLA,SOLUTION,b67b2a3e-0e72-40b5-ab89-c43d1d6d1acc,HUMAN PRESCRIPTION DRUG,78206-187_b67b2a3e-0e72-40b5-ab89-c43d1d6d1acc,BLA761059,Hadlima, 'ADALIMUMAB', 40 mg/.4mL,SUBCUTANEOUS',"['Antibodies', 'Monoclonal [CS]', 'Tumor Necrosis Factor Blocker [EPC]', 'Tumor Necrosis Factor Receptor Blocking Activity [MoA]']",78206-187-59,2 SYRINGE in 1 CARTON (78206-187-59)  / .4 mL in 1 SYRINGE (78206-187-58),7/1/2023,12/31/2025,TRUE,TRUE
790,78206-187,adalimumab-bwwd,Organon LLC,Hadlima,BLA,SOLUTION,b67b2a3e-0e72-40b5-ab89-c43d1d6d1acc,HUMAN PRESCRIPTION DRUG,78206-187_b67b2a3e-0e72-40b5-ab89-c43d1d6d1acc,BLA761059,Hadlima, 'ADALIMUMAB', 40 mg/.4mL,SUBCUTANEOUS',"['Antibodies', 'Monoclonal [CS]', 'Tumor Necrosis Factor Blocker [EPC]', 'Tumor Necrosis Factor Receptor Blocking Activity [MoA]']",78206-187-01,2 SYRINGE in 1 CARTON (78206-187-01)  / .4 mL in 1 SYRINGE (78206-187-99),7/1/2023,12/31/2025,FALSE,TRUE
791,78206-187,adalimumab-bwwd,Organon LLC,Hadlima,BLA,SOLUTION,b67b2a3e-0e72-40b5-ab89-c43d1d6d1acc,HUMAN PRESCRIPTION DRUG,78206-187_b67b2a3e-0e72-40b5-ab89-c43d1d6d1acc,BLA761059,Hadlima, 'ADALIMUMAB', 40 mg/.4mL,SUBCUTANEOUS',"['Antibodies', 'Monoclonal [CS]', 'Tumor Necrosis Factor Blocker [EPC]', 'Tumor Necrosis Factor Receptor Blocking Activity [MoA]']",78206-187-59,2 SYRINGE in 1 CARTON (78206-187-59)  / .4 mL in 1 SYRINGE (78206-187-58),7/1/2023,12/31/2025,TRUE,TRUE
792,78206-187,adalimumab-bwwd,Organon LLC,Hadlima,BLA,SOLUTION,b67b2a3e-0e72-40b5-ab89-c43d1d6d1acc,HUMAN PRESCRIPTION DRUG,78206-187_b67b2a3e-0e72-40b5-ab89-c43d1d6d1acc,BLA761059,Hadlima, 'ADALIMUMAB', 40 mg/.4mL,SUBCUTANEOUS',"['Antibodies', 'Monoclonal [CS]', 'Tumor Necrosis Factor Blocker [EPC]', 'Tumor Necrosis Factor Receptor Blocking Activity [MoA]']",78206-187-01,2 SYRINGE in 1 CARTON (78206-187-01)  / .4 mL in 1 SYRINGE (78206-187-99),7/1/2023,12/31/2025,FALSE,TRUE
793,78206-187,adalimumab-bwwd,Organon LLC,Hadlima,BLA,SOLUTION,b67b2a3e-0e72-40b5-ab89-c43d1d6d1acc,HUMAN PRESCRIPTION DRUG,78206-187_b67b2a3e-0e72-40b5-ab89-c43d1d6d1acc,BLA761059,Hadlima, 'ADALIMUMAB', 40 mg/.4mL,SUBCUTANEOUS',"['Antibodies', 'Monoclonal [CS]', 'Tumor Necrosis Factor Blocker [EPC]', 'Tumor Necrosis Factor Receptor Blocking Activity [MoA]']",78206-187-59,2 SYRINGE in 1 CARTON (78206-187-59)  / .4 mL in 1 SYRINGE (78206-187-58),7/1/2023,12/31/2025,TRUE,TRUE
794,78206-187,adalimumab-bwwd,Organon LLC,Hadlima,BLA,SOLUTION,b67b2a3e-0e72-40b5-ab89-c43d1d6d1acc,HUMAN PRESCRIPTION DRUG,78206-187_b67b2a3e-0e72-40b5-ab89-c43d1d6d1acc,BLA761059,Hadlima, 'ADALIMUMAB', 40 mg/.4mL,SUBCUTANEOUS',"['Antibodies', 'Monoclonal [CS]', 'Tumor Necrosis Factor Blocker [EPC]', 'Tumor Necrosis Factor Receptor Blocking Activity [MoA]']",78206-187-01,2 SYRINGE in 1 CARTON (78206-187-01)  / .4 mL in 1 SYRINGE (78206-187-99),7/1/2023,12/31/2025,FALSE,TRUE
795,78206-187,adalimumab-bwwd,Organon LLC,Hadlima,BLA,SOLUTION,b67b2a3e-0e72-40b5-ab89-c43d1d6d1acc,HUMAN PRESCRIPTION DRUG,78206-187_b67b2a3e-0e72-40b5-ab89-c43d1d6d1acc,BLA761059,Hadlima, 'ADALIMUMAB', 40 mg/.4mL,SUBCUTANEOUS',"['Antibodies', 'Monoclonal [CS]', 'Tumor Necrosis Factor Blocker [EPC]', 'Tumor Necrosis Factor Receptor Blocking Activity [MoA]']",78206-187-59,2 SYRINGE in 1 CARTON (78206-187-59)  / .4 mL in 1 SYRINGE (78206-187-58),7/1/2023,12/31/2025,TRUE,TRUE
796,78206-187,adalimumab-bwwd,Organon LLC,Hadlima,BLA,SOLUTION,b67b2a3e-0e72-40b5-ab89-c43d1d6d1acc,HUMAN PRESCRIPTION DRUG,78206-187_b67b2a3e-0e72-40b5-ab89-c43d1d6d1acc,BLA761059,Hadlima, 'ADALIMUMAB', 40 mg/.4mL,SUBCUTANEOUS',"['Antibodies', 'Monoclonal [CS]', 'Tumor Necrosis Factor Blocker [EPC]', 'Tumor Necrosis Factor Receptor Blocking Activity [MoA]']",78206-187-01,2 SYRINGE in 1 CARTON (78206-187-01)  / .4 mL in 1 SYRINGE (78206-187-99),7/1/2023,12/31/2025,FALSE,TRUE
797,78206-187,adalimumab-bwwd,Organon LLC,Hadlima,BLA,SOLUTION,b67b2a3e-0e72-40b5-ab89-c43d1d6d1acc,HUMAN PRESCRIPTION DRUG,78206-187_b67b2a3e-0e72-40b5-ab89-c43d1d6d1acc,BLA761059,Hadlima, 'ADALIMUMAB', 40 mg/.4mL,SUBCUTANEOUS',"['Antibodies', 'Monoclonal [CS]', 'Tumor Necrosis Factor Blocker [EPC]', 'Tumor Necrosis Factor Receptor Blocking Activity [MoA]']",78206-187-59,2 SYRINGE in 1 CARTON (78206-187-59)  / .4 mL in 1 SYRINGE (78206-187-58),7/1/2023,12/31/2025,TRUE,TRUE
798,78206-187,adalimumab-bwwd,Organon LLC,Hadlima,BLA,SOLUTION,b67b2a3e-0e72-40b5-ab89-c43d1d6d1acc,HUMAN PRESCRIPTION DRUG,78206-187_b67b2a3e-0e72-40b5-ab89-c43d1d6d1acc,BLA761059,Hadlima, 'ADALIMUMAB', 40 mg/.4mL,SUBCUTANEOUS',"['Antibodies', 'Monoclonal [CS]', 'Tumor Necrosis Factor Blocker [EPC]', 'Tumor Necrosis Factor Receptor Blocking Activity [MoA]']",78206-187-01,2 SYRINGE in 1 CARTON (78206-187-01)  / .4 mL in 1 SYRINGE (78206-187-99),7/1/2023,12/31/2025,FALSE,TRUE
799,78206-187,adalimumab-bwwd,Organon LLC,Hadlima,BLA,SOLUTION,b67b2a3e-0e72-40b5-ab89-c43d1d6d1acc,HUMAN PRESCRIPTION DRUG,78206-187_b67b2a3e-0e72-40b5-ab89-c43d1d6d1acc,BLA761059,Hadlima, 'ADALIMUMAB', 40 mg/.4mL,SUBCUTANEOUS',"['Antibodies', 'Monoclonal [CS]', 'Tumor Necrosis Factor Blocker [EPC]', 'Tumor Necrosis Factor Receptor Blocking Activity [MoA]']",78206-187-59,2 SYRINGE in 1 CARTON (78206-187-59)  / .4 mL in 1 SYRINGE (78206-187-58),7/1/2023,12/31/2025,TRUE,TRUE
800,78206-187,adalimumab-bwwd,Organon LLC,Hadlima,BLA,SOLUTION,b67b2a3e-0e72-40b5-ab89-c43d1d6d1acc,HUMAN PRESCRIPTION DRUG,78206-187_b67b2a3e-0e72-40b5-ab89-c43d1d6d1acc,BLA761059,Hadlima, 'ADALIMUMAB', 40 mg/.4mL,SUBCUTANEOUS',"['Antibodies', 'Monoclonal [CS]', 'Tumor Necrosis Factor Blocker [EPC]', 'Tumor Necrosis Factor Receptor Blocking Activity [MoA]']",78206-187-01,2 SYRINGE in 1 CARTON (78206-187-01)  / .4 mL in 1 SYRINGE (78206-187-99),7/1/2023,12/31/2025,FALSE,TRUE
801,78206-187,adalimumab-bwwd,Organon LLC,Hadlima,BLA,SOLUTION,b67b2a3e-0e72-40b5-ab89-c43d1d6d1acc,HUMAN PRESCRIPTION DRUG,78206-187_b67b2a3e-0e72-40b5-ab89-c43d1d6d1acc,BLA761059,Hadlima, 'ADALIMUMAB', 40 mg/.4mL,SUBCUTANEOUS',"['Antibodies', 'Monoclonal [CS]', 'Tumor Necrosis Factor Blocker [EPC]', 'Tumor Necrosis Factor Receptor Blocking Activity [MoA]']",78206-187-59,2 SYRINGE in 1 CARTON (78206-187-59)  / .4 mL in 1 SYRINGE (78206-187-58),7/1/2023,12/31/2025,TRUE,TRUE
802,83457-100,adalimumab-adaz,Cordavis Limited,HYRIMOZ,BLA,"INJECTION, SOLUTION",e937bde8-d78d-4fca-acb0-ea2aac54e579,HUMAN PRESCRIPTION DRUG,83457-100_e937bde8-d78d-4fca-acb0-ea2aac54e579,BLA761071,HYRIMOZ, 'ADALIMUMAB', 40 mg/.4mL,SUBCUTANEOUS',"['Antibodies', 'Monoclonal [CS]', 'Tumor Necrosis Factor Blocker [EPC]', 'Tumor Necrosis Factor Receptor Blocking Activity [MoA]']",83457-100-01,2 SYRINGE in 1 CARTON (83457-100-01)  / .4 mL in 1 SYRINGE,9/21/2023,12/31/2025,FALSE,TRUE
803,83457-100,adalimumab-adaz,Cordavis Limited,HYRIMOZ,BLA,"INJECTION, SOLUTION",e937bde8-d78d-4fca-acb0-ea2aac54e579,HUMAN PRESCRIPTION DRUG,83457-100_e937bde8-d78d-4fca-acb0-ea2aac54e579,BLA761071,HYRIMOZ, 'ADALIMUMAB', 40 mg/.4mL,SUBCUTANEOUS',"['Antibodies', 'Monoclonal [CS]', 'Tumor Necrosis Factor Blocker [EPC]', 'Tumor Necrosis Factor Receptor Blocking Activity [MoA]']",83457-100-01,2 SYRINGE in 1 CARTON (83457-100-01)  / .4 mL in 1 SYRINGE,9/21/2023,12/31/2025,FALSE,TRUE
804,83457-100,adalimumab-adaz,Cordavis Limited,HYRIMOZ,BLA,"INJECTION, SOLUTION",e937bde8-d78d-4fca-acb0-ea2aac54e579,HUMAN PRESCRIPTION DRUG,83457-100_e937bde8-d78d-4fca-acb0-ea2aac54e579,BLA761071,HYRIMOZ, 'ADALIMUMAB', 40 mg/.4mL,SUBCUTANEOUS',"['Antibodies', 'Monoclonal [CS]', 'Tumor Necrosis Factor Blocker [EPC]', 'Tumor Necrosis Factor Receptor Blocking Activity [MoA]']",83457-100-01,2 SYRINGE in 1 CARTON (83457-100-01)  / .4 mL in 1 SYRINGE,9/21/2023,12/31/2025,FALSE,TRUE
805,83457-100,adalimumab-adaz,Cordavis Limited,HYRIMOZ,BLA,"INJECTION, SOLUTION",e937bde8-d78d-4fca-acb0-ea2aac54e579,HUMAN PRESCRIPTION DRUG,83457-100_e937bde8-d78d-4fca-acb0-ea2aac54e579,BLA761071,HYRIMOZ, 'ADALIMUMAB', 40 mg/.4mL,SUBCUTANEOUS',"['Antibodies', 'Monoclonal [CS]', 'Tumor Necrosis Factor Blocker [EPC]', 'Tumor Necrosis Factor Receptor Blocking Activity [MoA]']",83457-100-01,2 SYRINGE in 1 CARTON (83457-100-01)  / .4 mL in 1 SYRINGE,9/21/2023,12/31/2025,FALSE,TRUE
806,83457-100,adalimumab-adaz,Cordavis Limited,HYRIMOZ,BLA,"INJECTION, SOLUTION",e937bde8-d78d-4fca-acb0-ea2aac54e579,HUMAN PRESCRIPTION DRUG,83457-100_e937bde8-d78d-4fca-acb0-ea2aac54e579,BLA761071,HYRIMOZ, 'ADALIMUMAB', 40 mg/.4mL,SUBCUTANEOUS',"['Antibodies', 'Monoclonal [CS]', 'Tumor Necrosis Factor Blocker [EPC]', 'Tumor Necrosis Factor Receptor Blocking Activity [MoA]']",83457-100-01,2 SYRINGE in 1 CARTON (83457-100-01)  / .4 mL in 1 SYRINGE,9/21/2023,12/31/2025,FALSE,TRUE
807,83457-100,adalimumab-adaz,Cordavis Limited,HYRIMOZ,BLA,"INJECTION, SOLUTION",e937bde8-d78d-4fca-acb0-ea2aac54e579,HUMAN PRESCRIPTION DRUG,83457-100_e937bde8-d78d-4fca-acb0-ea2aac54e579,BLA761071,HYRIMOZ, 'ADALIMUMAB', 40 mg/.4mL,SUBCUTANEOUS',"['Antibodies', 'Monoclonal [CS]', 'Tumor Necrosis Factor Blocker [EPC]', 'Tumor Necrosis Factor Receptor Blocking Activity [MoA]']",83457-100-01,2 SYRINGE in 1 CARTON (83457-100-01)  / .4 mL in 1 SYRINGE,9/21/2023,12/31/2025,FALSE,TRUE
808,83457-100,adalimumab-adaz,Cordavis Limited,HYRIMOZ,BLA,"INJECTION, SOLUTION",e937bde8-d78d-4fca-acb0-ea2aac54e579,HUMAN PRESCRIPTION DRUG,83457-100_e937bde8-d78d-4fca-acb0-ea2aac54e579,BLA761071,HYRIMOZ, 'ADALIMUMAB', 40 mg/.4mL,SUBCUTANEOUS',"['Antibodies', 'Monoclonal [CS]', 'Tumor Necrosis Factor Blocker [EPC]', 'Tumor Necrosis Factor Receptor Blocking Activity [MoA]']",83457-100-01,2 SYRINGE in 1 CARTON (83457-100-01)  / .4 mL in 1 SYRINGE,9/21/2023,12/31/2025,FALSE,TRUE
809,83457-100,adalimumab-adaz,Cordavis Limited,HYRIMOZ,BLA,"INJECTION, SOLUTION",e937bde8-d78d-4fca-acb0-ea2aac54e579,HUMAN PRESCRIPTION DRUG,83457-100_e937bde8-d78d-4fca-acb0-ea2aac54e579,BLA761071,HYRIMOZ, 'ADALIMUMAB', 40 mg/.4mL,SUBCUTANEOUS',"['Antibodies', 'Monoclonal [CS]', 'Tumor Necrosis Factor Blocker [EPC]', 'Tumor Necrosis Factor Receptor Blocking Activity [MoA]']",83457-100-01,2 SYRINGE in 1 CARTON (83457-100-01)  / .4 mL in 1 SYRINGE,9/21/2023,12/31/2025,FALSE,TRUE
810,83457-100,adalimumab-adaz,Cordavis Limited,HYRIMOZ,BLA,"INJECTION, SOLUTION",e937bde8-d78d-4fca-acb0-ea2aac54e579,HUMAN PRESCRIPTION DRUG,83457-100_e937bde8-d78d-4fca-acb0-ea2aac54e579,BLA761071,HYRIMOZ, 'ADALIMUMAB', 40 mg/.4mL,SUBCUTANEOUS',"['Antibodies', 'Monoclonal [CS]', 'Tumor Necrosis Factor Blocker [EPC]', 'Tumor Necrosis Factor Receptor Blocking Activity [MoA]']",83457-100-01,2 SYRINGE in 1 CARTON (83457-100-01)  / .4 mL in 1 SYRINGE,9/21/2023,12/31/2025,FALSE,TRUE
811,83457-101,adalimumab-adaz,Cordavis Limited,HYRIMOZ,BLA,"INJECTION, SOLUTION",e937bde8-d78d-4fca-acb0-ea2aac54e579,HUMAN PRESCRIPTION DRUG,83457-101_e937bde8-d78d-4fca-acb0-ea2aac54e579,BLA761071,HYRIMOZ, 'ADALIMUMAB', 40 mg/.4mL,SUBCUTANEOUS',"['Antibodies', 'Monoclonal [CS]', 'Tumor Necrosis Factor Blocker [EPC]', 'Tumor Necrosis Factor Receptor Blocking Activity [MoA]']",83457-101-01,"2 SYRINGE, GLASS in 1 CARTON (83457-101-01)  / .4 mL in 1 SYRINGE, GLASS",9/21/2023,12/31/2025,FALSE,TRUE
812,83457-101,adalimumab-adaz,Cordavis Limited,HYRIMOZ,BLA,"INJECTION, SOLUTION",e937bde8-d78d-4fca-acb0-ea2aac54e579,HUMAN PRESCRIPTION DRUG,83457-101_e937bde8-d78d-4fca-acb0-ea2aac54e579,BLA761071,HYRIMOZ, 'ADALIMUMAB', 40 mg/.4mL,SUBCUTANEOUS',"['Antibodies', 'Monoclonal [CS]', 'Tumor Necrosis Factor Blocker [EPC]', 'Tumor Necrosis Factor Receptor Blocking Activity [MoA]']",83457-101-01,"2 SYRINGE, GLASS in 1 CARTON (83457-101-01)  / .4 mL in 1 SYRINGE, GLASS",9/21/2023,12/31/2025,FALSE,TRUE
813,83457-101,adalimumab-adaz,Cordavis Limited,HYRIMOZ,BLA,"INJECTION, SOLUTION",e937bde8-d78d-4fca-acb0-ea2aac54e579,HUMAN PRESCRIPTION DRUG,83457-101_e937bde8-d78d-4fca-acb0-ea2aac54e579,BLA761071,HYRIMOZ, 'ADALIMUMAB', 40 mg/.4mL,SUBCUTANEOUS',"['Antibodies', 'Monoclonal [CS]', 'Tumor Necrosis Factor Blocker [EPC]', 'Tumor Necrosis Factor Receptor Blocking Activity [MoA]']",83457-101-01,"2 SYRINGE, GLASS in 1 CARTON (83457-101-01)  / .4 mL in 1 SYRINGE, GLASS",9/21/2023,12/31/2025,FALSE,TRUE
814,83457-101,adalimumab-adaz,Cordavis Limited,HYRIMOZ,BLA,"INJECTION, SOLUTION",e937bde8-d78d-4fca-acb0-ea2aac54e579,HUMAN PRESCRIPTION DRUG,83457-101_e937bde8-d78d-4fca-acb0-ea2aac54e579,BLA761071,HYRIMOZ, 'ADALIMUMAB', 40 mg/.4mL,SUBCUTANEOUS',"['Antibodies', 'Monoclonal [CS]', 'Tumor Necrosis Factor Blocker [EPC]', 'Tumor Necrosis Factor Receptor Blocking Activity [MoA]']",83457-101-01,"2 SYRINGE, GLASS in 1 CARTON (83457-101-01)  / .4 mL in 1 SYRINGE, GLASS",9/21/2023,12/31/2025,FALSE,TRUE
815,83457-101,adalimumab-adaz,Cordavis Limited,HYRIMOZ,BLA,"INJECTION, SOLUTION",e937bde8-d78d-4fca-acb0-ea2aac54e579,HUMAN PRESCRIPTION DRUG,83457-101_e937bde8-d78d-4fca-acb0-ea2aac54e579,BLA761071,HYRIMOZ, 'ADALIMUMAB', 40 mg/.4mL,SUBCUTANEOUS',"['Antibodies', 'Monoclonal [CS]', 'Tumor Necrosis Factor Blocker [EPC]', 'Tumor Necrosis Factor Receptor Blocking Activity [MoA]']",83457-101-01,"2 SYRINGE, GLASS in 1 CARTON (83457-101-01)  / .4 mL in 1 SYRINGE, GLASS",9/21/2023,12/31/2025,FALSE,TRUE
816,83457-101,adalimumab-adaz,Cordavis Limited,HYRIMOZ,BLA,"INJECTION, SOLUTION",e937bde8-d78d-4fca-acb0-ea2aac54e579,HUMAN PRESCRIPTION DRUG,83457-101_e937bde8-d78d-4fca-acb0-ea2aac54e579,BLA761071,HYRIMOZ, 'ADALIMUMAB', 40 mg/.4mL,SUBCUTANEOUS',"['Antibodies', 'Monoclonal [CS]', 'Tumor Necrosis Factor Blocker [EPC]', 'Tumor Necrosis Factor Receptor Blocking Activity [MoA]']",83457-101-01,"2 SYRINGE, GLASS in 1 CARTON (83457-101-01)  / .4 mL in 1 SYRINGE, GLASS",9/21/2023,12/31/2025,FALSE,TRUE
817,83457-101,adalimumab-adaz,Cordavis Limited,HYRIMOZ,BLA,"INJECTION, SOLUTION",e937bde8-d78d-4fca-acb0-ea2aac54e579,HUMAN PRESCRIPTION DRUG,83457-101_e937bde8-d78d-4fca-acb0-ea2aac54e579,BLA761071,HYRIMOZ, 'ADALIMUMAB', 40 mg/.4mL,SUBCUTANEOUS',"['Antibodies', 'Monoclonal [CS]', 'Tumor Necrosis Factor Blocker [EPC]', 'Tumor Necrosis Factor Receptor Blocking Activity [MoA]']",83457-101-01,"2 SYRINGE, GLASS in 1 CARTON (83457-101-01)  / .4 mL in 1 SYRINGE, GLASS",9/21/2023,12/31/2025,FALSE,TRUE
818,83457-101,adalimumab-adaz,Cordavis Limited,HYRIMOZ,BLA,"INJECTION, SOLUTION",e937bde8-d78d-4fca-acb0-ea2aac54e579,HUMAN PRESCRIPTION DRUG,83457-101_e937bde8-d78d-4fca-acb0-ea2aac54e579,BLA761071,HYRIMOZ, 'ADALIMUMAB', 40 mg/.4mL,SUBCUTANEOUS',"['Antibodies', 'Monoclonal [CS]', 'Tumor Necrosis Factor Blocker [EPC]', 'Tumor Necrosis Factor Receptor Blocking Activity [MoA]']",83457-101-01,"2 SYRINGE, GLASS in 1 CARTON (83457-101-01)  / .4 mL in 1 SYRINGE, GLASS",9/21/2023,12/31/2025,FALSE,TRUE
819,83457-101,adalimumab-adaz,Cordavis Limited,HYRIMOZ,BLA,"INJECTION, SOLUTION",e937bde8-d78d-4fca-acb0-ea2aac54e579,HUMAN PRESCRIPTION DRUG,83457-101_e937bde8-d78d-4fca-acb0-ea2aac54e579,BLA761071,HYRIMOZ, 'ADALIMUMAB', 40 mg/.4mL,SUBCUTANEOUS',"['Antibodies', 'Monoclonal [CS]', 'Tumor Necrosis Factor Blocker [EPC]', 'Tumor Necrosis Factor Receptor Blocking Activity [MoA]']",83457-101-01,"2 SYRINGE, GLASS in 1 CARTON (83457-101-01)  / .4 mL in 1 SYRINGE, GLASS",9/21/2023,12/31/2025,FALSE,TRUE
820,83457-102,adalimumab-adaz,Cordavis Limited,HYRIMOZ,BLA,"INJECTION, SOLUTION",e937bde8-d78d-4fca-acb0-ea2aac54e579,HUMAN PRESCRIPTION DRUG,83457-102_e937bde8-d78d-4fca-acb0-ea2aac54e579,BLA761071,HYRIMOZ, 'ADALIMUMAB', 40 mg/.8mL,SUBCUTANEOUS',"['Antibodies', 'Monoclonal [CS]', 'Tumor Necrosis Factor Blocker [EPC]', 'Tumor Necrosis Factor Receptor Blocking Activity [MoA]']",83457-102-01,2 SYRINGE in 1 CARTON (83457-102-01)  / .8 mL in 1 SYRINGE,9/21/2023,12/31/2025,FALSE,TRUE
821,83457-102,adalimumab-adaz,Cordavis Limited,HYRIMOZ,BLA,"INJECTION, SOLUTION",e937bde8-d78d-4fca-acb0-ea2aac54e579,HUMAN PRESCRIPTION DRUG,83457-102_e937bde8-d78d-4fca-acb0-ea2aac54e579,BLA761071,HYRIMOZ, 'ADALIMUMAB', 40 mg/.8mL,SUBCUTANEOUS',"['Antibodies', 'Monoclonal [CS]', 'Tumor Necrosis Factor Blocker [EPC]', 'Tumor Necrosis Factor Receptor Blocking Activity [MoA]']",83457-102-01,2 SYRINGE in 1 CARTON (83457-102-01)  / .8 mL in 1 SYRINGE,9/21/2023,12/31/2025,FALSE,TRUE
822,83457-102,adalimumab-adaz,Cordavis Limited,HYRIMOZ,BLA,"INJECTION, SOLUTION",e937bde8-d78d-4fca-acb0-ea2aac54e579,HUMAN PRESCRIPTION DRUG,83457-102_e937bde8-d78d-4fca-acb0-ea2aac54e579,BLA761071,HYRIMOZ, 'ADALIMUMAB', 40 mg/.8mL,SUBCUTANEOUS',"['Antibodies', 'Monoclonal [CS]', 'Tumor Necrosis Factor Blocker [EPC]', 'Tumor Necrosis Factor Receptor Blocking Activity [MoA]']",83457-102-01,2 SYRINGE in 1 CARTON (83457-102-01)  / .8 mL in 1 SYRINGE,9/21/2023,12/31/2025,FALSE,TRUE
823,83457-102,adalimumab-adaz,Cordavis Limited,HYRIMOZ,BLA,"INJECTION, SOLUTION",e937bde8-d78d-4fca-acb0-ea2aac54e579,HUMAN PRESCRIPTION DRUG,83457-102_e937bde8-d78d-4fca-acb0-ea2aac54e579,BLA761071,HYRIMOZ, 'ADALIMUMAB', 40 mg/.8mL,SUBCUTANEOUS',"['Antibodies', 'Monoclonal [CS]', 'Tumor Necrosis Factor Blocker [EPC]', 'Tumor Necrosis Factor Receptor Blocking Activity [MoA]']",83457-102-01,2 SYRINGE in 1 CARTON (83457-102-01)  / .8 mL in 1 SYRINGE,9/21/2023,12/31/2025,FALSE,TRUE
824,83457-102,adalimumab-adaz,Cordavis Limited,HYRIMOZ,BLA,"INJECTION, SOLUTION",e937bde8-d78d-4fca-acb0-ea2aac54e579,HUMAN PRESCRIPTION DRUG,83457-102_e937bde8-d78d-4fca-acb0-ea2aac54e579,BLA761071,HYRIMOZ, 'ADALIMUMAB', 40 mg/.8mL,SUBCUTANEOUS',"['Antibodies', 'Monoclonal [CS]', 'Tumor Necrosis Factor Blocker [EPC]', 'Tumor Necrosis Factor Receptor Blocking Activity [MoA]']",83457-102-01,2 SYRINGE in 1 CARTON (83457-102-01)  / .8 mL in 1 SYRINGE,9/21/2023,12/31/2025,FALSE,TRUE
825,83457-102,adalimumab-adaz,Cordavis Limited,HYRIMOZ,BLA,"INJECTION, SOLUTION",e937bde8-d78d-4fca-acb0-ea2aac54e579,HUMAN PRESCRIPTION DRUG,83457-102_e937bde8-d78d-4fca-acb0-ea2aac54e579,BLA761071,HYRIMOZ, 'ADALIMUMAB', 40 mg/.8mL,SUBCUTANEOUS',"['Antibodies', 'Monoclonal [CS]', 'Tumor Necrosis Factor Blocker [EPC]', 'Tumor Necrosis Factor Receptor Blocking Activity [MoA]']",83457-102-01,2 SYRINGE in 1 CARTON (83457-102-01)  / .8 mL in 1 SYRINGE,9/21/2023,12/31/2025,FALSE,TRUE
826,83457-102,adalimumab-adaz,Cordavis Limited,HYRIMOZ,BLA,"INJECTION, SOLUTION",e937bde8-d78d-4fca-acb0-ea2aac54e579,HUMAN PRESCRIPTION DRUG,83457-102_e937bde8-d78d-4fca-acb0-ea2aac54e579,BLA761071,HYRIMOZ, 'ADALIMUMAB', 40 mg/.8mL,SUBCUTANEOUS',"['Antibodies', 'Monoclonal [CS]', 'Tumor Necrosis Factor Blocker [EPC]', 'Tumor Necrosis Factor Receptor Blocking Activity [MoA]']",83457-102-01,2 SYRINGE in 1 CARTON (83457-102-01)  / .8 mL in 1 SYRINGE,9/21/2023,12/31/2025,FALSE,TRUE
827,83457-102,adalimumab-adaz,Cordavis Limited,HYRIMOZ,BLA,"INJECTION, SOLUTION",e937bde8-d78d-4fca-acb0-ea2aac54e579,HUMAN PRESCRIPTION DRUG,83457-102_e937bde8-d78d-4fca-acb0-ea2aac54e579,BLA761071,HYRIMOZ, 'ADALIMUMAB', 40 mg/.8mL,SUBCUTANEOUS',"['Antibodies', 'Monoclonal [CS]', 'Tumor Necrosis Factor Blocker [EPC]', 'Tumor Necrosis Factor Receptor Blocking Activity [MoA]']",83457-102-01,2 SYRINGE in 1 CARTON (83457-102-01)  / .8 mL in 1 SYRINGE,9/21/2023,12/31/2025,FALSE,TRUE
828,83457-102,adalimumab-adaz,Cordavis Limited,HYRIMOZ,BLA,"INJECTION, SOLUTION",e937bde8-d78d-4fca-acb0-ea2aac54e579,HUMAN PRESCRIPTION DRUG,83457-102_e937bde8-d78d-4fca-acb0-ea2aac54e579,BLA761071,HYRIMOZ, 'ADALIMUMAB', 40 mg/.8mL,SUBCUTANEOUS',"['Antibodies', 'Monoclonal [CS]', 'Tumor Necrosis Factor Blocker [EPC]', 'Tumor Necrosis Factor Receptor Blocking Activity [MoA]']",83457-102-01,2 SYRINGE in 1 CARTON (83457-102-01)  / .8 mL in 1 SYRINGE,9/21/2023,12/31/2025,FALSE,TRUE
829,83457-103,adalimumab-adaz,Cordavis Limited,HYRIMOZ,BLA,"INJECTION, SOLUTION",e937bde8-d78d-4fca-acb0-ea2aac54e579,HUMAN PRESCRIPTION DRUG,83457-103_e937bde8-d78d-4fca-acb0-ea2aac54e579,BLA761071,HYRIMOZ, 'ADALIMUMAB', 40 mg/.8mL,SUBCUTANEOUS',"['Antibodies', 'Monoclonal [CS]', 'Tumor Necrosis Factor Blocker [EPC]', 'Tumor Necrosis Factor Receptor Blocking Activity [MoA]']",83457-103-01,"2 SYRINGE, GLASS in 1 CARTON (83457-103-01)  / .8 mL in 1 SYRINGE, GLASS",9/21/2023,12/31/2025,FALSE,TRUE
830,83457-103,adalimumab-adaz,Cordavis Limited,HYRIMOZ,BLA,"INJECTION, SOLUTION",e937bde8-d78d-4fca-acb0-ea2aac54e579,HUMAN PRESCRIPTION DRUG,83457-103_e937bde8-d78d-4fca-acb0-ea2aac54e579,BLA761071,HYRIMOZ, 'ADALIMUMAB', 40 mg/.8mL,SUBCUTANEOUS',"['Antibodies', 'Monoclonal [CS]', 'Tumor Necrosis Factor Blocker [EPC]', 'Tumor Necrosis Factor Receptor Blocking Activity [MoA]']",83457-103-01,"2 SYRINGE, GLASS in 1 CARTON (83457-103-01)  / .8 mL in 1 SYRINGE, GLASS",9/21/2023,12/31/2025,FALSE,TRUE
831,83457-103,adalimumab-adaz,Cordavis Limited,HYRIMOZ,BLA,"INJECTION, SOLUTION",e937bde8-d78d-4fca-acb0-ea2aac54e579,HUMAN PRESCRIPTION DRUG,83457-103_e937bde8-d78d-4fca-acb0-ea2aac54e579,BLA761071,HYRIMOZ, 'ADALIMUMAB', 40 mg/.8mL,SUBCUTANEOUS',"['Antibodies', 'Monoclonal [CS]', 'Tumor Necrosis Factor Blocker [EPC]', 'Tumor Necrosis Factor Receptor Blocking Activity [MoA]']",83457-103-01,"2 SYRINGE, GLASS in 1 CARTON (83457-103-01)  / .8 mL in 1 SYRINGE, GLASS",9/21/2023,12/31/2025,FALSE,TRUE
832,83457-103,adalimumab-adaz,Cordavis Limited,HYRIMOZ,BLA,"INJECTION, SOLUTION",e937bde8-d78d-4fca-acb0-ea2aac54e579,HUMAN PRESCRIPTION DRUG,83457-103_e937bde8-d78d-4fca-acb0-ea2aac54e579,BLA761071,HYRIMOZ, 'ADALIMUMAB', 40 mg/.8mL,SUBCUTANEOUS',"['Antibodies', 'Monoclonal [CS]', 'Tumor Necrosis Factor Blocker [EPC]', 'Tumor Necrosis Factor Receptor Blocking Activity [MoA]']",83457-103-01,"2 SYRINGE, GLASS in 1 CARTON (83457-103-01)  / .8 mL in 1 SYRINGE, GLASS",9/21/2023,12/31/2025,FALSE,TRUE
833,83457-103,adalimumab-adaz,Cordavis Limited,HYRIMOZ,BLA,"INJECTION, SOLUTION",e937bde8-d78d-4fca-acb0-ea2aac54e579,HUMAN PRESCRIPTION DRUG,83457-103_e937bde8-d78d-4fca-acb0-ea2aac54e579,BLA761071,HYRIMOZ, 'ADALIMUMAB', 40 mg/.8mL,SUBCUTANEOUS',"['Antibodies', 'Monoclonal [CS]', 'Tumor Necrosis Factor Blocker [EPC]', 'Tumor Necrosis Factor Receptor Blocking Activity [MoA]']",83457-103-01,"2 SYRINGE, GLASS in 1 CARTON (83457-103-01)  / .8 mL in 1 SYRINGE, GLASS",9/21/2023,12/31/2025,FALSE,TRUE
834,83457-103,adalimumab-adaz,Cordavis Limited,HYRIMOZ,BLA,"INJECTION, SOLUTION",e937bde8-d78d-4fca-acb0-ea2aac54e579,HUMAN PRESCRIPTION DRUG,83457-103_e937bde8-d78d-4fca-acb0-ea2aac54e579,BLA761071,HYRIMOZ, 'ADALIMUMAB', 40 mg/.8mL,SUBCUTANEOUS',"['Antibodies', 'Monoclonal [CS]', 'Tumor Necrosis Factor Blocker [EPC]', 'Tumor Necrosis Factor Receptor Blocking Activity [MoA]']",83457-103-01,"2 SYRINGE, GLASS in 1 CARTON (83457-103-01)  / .8 mL in 1 SYRINGE, GLASS",9/21/2023,12/31/2025,FALSE,TRUE
835,83457-103,adalimumab-adaz,Cordavis Limited,HYRIMOZ,BLA,"INJECTION, SOLUTION",e937bde8-d78d-4fca-acb0-ea2aac54e579,HUMAN PRESCRIPTION DRUG,83457-103_e937bde8-d78d-4fca-acb0-ea2aac54e579,BLA761071,HYRIMOZ, 'ADALIMUMAB', 40 mg/.8mL,SUBCUTANEOUS',"['Antibodies', 'Monoclonal [CS]', 'Tumor Necrosis Factor Blocker [EPC]', 'Tumor Necrosis Factor Receptor Blocking Activity [MoA]']",83457-103-01,"2 SYRINGE, GLASS in 1 CARTON (83457-103-01)  / .8 mL in 1 SYRINGE, GLASS",9/21/2023,12/31/2025,FALSE,TRUE
836,83457-103,adalimumab-adaz,Cordavis Limited,HYRIMOZ,BLA,"INJECTION, SOLUTION",e937bde8-d78d-4fca-acb0-ea2aac54e579,HUMAN PRESCRIPTION DRUG,83457-103_e937bde8-d78d-4fca-acb0-ea2aac54e579,BLA761071,HYRIMOZ, 'ADALIMUMAB', 40 mg/.8mL,SUBCUTANEOUS',"['Antibodies', 'Monoclonal [CS]', 'Tumor Necrosis Factor Blocker [EPC]', 'Tumor Necrosis Factor Receptor Blocking Activity [MoA]']",83457-103-01,"2 SYRINGE, GLASS in 1 CARTON (83457-103-01)  / .8 mL in 1 SYRINGE, GLASS",9/21/2023,12/31/2025,FALSE,TRUE
837,83457-103,adalimumab-adaz,Cordavis Limited,HYRIMOZ,BLA,"INJECTION, SOLUTION",e937bde8-d78d-4fca-acb0-ea2aac54e579,HUMAN PRESCRIPTION DRUG,83457-103_e937bde8-d78d-4fca-acb0-ea2aac54e579,BLA761071,HYRIMOZ, 'ADALIMUMAB', 40 mg/.8mL,SUBCUTANEOUS',"['Antibodies', 'Monoclonal [CS]', 'Tumor Necrosis Factor Blocker [EPC]', 'Tumor Necrosis Factor Receptor Blocking Activity [MoA]']",83457-103-01,"2 SYRINGE, GLASS in 1 CARTON (83457-103-01)  / .8 mL in 1 SYRINGE, GLASS",9/21/2023,12/31/2025,FALSE,TRUE
838,83457-107,adalimumab-adaz,Cordavis Limited,HYRIMOZ,BLA,"INJECTION, SOLUTION",e937bde8-d78d-4fca-acb0-ea2aac54e579,HUMAN PRESCRIPTION DRUG,83457-107_e937bde8-d78d-4fca-acb0-ea2aac54e579,BLA761071,HYRIMOZ, 'ADALIMUMAB', 80 mg/.8mL,SUBCUTANEOUS',"['Antibodies', 'Monoclonal [CS]', 'Tumor Necrosis Factor Blocker [EPC]', 'Tumor Necrosis Factor Receptor Blocking Activity [MoA]']",83457-107-01,2 SYRINGE in 1 CARTON (83457-107-01)  / .8 mL in 1 SYRINGE,12/15/2023,12/31/2025,FALSE,TRUE
839,83457-107,adalimumab-adaz,Cordavis Limited,HYRIMOZ,BLA,"INJECTION, SOLUTION",e937bde8-d78d-4fca-acb0-ea2aac54e579,HUMAN PRESCRIPTION DRUG,83457-107_e937bde8-d78d-4fca-acb0-ea2aac54e579,BLA761071,HYRIMOZ, 'ADALIMUMAB', 80 mg/.8mL,SUBCUTANEOUS',"['Antibodies', 'Monoclonal [CS]', 'Tumor Necrosis Factor Blocker [EPC]', 'Tumor Necrosis Factor Receptor Blocking Activity [MoA]']",83457-107-01,2 SYRINGE in 1 CARTON (83457-107-01)  / .8 mL in 1 SYRINGE,12/15/2023,12/31/2025,FALSE,TRUE
840,83457-107,adalimumab-adaz,Cordavis Limited,HYRIMOZ,BLA,"INJECTION, SOLUTION",e937bde8-d78d-4fca-acb0-ea2aac54e579,HUMAN PRESCRIPTION DRUG,83457-107_e937bde8-d78d-4fca-acb0-ea2aac54e579,BLA761071,HYRIMOZ, 'ADALIMUMAB', 80 mg/.8mL,SUBCUTANEOUS',"['Antibodies', 'Monoclonal [CS]', 'Tumor Necrosis Factor Blocker [EPC]', 'Tumor Necrosis Factor Receptor Blocking Activity [MoA]']",83457-107-01,2 SYRINGE in 1 CARTON (83457-107-01)  / .8 mL in 1 SYRINGE,12/15/2023,12/31/2025,FALSE,TRUE
841,83457-107,adalimumab-adaz,Cordavis Limited,HYRIMOZ,BLA,"INJECTION, SOLUTION",e937bde8-d78d-4fca-acb0-ea2aac54e579,HUMAN PRESCRIPTION DRUG,83457-107_e937bde8-d78d-4fca-acb0-ea2aac54e579,BLA761071,HYRIMOZ, 'ADALIMUMAB', 80 mg/.8mL,SUBCUTANEOUS',"['Antibodies', 'Monoclonal [CS]', 'Tumor Necrosis Factor Blocker [EPC]', 'Tumor Necrosis Factor Receptor Blocking Activity [MoA]']",83457-107-01,2 SYRINGE in 1 CARTON (83457-107-01)  / .8 mL in 1 SYRINGE,12/15/2023,12/31/2025,FALSE,TRUE
842,83457-107,adalimumab-adaz,Cordavis Limited,HYRIMOZ,BLA,"INJECTION, SOLUTION",e937bde8-d78d-4fca-acb0-ea2aac54e579,HUMAN PRESCRIPTION DRUG,83457-107_e937bde8-d78d-4fca-acb0-ea2aac54e579,BLA761071,HYRIMOZ, 'ADALIMUMAB', 80 mg/.8mL,SUBCUTANEOUS',"['Antibodies', 'Monoclonal [CS]', 'Tumor Necrosis Factor Blocker [EPC]', 'Tumor Necrosis Factor Receptor Blocking Activity [MoA]']",83457-107-01,2 SYRINGE in 1 CARTON (83457-107-01)  / .8 mL in 1 SYRINGE,12/15/2023,12/31/2025,FALSE,TRUE
843,83457-107,adalimumab-adaz,Cordavis Limited,HYRIMOZ,BLA,"INJECTION, SOLUTION",e937bde8-d78d-4fca-acb0-ea2aac54e579,HUMAN PRESCRIPTION DRUG,83457-107_e937bde8-d78d-4fca-acb0-ea2aac54e579,BLA761071,HYRIMOZ, 'ADALIMUMAB', 80 mg/.8mL,SUBCUTANEOUS',"['Antibodies', 'Monoclonal [CS]', 'Tumor Necrosis Factor Blocker [EPC]', 'Tumor Necrosis Factor Receptor Blocking Activity [MoA]']",83457-107-01,2 SYRINGE in 1 CARTON (83457-107-01)  / .8 mL in 1 SYRINGE,12/15/2023,12/31/2025,FALSE,TRUE
844,83457-107,adalimumab-adaz,Cordavis Limited,HYRIMOZ,BLA,"INJECTION, SOLUTION",e937bde8-d78d-4fca-acb0-ea2aac54e579,HUMAN PRESCRIPTION DRUG,83457-107_e937bde8-d78d-4fca-acb0-ea2aac54e579,BLA761071,HYRIMOZ, 'ADALIMUMAB', 80 mg/.8mL,SUBCUTANEOUS',"['Antibodies', 'Monoclonal [CS]', 'Tumor Necrosis Factor Blocker [EPC]', 'Tumor Necrosis Factor Receptor Blocking Activity [MoA]']",83457-107-01,2 SYRINGE in 1 CARTON (83457-107-01)  / .8 mL in 1 SYRINGE,12/15/2023,12/31/2025,FALSE,TRUE
845,83457-107,adalimumab-adaz,Cordavis Limited,HYRIMOZ,BLA,"INJECTION, SOLUTION",e937bde8-d78d-4fca-acb0-ea2aac54e579,HUMAN PRESCRIPTION DRUG,83457-107_e937bde8-d78d-4fca-acb0-ea2aac54e579,BLA761071,HYRIMOZ, 'ADALIMUMAB', 80 mg/.8mL,SUBCUTANEOUS',"['Antibodies', 'Monoclonal [CS]', 'Tumor Necrosis Factor Blocker [EPC]', 'Tumor Necrosis Factor Receptor Blocking Activity [MoA]']",83457-107-01,2 SYRINGE in 1 CARTON (83457-107-01)  / .8 mL in 1 SYRINGE,12/15/2023,12/31/2025,FALSE,TRUE
846,83457-107,adalimumab-adaz,Cordavis Limited,HYRIMOZ,BLA,"INJECTION, SOLUTION",e937bde8-d78d-4fca-acb0-ea2aac54e579,HUMAN PRESCRIPTION DRUG,83457-107_e937bde8-d78d-4fca-acb0-ea2aac54e579,BLA761071,HYRIMOZ, 'ADALIMUMAB', 80 mg/.8mL,SUBCUTANEOUS',"['Antibodies', 'Monoclonal [CS]', 'Tumor Necrosis Factor Blocker [EPC]', 'Tumor Necrosis Factor Receptor Blocking Activity [MoA]']",83457-107-01,2 SYRINGE in 1 CARTON (83457-107-01)  / .8 mL in 1 SYRINGE,12/15/2023,12/31/2025,FALSE,TRUE
847,83457-108,adalimumab-adaz,Cordavis Limited,HYRIMOZ,BLA,"INJECTION, SOLUTION",e937bde8-d78d-4fca-acb0-ea2aac54e579,HUMAN PRESCRIPTION DRUG,83457-108_e937bde8-d78d-4fca-acb0-ea2aac54e579,BLA761071,HYRIMOZ, 'ADALIMUMAB', 20 mg/.2mL,SUBCUTANEOUS',"['Antibodies', 'Monoclonal [CS]', 'Tumor Necrosis Factor Blocker [EPC]', 'Tumor Necrosis Factor Receptor Blocking Activity [MoA]']",83457-108-01,"2 SYRINGE, GLASS in 1 CARTON (83457-108-01)  / .2 mL in 1 SYRINGE, GLASS",12/15/2023,12/31/2025,FALSE,TRUE
848,83457-108,adalimumab-adaz,Cordavis Limited,HYRIMOZ,BLA,"INJECTION, SOLUTION",e937bde8-d78d-4fca-acb0-ea2aac54e579,HUMAN PRESCRIPTION DRUG,83457-108_e937bde8-d78d-4fca-acb0-ea2aac54e579,BLA761071,HYRIMOZ, 'ADALIMUMAB', 20 mg/.2mL,SUBCUTANEOUS',"['Antibodies', 'Monoclonal [CS]', 'Tumor Necrosis Factor Blocker [EPC]', 'Tumor Necrosis Factor Receptor Blocking Activity [MoA]']",83457-108-01,"2 SYRINGE, GLASS in 1 CARTON (83457-108-01)  / .2 mL in 1 SYRINGE, GLASS",12/15/2023,12/31/2025,FALSE,TRUE
849,83457-108,adalimumab-adaz,Cordavis Limited,HYRIMOZ,BLA,"INJECTION, SOLUTION",e937bde8-d78d-4fca-acb0-ea2aac54e579,HUMAN PRESCRIPTION DRUG,83457-108_e937bde8-d78d-4fca-acb0-ea2aac54e579,BLA761071,HYRIMOZ, 'ADALIMUMAB', 20 mg/.2mL,SUBCUTANEOUS',"['Antibodies', 'Monoclonal [CS]', 'Tumor Necrosis Factor Blocker [EPC]', 'Tumor Necrosis Factor Receptor Blocking Activity [MoA]']",83457-108-01,"2 SYRINGE, GLASS in 1 CARTON (83457-108-01)  / .2 mL in 1 SYRINGE, GLASS",12/15/2023,12/31/2025,FALSE,TRUE
850,83457-108,adalimumab-adaz,Cordavis Limited,HYRIMOZ,BLA,"INJECTION, SOLUTION",e937bde8-d78d-4fca-acb0-ea2aac54e579,HUMAN PRESCRIPTION DRUG,83457-108_e937bde8-d78d-4fca-acb0-ea2aac54e579,BLA761071,HYRIMOZ, 'ADALIMUMAB', 20 mg/.2mL,SUBCUTANEOUS',"['Antibodies', 'Monoclonal [CS]', 'Tumor Necrosis Factor Blocker [EPC]', 'Tumor Necrosis Factor Receptor Blocking Activity [MoA]']",83457-108-01,"2 SYRINGE, GLASS in 1 CARTON (83457-108-01)  / .2 mL in 1 SYRINGE, GLASS",12/15/2023,12/31/2025,FALSE,TRUE
851,83457-108,adalimumab-adaz,Cordavis Limited,HYRIMOZ,BLA,"INJECTION, SOLUTION",e937bde8-d78d-4fca-acb0-ea2aac54e579,HUMAN PRESCRIPTION DRUG,83457-108_e937bde8-d78d-4fca-acb0-ea2aac54e579,BLA761071,HYRIMOZ, 'ADALIMUMAB', 20 mg/.2mL,SUBCUTANEOUS',"['Antibodies', 'Monoclonal [CS]', 'Tumor Necrosis Factor Blocker [EPC]', 'Tumor Necrosis Factor Receptor Blocking Activity [MoA]']",83457-108-01,"2 SYRINGE, GLASS in 1 CARTON (83457-108-01)  / .2 mL in 1 SYRINGE, GLASS",12/15/2023,12/31/2025,FALSE,TRUE
852,83457-108,adalimumab-adaz,Cordavis Limited,HYRIMOZ,BLA,"INJECTION, SOLUTION",e937bde8-d78d-4fca-acb0-ea2aac54e579,HUMAN PRESCRIPTION DRUG,83457-108_e937bde8-d78d-4fca-acb0-ea2aac54e579,BLA761071,HYRIMOZ, 'ADALIMUMAB', 20 mg/.2mL,SUBCUTANEOUS',"['Antibodies', 'Monoclonal [CS]', 'Tumor Necrosis Factor Blocker [EPC]', 'Tumor Necrosis Factor Receptor Blocking Activity [MoA]']",83457-108-01,"2 SYRINGE, GLASS in 1 CARTON (83457-108-01)  / .2 mL in 1 SYRINGE, GLASS",12/15/2023,12/31/2025,FALSE,TRUE
853,83457-108,adalimumab-adaz,Cordavis Limited,HYRIMOZ,BLA,"INJECTION, SOLUTION",e937bde8-d78d-4fca-acb0-ea2aac54e579,HUMAN PRESCRIPTION DRUG,83457-108_e937bde8-d78d-4fca-acb0-ea2aac54e579,BLA761071,HYRIMOZ, 'ADALIMUMAB', 20 mg/.2mL,SUBCUTANEOUS',"['Antibodies', 'Monoclonal [CS]', 'Tumor Necrosis Factor Blocker [EPC]', 'Tumor Necrosis Factor Receptor Blocking Activity [MoA]']",83457-108-01,"2 SYRINGE, GLASS in 1 CARTON (83457-108-01)  / .2 mL in 1 SYRINGE, GLASS",12/15/2023,12/31/2025,FALSE,TRUE
854,83457-108,adalimumab-adaz,Cordavis Limited,HYRIMOZ,BLA,"INJECTION, SOLUTION",e937bde8-d78d-4fca-acb0-ea2aac54e579,HUMAN PRESCRIPTION DRUG,83457-108_e937bde8-d78d-4fca-acb0-ea2aac54e579,BLA761071,HYRIMOZ, 'ADALIMUMAB', 20 mg/.2mL,SUBCUTANEOUS',"['Antibodies', 'Monoclonal [CS]', 'Tumor Necrosis Factor Blocker [EPC]', 'Tumor Necrosis Factor Receptor Blocking Activity [MoA]']",83457-108-01,"2 SYRINGE, GLASS in 1 CARTON (83457-108-01)  / .2 mL in 1 SYRINGE, GLASS",12/15/2023,12/31/2025,FALSE,TRUE
855,83457-108,adalimumab-adaz,Cordavis Limited,HYRIMOZ,BLA,"INJECTION, SOLUTION",e937bde8-d78d-4fca-acb0-ea2aac54e579,HUMAN PRESCRIPTION DRUG,83457-108_e937bde8-d78d-4fca-acb0-ea2aac54e579,BLA761071,HYRIMOZ, 'ADALIMUMAB', 20 mg/.2mL,SUBCUTANEOUS',"['Antibodies', 'Monoclonal [CS]', 'Tumor Necrosis Factor Blocker [EPC]', 'Tumor Necrosis Factor Receptor Blocking Activity [MoA]']",83457-108-01,"2 SYRINGE, GLASS in 1 CARTON (83457-108-01)  / .2 mL in 1 SYRINGE, GLASS",12/15/2023,12/31/2025,FALSE,TRUE
856,83457-112,adalimumab-adaz,Cordavis Limited,HYRIMOZ,BLA,KIT,e937bde8-d78d-4fca-acb0-ea2aac54e579,HUMAN PRESCRIPTION DRUG,83457-112_e937bde8-d78d-4fca-acb0-ea2aac54e579,BLA761071,HYRIMOZ,,,,,83457-112-01,1 KIT in 1 CARTON (83457-112-01)  *  1 SYRINGE in 1 CARTON / .8 mL in 1 SYRINGE *  2 SYRINGE in 1 CARTON / .4 mL in 1 SYRINGE,12/15/2023,12/31/2025,FALSE,TRUE
857,83457-112,adalimumab-adaz,Cordavis Limited,HYRIMOZ,BLA,KIT,e937bde8-d78d-4fca-acb0-ea2aac54e579,HUMAN PRESCRIPTION DRUG,83457-112_e937bde8-d78d-4fca-acb0-ea2aac54e579,BLA761071,HYRIMOZ,,,,,83457-112-01,1 KIT in 1 CARTON (83457-112-01)  *  1 SYRINGE in 1 CARTON / .8 mL in 1 SYRINGE *  2 SYRINGE in 1 CARTON / .4 mL in 1 SYRINGE,12/15/2023,12/31/2025,FALSE,TRUE
858,83457-112,adalimumab-adaz,Cordavis Limited,HYRIMOZ,BLA,KIT,e937bde8-d78d-4fca-acb0-ea2aac54e579,HUMAN PRESCRIPTION DRUG,83457-112_e937bde8-d78d-4fca-acb0-ea2aac54e579,BLA761071,HYRIMOZ,,,,,83457-112-01,1 KIT in 1 CARTON (83457-112-01)  *  1 SYRINGE in 1 CARTON / .8 mL in 1 SYRINGE *  2 SYRINGE in 1 CARTON / .4 mL in 1 SYRINGE,12/15/2023,12/31/2025,FALSE,TRUE
859,83457-112,adalimumab-adaz,Cordavis Limited,HYRIMOZ,BLA,KIT,e937bde8-d78d-4fca-acb0-ea2aac54e579,HUMAN PRESCRIPTION DRUG,83457-112_e937bde8-d78d-4fca-acb0-ea2aac54e579,BLA761071,HYRIMOZ,,,,,83457-112-01,1 KIT in 1 CARTON (83457-112-01)  *  1 SYRINGE in 1 CARTON / .8 mL in 1 SYRINGE *  2 SYRINGE in 1 CARTON / .4 mL in 1 SYRINGE,12/15/2023,12/31/2025,FALSE,TRUE
860,83457-112,adalimumab-adaz,Cordavis Limited,HYRIMOZ,BLA,KIT,e937bde8-d78d-4fca-acb0-ea2aac54e579,HUMAN PRESCRIPTION DRUG,83457-112_e937bde8-d78d-4fca-acb0-ea2aac54e579,BLA761071,HYRIMOZ,,,,,83457-112-01,1 KIT in 1 CARTON (83457-112-01)  *  1 SYRINGE in 1 CARTON / .8 mL in 1 SYRINGE *  2 SYRINGE in 1 CARTON / .4 mL in 1 SYRINGE,12/15/2023,12/31/2025,FALSE,TRUE
861,83457-112,adalimumab-adaz,Cordavis Limited,HYRIMOZ,BLA,KIT,e937bde8-d78d-4fca-acb0-ea2aac54e579,HUMAN PRESCRIPTION DRUG,83457-112_e937bde8-d78d-4fca-acb0-ea2aac54e579,BLA761071,HYRIMOZ,,,,,83457-112-01,1 KIT in 1 CARTON (83457-112-01)  *  1 SYRINGE in 1 CARTON / .8 mL in 1 SYRINGE *  2 SYRINGE in 1 CARTON / .4 mL in 1 SYRINGE,12/15/2023,12/31/2025,FALSE,TRUE
862,83457-112,adalimumab-adaz,Cordavis Limited,HYRIMOZ,BLA,KIT,e937bde8-d78d-4fca-acb0-ea2aac54e579,HUMAN PRESCRIPTION DRUG,83457-112_e937bde8-d78d-4fca-acb0-ea2aac54e579,BLA761071,HYRIMOZ,,,,,83457-112-01,1 KIT in 1 CARTON (83457-112-01)  *  1 SYRINGE in 1 CARTON / .8 mL in 1 SYRINGE *  2 SYRINGE in 1 CARTON / .4 mL in 1 SYRINGE,12/15/2023,12/31/2025,FALSE,TRUE
863,83457-112,adalimumab-adaz,Cordavis Limited,HYRIMOZ,BLA,KIT,e937bde8-d78d-4fca-acb0-ea2aac54e579,HUMAN PRESCRIPTION DRUG,83457-112_e937bde8-d78d-4fca-acb0-ea2aac54e579,BLA761071,HYRIMOZ,,,,,83457-112-01,1 KIT in 1 CARTON (83457-112-01)  *  1 SYRINGE in 1 CARTON / .8 mL in 1 SYRINGE *  2 SYRINGE in 1 CARTON / .4 mL in 1 SYRINGE,12/15/2023,12/31/2025,FALSE,TRUE
864,83457-112,adalimumab-adaz,Cordavis Limited,HYRIMOZ,BLA,KIT,e937bde8-d78d-4fca-acb0-ea2aac54e579,HUMAN PRESCRIPTION DRUG,83457-112_e937bde8-d78d-4fca-acb0-ea2aac54e579,BLA761071,HYRIMOZ,,,,,83457-112-01,1 KIT in 1 CARTON (83457-112-01)  *  1 SYRINGE in 1 CARTON / .8 mL in 1 SYRINGE *  2 SYRINGE in 1 CARTON / .4 mL in 1 SYRINGE,12/15/2023,12/31/2025,FALSE,TRUE
865,83457-113,adalimumab-adaz,Cordavis Limited,HYRIMOZ,BLA,"INJECTION, SOLUTION",e937bde8-d78d-4fca-acb0-ea2aac54e579,HUMAN PRESCRIPTION DRUG,83457-113_e937bde8-d78d-4fca-acb0-ea2aac54e579,BLA761071,HYRIMOZ, 'ADALIMUMAB', 80 mg/.8mL,SUBCUTANEOUS',"['Antibodies', 'Monoclonal [CS]', 'Tumor Necrosis Factor Blocker [EPC]', 'Tumor Necrosis Factor Receptor Blocking Activity [MoA]']",83457-113-01,3 SYRINGE in 1 CARTON (83457-113-01)  / .8 mL in 1 SYRINGE,12/15/2023,12/31/2025,FALSE,TRUE
866,83457-113,adalimumab-adaz,Cordavis Limited,HYRIMOZ,BLA,"INJECTION, SOLUTION",e937bde8-d78d-4fca-acb0-ea2aac54e579,HUMAN PRESCRIPTION DRUG,83457-113_e937bde8-d78d-4fca-acb0-ea2aac54e579,BLA761071,HYRIMOZ, 'ADALIMUMAB', 80 mg/.8mL,SUBCUTANEOUS',"['Antibodies', 'Monoclonal [CS]', 'Tumor Necrosis Factor Blocker [EPC]', 'Tumor Necrosis Factor Receptor Blocking Activity [MoA]']",83457-113-01,3 SYRINGE in 1 CARTON (83457-113-01)  / .8 mL in 1 SYRINGE,12/15/2023,12/31/2025,FALSE,TRUE
867,83457-113,adalimumab-adaz,Cordavis Limited,HYRIMOZ,BLA,"INJECTION, SOLUTION",e937bde8-d78d-4fca-acb0-ea2aac54e579,HUMAN PRESCRIPTION DRUG,83457-113_e937bde8-d78d-4fca-acb0-ea2aac54e579,BLA761071,HYRIMOZ, 'ADALIMUMAB', 80 mg/.8mL,SUBCUTANEOUS',"['Antibodies', 'Monoclonal [CS]', 'Tumor Necrosis Factor Blocker [EPC]', 'Tumor Necrosis Factor Receptor Blocking Activity [MoA]']",83457-113-01,3 SYRINGE in 1 CARTON (83457-113-01)  / .8 mL in 1 SYRINGE,12/15/2023,12/31/2025,FALSE,TRUE
868,83457-113,adalimumab-adaz,Cordavis Limited,HYRIMOZ,BLA,"INJECTION, SOLUTION",e937bde8-d78d-4fca-acb0-ea2aac54e579,HUMAN PRESCRIPTION DRUG,83457-113_e937bde8-d78d-4fca-acb0-ea2aac54e579,BLA761071,HYRIMOZ, 'ADALIMUMAB', 80 mg/.8mL,SUBCUTANEOUS',"['Antibodies', 'Monoclonal [CS]', 'Tumor Necrosis Factor Blocker [EPC]', 'Tumor Necrosis Factor Receptor Blocking Activity [MoA]']",83457-113-01,3 SYRINGE in 1 CARTON (83457-113-01)  / .8 mL in 1 SYRINGE,12/15/2023,12/31/2025,FALSE,TRUE
869,83457-113,adalimumab-adaz,Cordavis Limited,HYRIMOZ,BLA,"INJECTION, SOLUTION",e937bde8-d78d-4fca-acb0-ea2aac54e579,HUMAN PRESCRIPTION DRUG,83457-113_e937bde8-d78d-4fca-acb0-ea2aac54e579,BLA761071,HYRIMOZ, 'ADALIMUMAB', 80 mg/.8mL,SUBCUTANEOUS',"['Antibodies', 'Monoclonal [CS]', 'Tumor Necrosis Factor Blocker [EPC]', 'Tumor Necrosis Factor Receptor Blocking Activity [MoA]']",83457-113-01,3 SYRINGE in 1 CARTON (83457-113-01)  / .8 mL in 1 SYRINGE,12/15/2023,12/31/2025,FALSE,TRUE
870,83457-113,adalimumab-adaz,Cordavis Limited,HYRIMOZ,BLA,"INJECTION, SOLUTION",e937bde8-d78d-4fca-acb0-ea2aac54e579,HUMAN PRESCRIPTION DRUG,83457-113_e937bde8-d78d-4fca-acb0-ea2aac54e579,BLA761071,HYRIMOZ, 'ADALIMUMAB', 80 mg/.8mL,SUBCUTANEOUS',"['Antibodies', 'Monoclonal [CS]', 'Tumor Necrosis Factor Blocker [EPC]', 'Tumor Necrosis Factor Receptor Blocking Activity [MoA]']",83457-113-01,3 SYRINGE in 1 CARTON (83457-113-01)  / .8 mL in 1 SYRINGE,12/15/2023,12/31/2025,FALSE,TRUE
871,83457-113,adalimumab-adaz,Cordavis Limited,HYRIMOZ,BLA,"INJECTION, SOLUTION",e937bde8-d78d-4fca-acb0-ea2aac54e579,HUMAN PRESCRIPTION DRUG,83457-113_e937bde8-d78d-4fca-acb0-ea2aac54e579,BLA761071,HYRIMOZ, 'ADALIMUMAB', 80 mg/.8mL,SUBCUTANEOUS',"['Antibodies', 'Monoclonal [CS]', 'Tumor Necrosis Factor Blocker [EPC]', 'Tumor Necrosis Factor Receptor Blocking Activity [MoA]']",83457-113-01,3 SYRINGE in 1 CARTON (83457-113-01)  / .8 mL in 1 SYRINGE,12/15/2023,12/31/2025,FALSE,TRUE
872,83457-113,adalimumab-adaz,Cordavis Limited,HYRIMOZ,BLA,"INJECTION, SOLUTION",e937bde8-d78d-4fca-acb0-ea2aac54e579,HUMAN PRESCRIPTION DRUG,83457-113_e937bde8-d78d-4fca-acb0-ea2aac54e579,BLA761071,HYRIMOZ, 'ADALIMUMAB', 80 mg/.8mL,SUBCUTANEOUS',"['Antibodies', 'Monoclonal [CS]', 'Tumor Necrosis Factor Blocker [EPC]', 'Tumor Necrosis Factor Receptor Blocking Activity [MoA]']",83457-113-01,3 SYRINGE in 1 CARTON (83457-113-01)  / .8 mL in 1 SYRINGE,12/15/2023,12/31/2025,FALSE,TRUE
873,83457-113,adalimumab-adaz,Cordavis Limited,HYRIMOZ,BLA,"INJECTION, SOLUTION",e937bde8-d78d-4fca-acb0-ea2aac54e579,HUMAN PRESCRIPTION DRUG,83457-113_e937bde8-d78d-4fca-acb0-ea2aac54e579,BLA761071,HYRIMOZ, 'ADALIMUMAB', 80 mg/.8mL,SUBCUTANEOUS',"['Antibodies', 'Monoclonal [CS]', 'Tumor Necrosis Factor Blocker [EPC]', 'Tumor Necrosis Factor Receptor Blocking Activity [MoA]']",83457-113-01,3 SYRINGE in 1 CARTON (83457-113-01)  / .8 mL in 1 SYRINGE,12/15/2023,12/31/2025,FALSE,TRUE
874,83457-124,Adalimumab,Cordavis Limited,Humira,BLA,KIT,b145a390-0deb-438f-a239-cda45261aec5,HUMAN PRESCRIPTION DRUG,83457-124_b145a390-0deb-438f-a239-cda45261aec5,BLA125057,Humira,,,,,83457-124-02,2 KIT in 1 CARTON (83457-124-02)  / 1 KIT in 1 KIT *  1 SYRINGE in 1 TRAY (83457-123-01)  / .8 mL in 1 SYRINGE *  1 mL in 1 PACKET (83457-927-01),2/14/2024,12/31/2025,FALSE,TRUE
875,83457-124,Adalimumab,Cordavis Limited,Humira,BLA,KIT,b145a390-0deb-438f-a239-cda45261aec5,HUMAN PRESCRIPTION DRUG,83457-124_b145a390-0deb-438f-a239-cda45261aec5,BLA125057,Humira,,,,,83457-124-02,2 KIT in 1 CARTON (83457-124-02)  / 1 KIT in 1 KIT *  1 SYRINGE in 1 TRAY (83457-123-01)  / .8 mL in 1 SYRINGE *  1 mL in 1 PACKET (83457-927-01),2/14/2024,12/31/2025,FALSE,TRUE
876,83457-124,Adalimumab,Cordavis Limited,Humira,BLA,KIT,b145a390-0deb-438f-a239-cda45261aec5,HUMAN PRESCRIPTION DRUG,83457-124_b145a390-0deb-438f-a239-cda45261aec5,BLA125057,Humira,,,,,83457-124-02,2 KIT in 1 CARTON (83457-124-02)  / 1 KIT in 1 KIT *  1 SYRINGE in 1 TRAY (83457-123-01)  / .8 mL in 1 SYRINGE *  1 mL in 1 PACKET (83457-927-01),2/14/2024,12/31/2025,FALSE,TRUE
877,83457-124,Adalimumab,Cordavis Limited,Humira,BLA,KIT,b145a390-0deb-438f-a239-cda45261aec5,HUMAN PRESCRIPTION DRUG,83457-124_b145a390-0deb-438f-a239-cda45261aec5,BLA125057,Humira,,,,,83457-124-02,2 KIT in 1 CARTON (83457-124-02)  / 1 KIT in 1 KIT *  1 SYRINGE in 1 TRAY (83457-123-01)  / .8 mL in 1 SYRINGE *  1 mL in 1 PACKET (83457-927-01),2/14/2024,12/31/2025,FALSE,TRUE
878,83457-124,Adalimumab,Cordavis Limited,Humira,BLA,KIT,b145a390-0deb-438f-a239-cda45261aec5,HUMAN PRESCRIPTION DRUG,83457-124_b145a390-0deb-438f-a239-cda45261aec5,BLA125057,Humira,,,,,83457-124-02,2 KIT in 1 CARTON (83457-124-02)  / 1 KIT in 1 KIT *  1 SYRINGE in 1 TRAY (83457-123-01)  / .8 mL in 1 SYRINGE *  1 mL in 1 PACKET (83457-927-01),2/14/2024,12/31/2025,FALSE,TRUE
879,83457-124,Adalimumab,Cordavis Limited,Humira,BLA,KIT,b145a390-0deb-438f-a239-cda45261aec5,HUMAN PRESCRIPTION DRUG,83457-124_b145a390-0deb-438f-a239-cda45261aec5,BLA125057,Humira,,,,,83457-124-02,2 KIT in 1 CARTON (83457-124-02)  / 1 KIT in 1 KIT *  1 SYRINGE in 1 TRAY (83457-123-01)  / .8 mL in 1 SYRINGE *  1 mL in 1 PACKET (83457-927-01),2/14/2024,12/31/2025,FALSE,TRUE
880,83457-124,Adalimumab,Cordavis Limited,Humira,BLA,KIT,b145a390-0deb-438f-a239-cda45261aec5,HUMAN PRESCRIPTION DRUG,83457-124_b145a390-0deb-438f-a239-cda45261aec5,BLA125057,Humira,,,,,83457-124-02,2 KIT in 1 CARTON (83457-124-02)  / 1 KIT in 1 KIT *  1 SYRINGE in 1 TRAY (83457-123-01)  / .8 mL in 1 SYRINGE *  1 mL in 1 PACKET (83457-927-01),2/14/2024,12/31/2025,FALSE,TRUE
881,83457-124,Adalimumab,Cordavis Limited,Humira,BLA,KIT,b145a390-0deb-438f-a239-cda45261aec5,HUMAN PRESCRIPTION DRUG,83457-124_b145a390-0deb-438f-a239-cda45261aec5,BLA125057,Humira,,,,,83457-124-02,2 KIT in 1 CARTON (83457-124-02)  / 1 KIT in 1 KIT *  1 SYRINGE in 1 TRAY (83457-123-01)  / .8 mL in 1 SYRINGE *  1 mL in 1 PACKET (83457-927-01),2/14/2024,12/31/2025,FALSE,TRUE
882,83457-124,Adalimumab,Cordavis Limited,Humira,BLA,KIT,b145a390-0deb-438f-a239-cda45261aec5,HUMAN PRESCRIPTION DRUG,83457-124_b145a390-0deb-438f-a239-cda45261aec5,BLA125057,Humira,,,,,83457-124-02,2 KIT in 1 CARTON (83457-124-02)  / 1 KIT in 1 KIT *  1 SYRINGE in 1 TRAY (83457-123-01)  / .8 mL in 1 SYRINGE *  1 mL in 1 PACKET (83457-927-01),2/14/2024,12/31/2025,FALSE,TRUE
883,83457-243,Adalimumab,Cordavis Limited,Humira,BLA,KIT,b145a390-0deb-438f-a239-cda45261aec5,HUMAN PRESCRIPTION DRUG,83457-243_b145a390-0deb-438f-a239-cda45261aec5,BLA125057,Humira,,,,,83457-243-02,2 KIT in 1 CARTON (83457-243-02)  / 1 KIT in 1 KIT *  1 SYRINGE in 1 TRAY (83457-242-01)  / .4 mL in 1 SYRINGE *  1 mL in 1 PACKET (83457-927-01),2/14/2024,12/31/2025,FALSE,TRUE
884,83457-243,Adalimumab,Cordavis Limited,Humira,BLA,KIT,b145a390-0deb-438f-a239-cda45261aec5,HUMAN PRESCRIPTION DRUG,83457-243_b145a390-0deb-438f-a239-cda45261aec5,BLA125057,Humira,,,,,83457-243-02,2 KIT in 1 CARTON (83457-243-02)  / 1 KIT in 1 KIT *  1 SYRINGE in 1 TRAY (83457-242-01)  / .4 mL in 1 SYRINGE *  1 mL in 1 PACKET (83457-927-01),2/14/2024,12/31/2025,FALSE,TRUE
885,83457-243,Adalimumab,Cordavis Limited,Humira,BLA,KIT,b145a390-0deb-438f-a239-cda45261aec5,HUMAN PRESCRIPTION DRUG,83457-243_b145a390-0deb-438f-a239-cda45261aec5,BLA125057,Humira,,,,,83457-243-02,2 KIT in 1 CARTON (83457-243-02)  / 1 KIT in 1 KIT *  1 SYRINGE in 1 TRAY (83457-242-01)  / .4 mL in 1 SYRINGE *  1 mL in 1 PACKET (83457-927-01),2/14/2024,12/31/2025,FALSE,TRUE
886,83457-243,Adalimumab,Cordavis Limited,Humira,BLA,KIT,b145a390-0deb-438f-a239-cda45261aec5,HUMAN PRESCRIPTION DRUG,83457-243_b145a390-0deb-438f-a239-cda45261aec5,BLA125057,Humira,,,,,83457-243-02,2 KIT in 1 CARTON (83457-243-02)  / 1 KIT in 1 KIT *  1 SYRINGE in 1 TRAY (83457-242-01)  / .4 mL in 1 SYRINGE *  1 mL in 1 PACKET (83457-927-01),2/14/2024,12/31/2025,FALSE,TRUE
887,83457-243,Adalimumab,Cordavis Limited,Humira,BLA,KIT,b145a390-0deb-438f-a239-cda45261aec5,HUMAN PRESCRIPTION DRUG,83457-243_b145a390-0deb-438f-a239-cda45261aec5,BLA125057,Humira,,,,,83457-243-02,2 KIT in 1 CARTON (83457-243-02)  / 1 KIT in 1 KIT *  1 SYRINGE in 1 TRAY (83457-242-01)  / .4 mL in 1 SYRINGE *  1 mL in 1 PACKET (83457-927-01),2/14/2024,12/31/2025,FALSE,TRUE
888,83457-243,Adalimumab,Cordavis Limited,Humira,BLA,KIT,b145a390-0deb-438f-a239-cda45261aec5,HUMAN PRESCRIPTION DRUG,83457-243_b145a390-0deb-438f-a239-cda45261aec5,BLA125057,Humira,,,,,83457-243-02,2 KIT in 1 CARTON (83457-243-02)  / 1 KIT in 1 KIT *  1 SYRINGE in 1 TRAY (83457-242-01)  / .4 mL in 1 SYRINGE *  1 mL in 1 PACKET (83457-927-01),2/14/2024,12/31/2025,FALSE,TRUE
889,83457-243,Adalimumab,Cordavis Limited,Humira,BLA,KIT,b145a390-0deb-438f-a239-cda45261aec5,HUMAN PRESCRIPTION DRUG,83457-243_b145a390-0deb-438f-a239-cda45261aec5,BLA125057,Humira,,,,,83457-243-02,2 KIT in 1 CARTON (83457-243-02)  / 1 KIT in 1 KIT *  1 SYRINGE in 1 TRAY (83457-242-01)  / .4 mL in 1 SYRINGE *  1 mL in 1 PACKET (83457-927-01),2/14/2024,12/31/2025,FALSE,TRUE
890,83457-243,Adalimumab,Cordavis Limited,Humira,BLA,KIT,b145a390-0deb-438f-a239-cda45261aec5,HUMAN PRESCRIPTION DRUG,83457-243_b145a390-0deb-438f-a239-cda45261aec5,BLA125057,Humira,,,,,83457-243-02,2 KIT in 1 CARTON (83457-243-02)  / 1 KIT in 1 KIT *  1 SYRINGE in 1 TRAY (83457-242-01)  / .4 mL in 1 SYRINGE *  1 mL in 1 PACKET (83457-927-01),2/14/2024,12/31/2025,FALSE,TRUE
891,83457-243,Adalimumab,Cordavis Limited,Humira,BLA,KIT,b145a390-0deb-438f-a239-cda45261aec5,HUMAN PRESCRIPTION DRUG,83457-243_b145a390-0deb-438f-a239-cda45261aec5,BLA125057,Humira,,,,,83457-243-02,2 KIT in 1 CARTON (83457-243-02)  / 1 KIT in 1 KIT *  1 SYRINGE in 1 TRAY (83457-242-01)  / .4 mL in 1 SYRINGE *  1 mL in 1 PACKET (83457-927-01),2/14/2024,12/31/2025,FALSE,TRUE
892,83457-554,Adalimumab,Cordavis Limited,Humira,BLA,KIT,b145a390-0deb-438f-a239-cda45261aec5,HUMAN PRESCRIPTION DRUG,83457-554_b145a390-0deb-438f-a239-cda45261aec5,BLA125057,Humira,,,,,83457-554-02,2 KIT in 1 CARTON (83457-554-02)  / 1 KIT in 1 KIT *  1 SYRINGE in 1 TRAY (83457-553-01)  / .4 mL in 1 SYRINGE *  1 mL in 1 PACKET (83457-927-01),2/14/2024,12/31/2025,FALSE,TRUE
893,83457-554,Adalimumab,Cordavis Limited,Humira,BLA,KIT,b145a390-0deb-438f-a239-cda45261aec5,HUMAN PRESCRIPTION DRUG,83457-554_b145a390-0deb-438f-a239-cda45261aec5,BLA125057,Humira,,,,,83457-554-02,2 KIT in 1 CARTON (83457-554-02)  / 1 KIT in 1 KIT *  1 SYRINGE in 1 TRAY (83457-553-01)  / .4 mL in 1 SYRINGE *  1 mL in 1 PACKET (83457-927-01),2/14/2024,12/31/2025,FALSE,TRUE
894,83457-554,Adalimumab,Cordavis Limited,Humira,BLA,KIT,b145a390-0deb-438f-a239-cda45261aec5,HUMAN PRESCRIPTION DRUG,83457-554_b145a390-0deb-438f-a239-cda45261aec5,BLA125057,Humira,,,,,83457-554-02,2 KIT in 1 CARTON (83457-554-02)  / 1 KIT in 1 KIT *  1 SYRINGE in 1 TRAY (83457-553-01)  / .4 mL in 1 SYRINGE *  1 mL in 1 PACKET (83457-927-01),2/14/2024,12/31/2025,FALSE,TRUE
895,83457-554,Adalimumab,Cordavis Limited,Humira,BLA,KIT,b145a390-0deb-438f-a239-cda45261aec5,HUMAN PRESCRIPTION DRUG,83457-554_b145a390-0deb-438f-a239-cda45261aec5,BLA125057,Humira,,,,,83457-554-02,2 KIT in 1 CARTON (83457-554-02)  / 1 KIT in 1 KIT *  1 SYRINGE in 1 TRAY (83457-553-01)  / .4 mL in 1 SYRINGE *  1 mL in 1 PACKET (83457-927-01),2/14/2024,12/31/2025,FALSE,TRUE
896,83457-554,Adalimumab,Cordavis Limited,Humira,BLA,KIT,b145a390-0deb-438f-a239-cda45261aec5,HUMAN PRESCRIPTION DRUG,83457-554_b145a390-0deb-438f-a239-cda45261aec5,BLA125057,Humira,,,,,83457-554-02,2 KIT in 1 CARTON (83457-554-02)  / 1 KIT in 1 KIT *  1 SYRINGE in 1 TRAY (83457-553-01)  / .4 mL in 1 SYRINGE *  1 mL in 1 PACKET (83457-927-01),2/14/2024,12/31/2025,FALSE,TRUE
897,83457-554,Adalimumab,Cordavis Limited,Humira,BLA,KIT,b145a390-0deb-438f-a239-cda45261aec5,HUMAN PRESCRIPTION DRUG,83457-554_b145a390-0deb-438f-a239-cda45261aec5,BLA125057,Humira,,,,,83457-554-02,2 KIT in 1 CARTON (83457-554-02)  / 1 KIT in 1 KIT *  1 SYRINGE in 1 TRAY (83457-553-01)  / .4 mL in 1 SYRINGE *  1 mL in 1 PACKET (83457-927-01),2/14/2024,12/31/2025,FALSE,TRUE
898,83457-554,Adalimumab,Cordavis Limited,Humira,BLA,KIT,b145a390-0deb-438f-a239-cda45261aec5,HUMAN PRESCRIPTION DRUG,83457-554_b145a390-0deb-438f-a239-cda45261aec5,BLA125057,Humira,,,,,83457-554-02,2 KIT in 1 CARTON (83457-554-02)  / 1 KIT in 1 KIT *  1 SYRINGE in 1 TRAY (83457-553-01)  / .4 mL in 1 SYRINGE *  1 mL in 1 PACKET (83457-927-01),2/14/2024,12/31/2025,FALSE,TRUE
899,83457-554,Adalimumab,Cordavis Limited,Humira,BLA,KIT,b145a390-0deb-438f-a239-cda45261aec5,HUMAN PRESCRIPTION DRUG,83457-554_b145a390-0deb-438f-a239-cda45261aec5,BLA125057,Humira,,,,,83457-554-02,2 KIT in 1 CARTON (83457-554-02)  / 1 KIT in 1 KIT *  1 SYRINGE in 1 TRAY (83457-553-01)  / .4 mL in 1 SYRINGE *  1 mL in 1 PACKET (83457-927-01),2/14/2024,12/31/2025,FALSE,TRUE
900,83457-554,Adalimumab,Cordavis Limited,Humira,BLA,KIT,b145a390-0deb-438f-a239-cda45261aec5,HUMAN PRESCRIPTION DRUG,83457-554_b145a390-0deb-438f-a239-cda45261aec5,BLA125057,Humira,,,,,83457-554-02,2 KIT in 1 CARTON (83457-554-02)  / 1 KIT in 1 KIT *  1 SYRINGE in 1 TRAY (83457-553-01)  / .4 mL in 1 SYRINGE *  1 mL in 1 PACKET (83457-927-01),2/14/2024,12/31/2025,FALSE,TRUE
901,83457-616,Adalimumab,Cordavis Limited,Humira,BLA,KIT,b145a390-0deb-438f-a239-cda45261aec5,HUMAN PRESCRIPTION DRUG,83457-616_b145a390-0deb-438f-a239-cda45261aec5,BLA125057,Humira,,,,,83457-616-02,2 KIT in 1 CARTON (83457-616-02)  / 1 KIT in 1 KIT *  1 SYRINGE in 1 TRAY (83457-615-01)  / .2 mL in 1 SYRINGE *  1 mL in 1 PACKET (83457-927-01),2/14/2024,12/31/2025,FALSE,TRUE
902,83457-616,Adalimumab,Cordavis Limited,Humira,BLA,KIT,b145a390-0deb-438f-a239-cda45261aec5,HUMAN PRESCRIPTION DRUG,83457-616_b145a390-0deb-438f-a239-cda45261aec5,BLA125057,Humira,,,,,83457-616-02,2 KIT in 1 CARTON (83457-616-02)  / 1 KIT in 1 KIT *  1 SYRINGE in 1 TRAY (83457-615-01)  / .2 mL in 1 SYRINGE *  1 mL in 1 PACKET (83457-927-01),2/14/2024,12/31/2025,FALSE,TRUE
903,83457-616,Adalimumab,Cordavis Limited,Humira,BLA,KIT,b145a390-0deb-438f-a239-cda45261aec5,HUMAN PRESCRIPTION DRUG,83457-616_b145a390-0deb-438f-a239-cda45261aec5,BLA125057,Humira,,,,,83457-616-02,2 KIT in 1 CARTON (83457-616-02)  / 1 KIT in 1 KIT *  1 SYRINGE in 1 TRAY (83457-615-01)  / .2 mL in 1 SYRINGE *  1 mL in 1 PACKET (83457-927-01),2/14/2024,12/31/2025,FALSE,TRUE
904,83457-616,Adalimumab,Cordavis Limited,Humira,BLA,KIT,b145a390-0deb-438f-a239-cda45261aec5,HUMAN PRESCRIPTION DRUG,83457-616_b145a390-0deb-438f-a239-cda45261aec5,BLA125057,Humira,,,,,83457-616-02,2 KIT in 1 CARTON (83457-616-02)  / 1 KIT in 1 KIT *  1 SYRINGE in 1 TRAY (83457-615-01)  / .2 mL in 1 SYRINGE *  1 mL in 1 PACKET (83457-927-01),2/14/2024,12/31/2025,FALSE,TRUE
905,83457-616,Adalimumab,Cordavis Limited,Humira,BLA,KIT,b145a390-0deb-438f-a239-cda45261aec5,HUMAN PRESCRIPTION DRUG,83457-616_b145a390-0deb-438f-a239-cda45261aec5,BLA125057,Humira,,,,,83457-616-02,2 KIT in 1 CARTON (83457-616-02)  / 1 KIT in 1 KIT *  1 SYRINGE in 1 TRAY (83457-615-01)  / .2 mL in 1 SYRINGE *  1 mL in 1 PACKET (83457-927-01),2/14/2024,12/31/2025,FALSE,TRUE
906,83457-616,Adalimumab,Cordavis Limited,Humira,BLA,KIT,b145a390-0deb-438f-a239-cda45261aec5,HUMAN PRESCRIPTION DRUG,83457-616_b145a390-0deb-438f-a239-cda45261aec5,BLA125057,Humira,,,,,83457-616-02,2 KIT in 1 CARTON (83457-616-02)  / 1 KIT in 1 KIT *  1 SYRINGE in 1 TRAY (83457-615-01)  / .2 mL in 1 SYRINGE *  1 mL in 1 PACKET (83457-927-01),2/14/2024,12/31/2025,FALSE,TRUE
907,83457-616,Adalimumab,Cordavis Limited,Humira,BLA,KIT,b145a390-0deb-438f-a239-cda45261aec5,HUMAN PRESCRIPTION DRUG,83457-616_b145a390-0deb-438f-a239-cda45261aec5,BLA125057,Humira,,,,,83457-616-02,2 KIT in 1 CARTON (83457-616-02)  / 1 KIT in 1 KIT *  1 SYRINGE in 1 TRAY (83457-615-01)  / .2 mL in 1 SYRINGE *  1 mL in 1 PACKET (83457-927-01),2/14/2024,12/31/2025,FALSE,TRUE
908,83457-616,Adalimumab,Cordavis Limited,Humira,BLA,KIT,b145a390-0deb-438f-a239-cda45261aec5,HUMAN PRESCRIPTION DRUG,83457-616_b145a390-0deb-438f-a239-cda45261aec5,BLA125057,Humira,,,,,83457-616-02,2 KIT in 1 CARTON (83457-616-02)  / 1 KIT in 1 KIT *  1 SYRINGE in 1 TRAY (83457-615-01)  / .2 mL in 1 SYRINGE *  1 mL in 1 PACKET (83457-927-01),2/14/2024,12/31/2025,FALSE,TRUE
909,83457-616,Adalimumab,Cordavis Limited,Humira,BLA,KIT,b145a390-0deb-438f-a239-cda45261aec5,HUMAN PRESCRIPTION DRUG,83457-616_b145a390-0deb-438f-a239-cda45261aec5,BLA125057,Humira,,,,,83457-616-02,2 KIT in 1 CARTON (83457-616-02)  / 1 KIT in 1 KIT *  1 SYRINGE in 1 TRAY (83457-615-01)  / .2 mL in 1 SYRINGE *  1 mL in 1 PACKET (83457-927-01),2/14/2024,12/31/2025,FALSE,TRUE
910,83457-817,Adalimumab,Cordavis Limited,Humira,BLA,KIT,b145a390-0deb-438f-a239-cda45261aec5,HUMAN PRESCRIPTION DRUG,83457-817_b145a390-0deb-438f-a239-cda45261aec5,BLA125057,Humira,,,,,83457-817-02,2 KIT in 1 CARTON (83457-817-02)  / 1 KIT in 1 KIT *  1 SYRINGE in 1 TRAY (83457-816-01)  / .1 mL in 1 SYRINGE *  1 mL in 1 PACKET (83457-927-01),2/14/2024,12/31/2025,FALSE,TRUE
911,83457-817,Adalimumab,Cordavis Limited,Humira,BLA,KIT,b145a390-0deb-438f-a239-cda45261aec5,HUMAN PRESCRIPTION DRUG,83457-817_b145a390-0deb-438f-a239-cda45261aec5,BLA125057,Humira,,,,,83457-817-02,2 KIT in 1 CARTON (83457-817-02)  / 1 KIT in 1 KIT *  1 SYRINGE in 1 TRAY (83457-816-01)  / .1 mL in 1 SYRINGE *  1 mL in 1 PACKET (83457-927-01),2/14/2024,12/31/2025,FALSE,TRUE
912,83457-817,Adalimumab,Cordavis Limited,Humira,BLA,KIT,b145a390-0deb-438f-a239-cda45261aec5,HUMAN PRESCRIPTION DRUG,83457-817_b145a390-0deb-438f-a239-cda45261aec5,BLA125057,Humira,,,,,83457-817-02,2 KIT in 1 CARTON (83457-817-02)  / 1 KIT in 1 KIT *  1 SYRINGE in 1 TRAY (83457-816-01)  / .1 mL in 1 SYRINGE *  1 mL in 1 PACKET (83457-927-01),2/14/2024,12/31/2025,FALSE,TRUE
913,83457-817,Adalimumab,Cordavis Limited,Humira,BLA,KIT,b145a390-0deb-438f-a239-cda45261aec5,HUMAN PRESCRIPTION DRUG,83457-817_b145a390-0deb-438f-a239-cda45261aec5,BLA125057,Humira,,,,,83457-817-02,2 KIT in 1 CARTON (83457-817-02)  / 1 KIT in 1 KIT *  1 SYRINGE in 1 TRAY (83457-816-01)  / .1 mL in 1 SYRINGE *  1 mL in 1 PACKET (83457-927-01),2/14/2024,12/31/2025,FALSE,TRUE
914,83457-817,Adalimumab,Cordavis Limited,Humira,BLA,KIT,b145a390-0deb-438f-a239-cda45261aec5,HUMAN PRESCRIPTION DRUG,83457-817_b145a390-0deb-438f-a239-cda45261aec5,BLA125057,Humira,,,,,83457-817-02,2 KIT in 1 CARTON (83457-817-02)  / 1 KIT in 1 KIT *  1 SYRINGE in 1 TRAY (83457-816-01)  / .1 mL in 1 SYRINGE *  1 mL in 1 PACKET (83457-927-01),2/14/2024,12/31/2025,FALSE,TRUE
915,83457-817,Adalimumab,Cordavis Limited,Humira,BLA,KIT,b145a390-0deb-438f-a239-cda45261aec5,HUMAN PRESCRIPTION DRUG,83457-817_b145a390-0deb-438f-a239-cda45261aec5,BLA125057,Humira,,,,,83457-817-02,2 KIT in 1 CARTON (83457-817-02)  / 1 KIT in 1 KIT *  1 SYRINGE in 1 TRAY (83457-816-01)  / .1 mL in 1 SYRINGE *  1 mL in 1 PACKET (83457-927-01),2/14/2024,12/31/2025,FALSE,TRUE
916,83457-817,Adalimumab,Cordavis Limited,Humira,BLA,KIT,b145a390-0deb-438f-a239-cda45261aec5,HUMAN PRESCRIPTION DRUG,83457-817_b145a390-0deb-438f-a239-cda45261aec5,BLA125057,Humira,,,,,83457-817-02,2 KIT in 1 CARTON (83457-817-02)  / 1 KIT in 1 KIT *  1 SYRINGE in 1 TRAY (83457-816-01)  / .1 mL in 1 SYRINGE *  1 mL in 1 PACKET (83457-927-01),2/14/2024,12/31/2025,FALSE,TRUE
917,83457-817,Adalimumab,Cordavis Limited,Humira,BLA,KIT,b145a390-0deb-438f-a239-cda45261aec5,HUMAN PRESCRIPTION DRUG,83457-817_b145a390-0deb-438f-a239-cda45261aec5,BLA125057,Humira,,,,,83457-817-02,2 KIT in 1 CARTON (83457-817-02)  / 1 KIT in 1 KIT *  1 SYRINGE in 1 TRAY (83457-816-01)  / .1 mL in 1 SYRINGE *  1 mL in 1 PACKET (83457-927-01),2/14/2024,12/31/2025,FALSE,TRUE
918,83457-817,Adalimumab,Cordavis Limited,Humira,BLA,KIT,b145a390-0deb-438f-a239-cda45261aec5,HUMAN PRESCRIPTION DRUG,83457-817_b145a390-0deb-438f-a239-cda45261aec5,BLA125057,Humira,,,,,83457-817-02,2 KIT in 1 CARTON (83457-817-02)  / 1 KIT in 1 KIT *  1 SYRINGE in 1 TRAY (83457-816-01)  / .1 mL in 1 SYRINGE *  1 mL in 1 PACKET (83457-927-01),2/14/2024,12/31/2025,FALSE,TRUE
919,84612-399,adalimumab-atto,Optum Health Solutions (Ireland) Limited,AMJEVITA,BLA,INJECTION,fe697dd2-e21f-4956-82d4-411cdfddc219,HUMAN PRESCRIPTION DRUG,84612-399_fe697dd2-e21f-4956-82d4-411cdfddc219,BLA761024,AMJEVITA, 'ADALIMUMAB', 20 mg/.2mL,SUBCUTANEOUS',"['Antibodies', 'Monoclonal [CS]', 'Tumor Necrosis Factor Blocker [EPC]', 'Tumor Necrosis Factor Receptor Blocking Activity [MoA]']",84612-399-01,1 SYRINGE in 1 CARTON (84612-399-01)  / .2 mL in 1 SYRINGE,1/1/2025,12/31/2026,FALSE,TRUE
920,84612-399,adalimumab-atto,Optum Health Solutions (Ireland) Limited,AMJEVITA,BLA,INJECTION,fe697dd2-e21f-4956-82d4-411cdfddc219,HUMAN PRESCRIPTION DRUG,84612-399_fe697dd2-e21f-4956-82d4-411cdfddc219,BLA761024,AMJEVITA, 'ADALIMUMAB', 20 mg/.2mL,SUBCUTANEOUS',"['Antibodies', 'Monoclonal [CS]', 'Tumor Necrosis Factor Blocker [EPC]', 'Tumor Necrosis Factor Receptor Blocking Activity [MoA]']",84612-399-01,1 SYRINGE in 1 CARTON (84612-399-01)  / .2 mL in 1 SYRINGE,1/1/2025,12/31/2026,FALSE,TRUE
921,84612-399,adalimumab-atto,Optum Health Solutions (Ireland) Limited,AMJEVITA,BLA,INJECTION,fe697dd2-e21f-4956-82d4-411cdfddc219,HUMAN PRESCRIPTION DRUG,84612-399_fe697dd2-e21f-4956-82d4-411cdfddc219,BLA761024,AMJEVITA, 'ADALIMUMAB', 20 mg/.2mL,SUBCUTANEOUS',"['Antibodies', 'Monoclonal [CS]', 'Tumor Necrosis Factor Blocker [EPC]', 'Tumor Necrosis Factor Receptor Blocking Activity [MoA]']",84612-399-01,1 SYRINGE in 1 CARTON (84612-399-01)  / .2 mL in 1 SYRINGE,1/1/2025,12/31/2026,FALSE,TRUE
922,84612-399,adalimumab-atto,Optum Health Solutions (Ireland) Limited,AMJEVITA,BLA,INJECTION,fe697dd2-e21f-4956-82d4-411cdfddc219,HUMAN PRESCRIPTION DRUG,84612-399_fe697dd2-e21f-4956-82d4-411cdfddc219,BLA761024,AMJEVITA, 'ADALIMUMAB', 20 mg/.2mL,SUBCUTANEOUS',"['Antibodies', 'Monoclonal [CS]', 'Tumor Necrosis Factor Blocker [EPC]', 'Tumor Necrosis Factor Receptor Blocking Activity [MoA]']",84612-399-01,1 SYRINGE in 1 CARTON (84612-399-01)  / .2 mL in 1 SYRINGE,1/1/2025,12/31/2026,FALSE,TRUE
923,84612-399,adalimumab-atto,Optum Health Solutions (Ireland) Limited,AMJEVITA,BLA,INJECTION,fe697dd2-e21f-4956-82d4-411cdfddc219,HUMAN PRESCRIPTION DRUG,84612-399_fe697dd2-e21f-4956-82d4-411cdfddc219,BLA761024,AMJEVITA, 'ADALIMUMAB', 20 mg/.2mL,SUBCUTANEOUS',"['Antibodies', 'Monoclonal [CS]', 'Tumor Necrosis Factor Blocker [EPC]', 'Tumor Necrosis Factor Receptor Blocking Activity [MoA]']",84612-399-01,1 SYRINGE in 1 CARTON (84612-399-01)  / .2 mL in 1 SYRINGE,1/1/2025,12/31/2026,FALSE,TRUE
924,84612-399,adalimumab-atto,Optum Health Solutions (Ireland) Limited,AMJEVITA,BLA,INJECTION,fe697dd2-e21f-4956-82d4-411cdfddc219,HUMAN PRESCRIPTION DRUG,84612-399_fe697dd2-e21f-4956-82d4-411cdfddc219,BLA761024,AMJEVITA, 'ADALIMUMAB', 20 mg/.2mL,SUBCUTANEOUS',"['Antibodies', 'Monoclonal [CS]', 'Tumor Necrosis Factor Blocker [EPC]', 'Tumor Necrosis Factor Receptor Blocking Activity [MoA]']",84612-399-01,1 SYRINGE in 1 CARTON (84612-399-01)  / .2 mL in 1 SYRINGE,1/1/2025,12/31/2026,FALSE,TRUE
925,84612-399,adalimumab-atto,Optum Health Solutions (Ireland) Limited,AMJEVITA,BLA,INJECTION,fe697dd2-e21f-4956-82d4-411cdfddc219,HUMAN PRESCRIPTION DRUG,84612-399_fe697dd2-e21f-4956-82d4-411cdfddc219,BLA761024,AMJEVITA, 'ADALIMUMAB', 20 mg/.2mL,SUBCUTANEOUS',"['Antibodies', 'Monoclonal [CS]', 'Tumor Necrosis Factor Blocker [EPC]', 'Tumor Necrosis Factor Receptor Blocking Activity [MoA]']",84612-399-01,1 SYRINGE in 1 CARTON (84612-399-01)  / .2 mL in 1 SYRINGE,1/1/2025,12/31/2026,FALSE,TRUE
926,84612-399,adalimumab-atto,Optum Health Solutions (Ireland) Limited,AMJEVITA,BLA,INJECTION,fe697dd2-e21f-4956-82d4-411cdfddc219,HUMAN PRESCRIPTION DRUG,84612-399_fe697dd2-e21f-4956-82d4-411cdfddc219,BLA761024,AMJEVITA, 'ADALIMUMAB', 20 mg/.2mL,SUBCUTANEOUS',"['Antibodies', 'Monoclonal [CS]', 'Tumor Necrosis Factor Blocker [EPC]', 'Tumor Necrosis Factor Receptor Blocking Activity [MoA]']",84612-399-01,1 SYRINGE in 1 CARTON (84612-399-01)  / .2 mL in 1 SYRINGE,1/1/2025,12/31/2026,FALSE,TRUE
927,84612-399,adalimumab-atto,Optum Health Solutions (Ireland) Limited,AMJEVITA,BLA,INJECTION,fe697dd2-e21f-4956-82d4-411cdfddc219,HUMAN PRESCRIPTION DRUG,84612-399_fe697dd2-e21f-4956-82d4-411cdfddc219,BLA761024,AMJEVITA, 'ADALIMUMAB', 20 mg/.2mL,SUBCUTANEOUS',"['Antibodies', 'Monoclonal [CS]', 'Tumor Necrosis Factor Blocker [EPC]', 'Tumor Necrosis Factor Receptor Blocking Activity [MoA]']",84612-399-01,1 SYRINGE in 1 CARTON (84612-399-01)  / .2 mL in 1 SYRINGE,1/1/2025,12/31/2026,FALSE,TRUE
928,84612-479,adalimumab-atto,Optum Health Solutions (Ireland) Limited,AMJEVITA,BLA,INJECTION,fe697dd2-e21f-4956-82d4-411cdfddc219,HUMAN PRESCRIPTION DRUG,84612-479_fe697dd2-e21f-4956-82d4-411cdfddc219,BLA761024,AMJEVITA, 'ADALIMUMAB', 40 mg/.4mL,SUBCUTANEOUS',"['Antibodies', 'Monoclonal [CS]', 'Tumor Necrosis Factor Blocker [EPC]', 'Tumor Necrosis Factor Receptor Blocking Activity [MoA]']",84612-479-01,1 SYRINGE in 1 CARTON (84612-479-01)  / .4 mL in 1 SYRINGE,1/1/2025,12/31/2026,FALSE,TRUE
929,84612-479,adalimumab-atto,Optum Health Solutions (Ireland) Limited,AMJEVITA,BLA,INJECTION,fe697dd2-e21f-4956-82d4-411cdfddc219,HUMAN PRESCRIPTION DRUG,84612-479_fe697dd2-e21f-4956-82d4-411cdfddc219,BLA761024,AMJEVITA, 'ADALIMUMAB', 40 mg/.4mL,SUBCUTANEOUS',"['Antibodies', 'Monoclonal [CS]', 'Tumor Necrosis Factor Blocker [EPC]', 'Tumor Necrosis Factor Receptor Blocking Activity [MoA]']",84612-479-02,2 SYRINGE in 1 CARTON (84612-479-02)  / .4 mL in 1 SYRINGE,1/1/2025,12/31/2026,FALSE,TRUE
930,84612-479,adalimumab-atto,Optum Health Solutions (Ireland) Limited,AMJEVITA,BLA,INJECTION,fe697dd2-e21f-4956-82d4-411cdfddc219,HUMAN PRESCRIPTION DRUG,84612-479_fe697dd2-e21f-4956-82d4-411cdfddc219,BLA761024,AMJEVITA, 'ADALIMUMAB', 40 mg/.4mL,SUBCUTANEOUS',"['Antibodies', 'Monoclonal [CS]', 'Tumor Necrosis Factor Blocker [EPC]', 'Tumor Necrosis Factor Receptor Blocking Activity [MoA]']",84612-479-01,1 SYRINGE in 1 CARTON (84612-479-01)  / .4 mL in 1 SYRINGE,1/1/2025,12/31/2026,FALSE,TRUE
931,84612-479,adalimumab-atto,Optum Health Solutions (Ireland) Limited,AMJEVITA,BLA,INJECTION,fe697dd2-e21f-4956-82d4-411cdfddc219,HUMAN PRESCRIPTION DRUG,84612-479_fe697dd2-e21f-4956-82d4-411cdfddc219,BLA761024,AMJEVITA, 'ADALIMUMAB', 40 mg/.4mL,SUBCUTANEOUS',"['Antibodies', 'Monoclonal [CS]', 'Tumor Necrosis Factor Blocker [EPC]', 'Tumor Necrosis Factor Receptor Blocking Activity [MoA]']",84612-479-02,2 SYRINGE in 1 CARTON (84612-479-02)  / .4 mL in 1 SYRINGE,1/1/2025,12/31/2026,FALSE,TRUE
932,84612-479,adalimumab-atto,Optum Health Solutions (Ireland) Limited,AMJEVITA,BLA,INJECTION,fe697dd2-e21f-4956-82d4-411cdfddc219,HUMAN PRESCRIPTION DRUG,84612-479_fe697dd2-e21f-4956-82d4-411cdfddc219,BLA761024,AMJEVITA, 'ADALIMUMAB', 40 mg/.4mL,SUBCUTANEOUS',"['Antibodies', 'Monoclonal [CS]', 'Tumor Necrosis Factor Blocker [EPC]', 'Tumor Necrosis Factor Receptor Blocking Activity [MoA]']",84612-479-01,1 SYRINGE in 1 CARTON (84612-479-01)  / .4 mL in 1 SYRINGE,1/1/2025,12/31/2026,FALSE,TRUE
933,84612-479,adalimumab-atto,Optum Health Solutions (Ireland) Limited,AMJEVITA,BLA,INJECTION,fe697dd2-e21f-4956-82d4-411cdfddc219,HUMAN PRESCRIPTION DRUG,84612-479_fe697dd2-e21f-4956-82d4-411cdfddc219,BLA761024,AMJEVITA, 'ADALIMUMAB', 40 mg/.4mL,SUBCUTANEOUS',"['Antibodies', 'Monoclonal [CS]', 'Tumor Necrosis Factor Blocker [EPC]', 'Tumor Necrosis Factor Receptor Blocking Activity [MoA]']",84612-479-02,2 SYRINGE in 1 CARTON (84612-479-02)  / .4 mL in 1 SYRINGE,1/1/2025,12/31/2026,FALSE,TRUE
934,84612-479,adalimumab-atto,Optum Health Solutions (Ireland) Limited,AMJEVITA,BLA,INJECTION,fe697dd2-e21f-4956-82d4-411cdfddc219,HUMAN PRESCRIPTION DRUG,84612-479_fe697dd2-e21f-4956-82d4-411cdfddc219,BLA761024,AMJEVITA, 'ADALIMUMAB', 40 mg/.4mL,SUBCUTANEOUS',"['Antibodies', 'Monoclonal [CS]', 'Tumor Necrosis Factor Blocker [EPC]', 'Tumor Necrosis Factor Receptor Blocking Activity [MoA]']",84612-479-01,1 SYRINGE in 1 CARTON (84612-479-01)  / .4 mL in 1 SYRINGE,1/1/2025,12/31/2026,FALSE,TRUE
935,84612-479,adalimumab-atto,Optum Health Solutions (Ireland) Limited,AMJEVITA,BLA,INJECTION,fe697dd2-e21f-4956-82d4-411cdfddc219,HUMAN PRESCRIPTION DRUG,84612-479_fe697dd2-e21f-4956-82d4-411cdfddc219,BLA761024,AMJEVITA, 'ADALIMUMAB', 40 mg/.4mL,SUBCUTANEOUS',"['Antibodies', 'Monoclonal [CS]', 'Tumor Necrosis Factor Blocker [EPC]', 'Tumor Necrosis Factor Receptor Blocking Activity [MoA]']",84612-479-02,2 SYRINGE in 1 CARTON (84612-479-02)  / .4 mL in 1 SYRINGE,1/1/2025,12/31/2026,FALSE,TRUE
936,84612-479,adalimumab-atto,Optum Health Solutions (Ireland) Limited,AMJEVITA,BLA,INJECTION,fe697dd2-e21f-4956-82d4-411cdfddc219,HUMAN PRESCRIPTION DRUG,84612-479_fe697dd2-e21f-4956-82d4-411cdfddc219,BLA761024,AMJEVITA, 'ADALIMUMAB', 40 mg/.4mL,SUBCUTANEOUS',"['Antibodies', 'Monoclonal [CS]', 'Tumor Necrosis Factor Blocker [EPC]', 'Tumor Necrosis Factor Receptor Blocking Activity [MoA]']",84612-479-01,1 SYRINGE in 1 CARTON (84612-479-01)  / .4 mL in 1 SYRINGE,1/1/2025,12/31/2026,FALSE,TRUE
937,84612-479,adalimumab-atto,Optum Health Solutions (Ireland) Limited,AMJEVITA,BLA,INJECTION,fe697dd2-e21f-4956-82d4-411cdfddc219,HUMAN PRESCRIPTION DRUG,84612-479_fe697dd2-e21f-4956-82d4-411cdfddc219,BLA761024,AMJEVITA, 'ADALIMUMAB', 40 mg/.4mL,SUBCUTANEOUS',"['Antibodies', 'Monoclonal [CS]', 'Tumor Necrosis Factor Blocker [EPC]', 'Tumor Necrosis Factor Receptor Blocking Activity [MoA]']",84612-479-02,2 SYRINGE in 1 CARTON (84612-479-02)  / .4 mL in 1 SYRINGE,1/1/2025,12/31/2026,FALSE,TRUE
938,84612-479,adalimumab-atto,Optum Health Solutions (Ireland) Limited,AMJEVITA,BLA,INJECTION,fe697dd2-e21f-4956-82d4-411cdfddc219,HUMAN PRESCRIPTION DRUG,84612-479_fe697dd2-e21f-4956-82d4-411cdfddc219,BLA761024,AMJEVITA, 'ADALIMUMAB', 40 mg/.4mL,SUBCUTANEOUS',"['Antibodies', 'Monoclonal [CS]', 'Tumor Necrosis Factor Blocker [EPC]', 'Tumor Necrosis Factor Receptor Blocking Activity [MoA]']",84612-479-01,1 SYRINGE in 1 CARTON (84612-479-01)  / .4 mL in 1 SYRINGE,1/1/2025,12/31/2026,FALSE,TRUE
939,84612-479,adalimumab-atto,Optum Health Solutions (Ireland) Limited,AMJEVITA,BLA,INJECTION,fe697dd2-e21f-4956-82d4-411cdfddc219,HUMAN PRESCRIPTION DRUG,84612-479_fe697dd2-e21f-4956-82d4-411cdfddc219,BLA761024,AMJEVITA, 'ADALIMUMAB', 40 mg/.4mL,SUBCUTANEOUS',"['Antibodies', 'Monoclonal [CS]', 'Tumor Necrosis Factor Blocker [EPC]', 'Tumor Necrosis Factor Receptor Blocking Activity [MoA]']",84612-479-02,2 SYRINGE in 1 CARTON (84612-479-02)  / .4 mL in 1 SYRINGE,1/1/2025,12/31/2026,FALSE,TRUE
940,84612-479,adalimumab-atto,Optum Health Solutions (Ireland) Limited,AMJEVITA,BLA,INJECTION,fe697dd2-e21f-4956-82d4-411cdfddc219,HUMAN PRESCRIPTION DRUG,84612-479_fe697dd2-e21f-4956-82d4-411cdfddc219,BLA761024,AMJEVITA, 'ADALIMUMAB', 40 mg/.4mL,SUBCUTANEOUS',"['Antibodies', 'Monoclonal [CS]', 'Tumor Necrosis Factor Blocker [EPC]', 'Tumor Necrosis Factor Receptor Blocking Activity [MoA]']",84612-479-01,1 SYRINGE in 1 CARTON (84612-479-01)  / .4 mL in 1 SYRINGE,1/1/2025,12/31/2026,FALSE,TRUE
941,84612-479,adalimumab-atto,Optum Health Solutions (Ireland) Limited,AMJEVITA,BLA,INJECTION,fe697dd2-e21f-4956-82d4-411cdfddc219,HUMAN PRESCRIPTION DRUG,84612-479_fe697dd2-e21f-4956-82d4-411cdfddc219,BLA761024,AMJEVITA, 'ADALIMUMAB', 40 mg/.4mL,SUBCUTANEOUS',"['Antibodies', 'Monoclonal [CS]', 'Tumor Necrosis Factor Blocker [EPC]', 'Tumor Necrosis Factor Receptor Blocking Activity [MoA]']",84612-479-02,2 SYRINGE in 1 CARTON (84612-479-02)  / .4 mL in 1 SYRINGE,1/1/2025,12/31/2026,FALSE,TRUE
942,84612-479,adalimumab-atto,Optum Health Solutions (Ireland) Limited,AMJEVITA,BLA,INJECTION,fe697dd2-e21f-4956-82d4-411cdfddc219,HUMAN PRESCRIPTION DRUG,84612-479_fe697dd2-e21f-4956-82d4-411cdfddc219,BLA761024,AMJEVITA, 'ADALIMUMAB', 40 mg/.4mL,SUBCUTANEOUS',"['Antibodies', 'Monoclonal [CS]', 'Tumor Necrosis Factor Blocker [EPC]', 'Tumor Necrosis Factor Receptor Blocking Activity [MoA]']",84612-479-01,1 SYRINGE in 1 CARTON (84612-479-01)  / .4 mL in 1 SYRINGE,1/1/2025,12/31/2026,FALSE,TRUE
943,84612-479,adalimumab-atto,Optum Health Solutions (Ireland) Limited,AMJEVITA,BLA,INJECTION,fe697dd2-e21f-4956-82d4-411cdfddc219,HUMAN PRESCRIPTION DRUG,84612-479_fe697dd2-e21f-4956-82d4-411cdfddc219,BLA761024,AMJEVITA, 'ADALIMUMAB', 40 mg/.4mL,SUBCUTANEOUS',"['Antibodies', 'Monoclonal [CS]', 'Tumor Necrosis Factor Blocker [EPC]', 'Tumor Necrosis Factor Receptor Blocking Activity [MoA]']",84612-479-02,2 SYRINGE in 1 CARTON (84612-479-02)  / .4 mL in 1 SYRINGE,1/1/2025,12/31/2026,FALSE,TRUE
944,84612-479,adalimumab-atto,Optum Health Solutions (Ireland) Limited,AMJEVITA,BLA,INJECTION,fe697dd2-e21f-4956-82d4-411cdfddc219,HUMAN PRESCRIPTION DRUG,84612-479_fe697dd2-e21f-4956-82d4-411cdfddc219,BLA761024,AMJEVITA, 'ADALIMUMAB', 40 mg/.4mL,SUBCUTANEOUS',"['Antibodies', 'Monoclonal [CS]', 'Tumor Necrosis Factor Blocker [EPC]', 'Tumor Necrosis Factor Receptor Blocking Activity [MoA]']",84612-479-01,1 SYRINGE in 1 CARTON (84612-479-01)  / .4 mL in 1 SYRINGE,1/1/2025,12/31/2026,FALSE,TRUE
945,84612-479,adalimumab-atto,Optum Health Solutions (Ireland) Limited,AMJEVITA,BLA,INJECTION,fe697dd2-e21f-4956-82d4-411cdfddc219,HUMAN PRESCRIPTION DRUG,84612-479_fe697dd2-e21f-4956-82d4-411cdfddc219,BLA761024,AMJEVITA, 'ADALIMUMAB', 40 mg/.4mL,SUBCUTANEOUS',"['Antibodies', 'Monoclonal [CS]', 'Tumor Necrosis Factor Blocker [EPC]', 'Tumor Necrosis Factor Receptor Blocking Activity [MoA]']",84612-479-02,2 SYRINGE in 1 CARTON (84612-479-02)  / .4 mL in 1 SYRINGE,1/1/2025,12/31/2026,FALSE,TRUE
946,84612-481,adalimumab-atto,Optum Health Solutions (Ireland) Limited,AMJEVITA,BLA,INJECTION,fe697dd2-e21f-4956-82d4-411cdfddc219,HUMAN PRESCRIPTION DRUG,84612-481_fe697dd2-e21f-4956-82d4-411cdfddc219,BLA761024,AMJEVITA, 'ADALIMUMAB', 80 mg/.8mL,SUBCUTANEOUS',"['Antibodies', 'Monoclonal [CS]', 'Tumor Necrosis Factor Blocker [EPC]', 'Tumor Necrosis Factor Receptor Blocking Activity [MoA]']",84612-481-01,1 SYRINGE in 1 CARTON (84612-481-01)  / .8 mL in 1 SYRINGE,1/1/2025,12/31/2026,FALSE,TRUE
947,84612-481,adalimumab-atto,Optum Health Solutions (Ireland) Limited,AMJEVITA,BLA,INJECTION,fe697dd2-e21f-4956-82d4-411cdfddc219,HUMAN PRESCRIPTION DRUG,84612-481_fe697dd2-e21f-4956-82d4-411cdfddc219,BLA761024,AMJEVITA, 'ADALIMUMAB', 80 mg/.8mL,SUBCUTANEOUS',"['Antibodies', 'Monoclonal [CS]', 'Tumor Necrosis Factor Blocker [EPC]', 'Tumor Necrosis Factor Receptor Blocking Activity [MoA]']",84612-481-02,2 SYRINGE in 1 CARTON (84612-481-02)  / .8 mL in 1 SYRINGE,1/1/2025,12/31/2026,FALSE,TRUE
948,84612-481,adalimumab-atto,Optum Health Solutions (Ireland) Limited,AMJEVITA,BLA,INJECTION,fe697dd2-e21f-4956-82d4-411cdfddc219,HUMAN PRESCRIPTION DRUG,84612-481_fe697dd2-e21f-4956-82d4-411cdfddc219,BLA761024,AMJEVITA, 'ADALIMUMAB', 80 mg/.8mL,SUBCUTANEOUS',"['Antibodies', 'Monoclonal [CS]', 'Tumor Necrosis Factor Blocker [EPC]', 'Tumor Necrosis Factor Receptor Blocking Activity [MoA]']",84612-481-01,1 SYRINGE in 1 CARTON (84612-481-01)  / .8 mL in 1 SYRINGE,1/1/2025,12/31/2026,FALSE,TRUE
949,84612-481,adalimumab-atto,Optum Health Solutions (Ireland) Limited,AMJEVITA,BLA,INJECTION,fe697dd2-e21f-4956-82d4-411cdfddc219,HUMAN PRESCRIPTION DRUG,84612-481_fe697dd2-e21f-4956-82d4-411cdfddc219,BLA761024,AMJEVITA, 'ADALIMUMAB', 80 mg/.8mL,SUBCUTANEOUS',"['Antibodies', 'Monoclonal [CS]', 'Tumor Necrosis Factor Blocker [EPC]', 'Tumor Necrosis Factor Receptor Blocking Activity [MoA]']",84612-481-02,2 SYRINGE in 1 CARTON (84612-481-02)  / .8 mL in 1 SYRINGE,1/1/2025,12/31/2026,FALSE,TRUE
950,84612-481,adalimumab-atto,Optum Health Solutions (Ireland) Limited,AMJEVITA,BLA,INJECTION,fe697dd2-e21f-4956-82d4-411cdfddc219,HUMAN PRESCRIPTION DRUG,84612-481_fe697dd2-e21f-4956-82d4-411cdfddc219,BLA761024,AMJEVITA, 'ADALIMUMAB', 80 mg/.8mL,SUBCUTANEOUS',"['Antibodies', 'Monoclonal [CS]', 'Tumor Necrosis Factor Blocker [EPC]', 'Tumor Necrosis Factor Receptor Blocking Activity [MoA]']",84612-481-01,1 SYRINGE in 1 CARTON (84612-481-01)  / .8 mL in 1 SYRINGE,1/1/2025,12/31/2026,FALSE,TRUE
951,84612-481,adalimumab-atto,Optum Health Solutions (Ireland) Limited,AMJEVITA,BLA,INJECTION,fe697dd2-e21f-4956-82d4-411cdfddc219,HUMAN PRESCRIPTION DRUG,84612-481_fe697dd2-e21f-4956-82d4-411cdfddc219,BLA761024,AMJEVITA, 'ADALIMUMAB', 80 mg/.8mL,SUBCUTANEOUS',"['Antibodies', 'Monoclonal [CS]', 'Tumor Necrosis Factor Blocker [EPC]', 'Tumor Necrosis Factor Receptor Blocking Activity [MoA]']",84612-481-02,2 SYRINGE in 1 CARTON (84612-481-02)  / .8 mL in 1 SYRINGE,1/1/2025,12/31/2026,FALSE,TRUE
952,84612-481,adalimumab-atto,Optum Health Solutions (Ireland) Limited,AMJEVITA,BLA,INJECTION,fe697dd2-e21f-4956-82d4-411cdfddc219,HUMAN PRESCRIPTION DRUG,84612-481_fe697dd2-e21f-4956-82d4-411cdfddc219,BLA761024,AMJEVITA, 'ADALIMUMAB', 80 mg/.8mL,SUBCUTANEOUS',"['Antibodies', 'Monoclonal [CS]', 'Tumor Necrosis Factor Blocker [EPC]', 'Tumor Necrosis Factor Receptor Blocking Activity [MoA]']",84612-481-01,1 SYRINGE in 1 CARTON (84612-481-01)  / .8 mL in 1 SYRINGE,1/1/2025,12/31/2026,FALSE,TRUE
953,84612-481,adalimumab-atto,Optum Health Solutions (Ireland) Limited,AMJEVITA,BLA,INJECTION,fe697dd2-e21f-4956-82d4-411cdfddc219,HUMAN PRESCRIPTION DRUG,84612-481_fe697dd2-e21f-4956-82d4-411cdfddc219,BLA761024,AMJEVITA, 'ADALIMUMAB', 80 mg/.8mL,SUBCUTANEOUS',"['Antibodies', 'Monoclonal [CS]', 'Tumor Necrosis Factor Blocker [EPC]', 'Tumor Necrosis Factor Receptor Blocking Activity [MoA]']",84612-481-02,2 SYRINGE in 1 CARTON (84612-481-02)  / .8 mL in 1 SYRINGE,1/1/2025,12/31/2026,FALSE,TRUE
954,84612-481,adalimumab-atto,Optum Health Solutions (Ireland) Limited,AMJEVITA,BLA,INJECTION,fe697dd2-e21f-4956-82d4-411cdfddc219,HUMAN PRESCRIPTION DRUG,84612-481_fe697dd2-e21f-4956-82d4-411cdfddc219,BLA761024,AMJEVITA, 'ADALIMUMAB', 80 mg/.8mL,SUBCUTANEOUS',"['Antibodies', 'Monoclonal [CS]', 'Tumor Necrosis Factor Blocker [EPC]', 'Tumor Necrosis Factor Receptor Blocking Activity [MoA]']",84612-481-01,1 SYRINGE in 1 CARTON (84612-481-01)  / .8 mL in 1 SYRINGE,1/1/2025,12/31/2026,FALSE,TRUE
955,84612-481,adalimumab-atto,Optum Health Solutions (Ireland) Limited,AMJEVITA,BLA,INJECTION,fe697dd2-e21f-4956-82d4-411cdfddc219,HUMAN PRESCRIPTION DRUG,84612-481_fe697dd2-e21f-4956-82d4-411cdfddc219,BLA761024,AMJEVITA, 'ADALIMUMAB', 80 mg/.8mL,SUBCUTANEOUS',"['Antibodies', 'Monoclonal [CS]', 'Tumor Necrosis Factor Blocker [EPC]', 'Tumor Necrosis Factor Receptor Blocking Activity [MoA]']",84612-481-02,2 SYRINGE in 1 CARTON (84612-481-02)  / .8 mL in 1 SYRINGE,1/1/2025,12/31/2026,FALSE,TRUE
956,84612-481,adalimumab-atto,Optum Health Solutions (Ireland) Limited,AMJEVITA,BLA,INJECTION,fe697dd2-e21f-4956-82d4-411cdfddc219,HUMAN PRESCRIPTION DRUG,84612-481_fe697dd2-e21f-4956-82d4-411cdfddc219,BLA761024,AMJEVITA, 'ADALIMUMAB', 80 mg/.8mL,SUBCUTANEOUS',"['Antibodies', 'Monoclonal [CS]', 'Tumor Necrosis Factor Blocker [EPC]', 'Tumor Necrosis Factor Receptor Blocking Activity [MoA]']",84612-481-01,1 SYRINGE in 1 CARTON (84612-481-01)  / .8 mL in 1 SYRINGE,1/1/2025,12/31/2026,FALSE,TRUE
957,84612-481,adalimumab-atto,Optum Health Solutions (Ireland) Limited,AMJEVITA,BLA,INJECTION,fe697dd2-e21f-4956-82d4-411cdfddc219,HUMAN PRESCRIPTION DRUG,84612-481_fe697dd2-e21f-4956-82d4-411cdfddc219,BLA761024,AMJEVITA, 'ADALIMUMAB', 80 mg/.8mL,SUBCUTANEOUS',"['Antibodies', 'Monoclonal [CS]', 'Tumor Necrosis Factor Blocker [EPC]', 'Tumor Necrosis Factor Receptor Blocking Activity [MoA]']",84612-481-02,2 SYRINGE in 1 CARTON (84612-481-02)  / .8 mL in 1 SYRINGE,1/1/2025,12/31/2026,FALSE,TRUE
958,84612-481,adalimumab-atto,Optum Health Solutions (Ireland) Limited,AMJEVITA,BLA,INJECTION,fe697dd2-e21f-4956-82d4-411cdfddc219,HUMAN PRESCRIPTION DRUG,84612-481_fe697dd2-e21f-4956-82d4-411cdfddc219,BLA761024,AMJEVITA, 'ADALIMUMAB', 80 mg/.8mL,SUBCUTANEOUS',"['Antibodies', 'Monoclonal [CS]', 'Tumor Necrosis Factor Blocker [EPC]', 'Tumor Necrosis Factor Receptor Blocking Activity [MoA]']",84612-481-01,1 SYRINGE in 1 CARTON (84612-481-01)  / .8 mL in 1 SYRINGE,1/1/2025,12/31/2026,FALSE,TRUE
959,84612-481,adalimumab-atto,Optum Health Solutions (Ireland) Limited,AMJEVITA,BLA,INJECTION,fe697dd2-e21f-4956-82d4-411cdfddc219,HUMAN PRESCRIPTION DRUG,84612-481_fe697dd2-e21f-4956-82d4-411cdfddc219,BLA761024,AMJEVITA, 'ADALIMUMAB', 80 mg/.8mL,SUBCUTANEOUS',"['Antibodies', 'Monoclonal [CS]', 'Tumor Necrosis Factor Blocker [EPC]', 'Tumor Necrosis Factor Receptor Blocking Activity [MoA]']",84612-481-02,2 SYRINGE in 1 CARTON (84612-481-02)  / .8 mL in 1 SYRINGE,1/1/2025,12/31/2026,FALSE,TRUE
960,84612-481,adalimumab-atto,Optum Health Solutions (Ireland) Limited,AMJEVITA,BLA,INJECTION,fe697dd2-e21f-4956-82d4-411cdfddc219,HUMAN PRESCRIPTION DRUG,84612-481_fe697dd2-e21f-4956-82d4-411cdfddc219,BLA761024,AMJEVITA, 'ADALIMUMAB', 80 mg/.8mL,SUBCUTANEOUS',"['Antibodies', 'Monoclonal [CS]', 'Tumor Necrosis Factor Blocker [EPC]', 'Tumor Necrosis Factor Receptor Blocking Activity [MoA]']",84612-481-01,1 SYRINGE in 1 CARTON (84612-481-01)  / .8 mL in 1 SYRINGE,1/1/2025,12/31/2026,FALSE,TRUE
961,84612-481,adalimumab-atto,Optum Health Solutions (Ireland) Limited,AMJEVITA,BLA,INJECTION,fe697dd2-e21f-4956-82d4-411cdfddc219,HUMAN PRESCRIPTION DRUG,84612-481_fe697dd2-e21f-4956-82d4-411cdfddc219,BLA761024,AMJEVITA, 'ADALIMUMAB', 80 mg/.8mL,SUBCUTANEOUS',"['Antibodies', 'Monoclonal [CS]', 'Tumor Necrosis Factor Blocker [EPC]', 'Tumor Necrosis Factor Receptor Blocking Activity [MoA]']",84612-481-02,2 SYRINGE in 1 CARTON (84612-481-02)  / .8 mL in 1 SYRINGE,1/1/2025,12/31/2026,FALSE,TRUE
962,84612-481,adalimumab-atto,Optum Health Solutions (Ireland) Limited,AMJEVITA,BLA,INJECTION,fe697dd2-e21f-4956-82d4-411cdfddc219,HUMAN PRESCRIPTION DRUG,84612-481_fe697dd2-e21f-4956-82d4-411cdfddc219,BLA761024,AMJEVITA, 'ADALIMUMAB', 80 mg/.8mL,SUBCUTANEOUS',"['Antibodies', 'Monoclonal [CS]', 'Tumor Necrosis Factor Blocker [EPC]', 'Tumor Necrosis Factor Receptor Blocking Activity [MoA]']",84612-481-01,1 SYRINGE in 1 CARTON (84612-481-01)  / .8 mL in 1 SYRINGE,1/1/2025,12/31/2026,FALSE,TRUE
963,84612-481,adalimumab-atto,Optum Health Solutions (Ireland) Limited,AMJEVITA,BLA,INJECTION,fe697dd2-e21f-4956-82d4-411cdfddc219,HUMAN PRESCRIPTION DRUG,84612-481_fe697dd2-e21f-4956-82d4-411cdfddc219,BLA761024,AMJEVITA, 'ADALIMUMAB', 80 mg/.8mL,SUBCUTANEOUS',"['Antibodies', 'Monoclonal [CS]', 'Tumor Necrosis Factor Blocker [EPC]', 'Tumor Necrosis Factor Receptor Blocking Activity [MoA]']",84612-481-02,2 SYRINGE in 1 CARTON (84612-481-02)  / .8 mL in 1 SYRINGE,1/1/2025,12/31/2026,FALSE,TRUE
964,84612-482,adalimumab-atto,Optum Health Solutions (Ireland) Limited,AMJEVITA,BLA,INJECTION,fe697dd2-e21f-4956-82d4-411cdfddc219,HUMAN PRESCRIPTION DRUG,84612-482_fe697dd2-e21f-4956-82d4-411cdfddc219,BLA761024,AMJEVITA, 'ADALIMUMAB', 40 mg/.4mL,SUBCUTANEOUS',"['Antibodies', 'Monoclonal [CS]', 'Tumor Necrosis Factor Blocker [EPC]', 'Tumor Necrosis Factor Receptor Blocking Activity [MoA]']",84612-482-01,1 SYRINGE in 1 CARTON (84612-482-01)  / .4 mL in 1 SYRINGE,1/1/2025,12/31/2026,FALSE,TRUE
965,84612-482,adalimumab-atto,Optum Health Solutions (Ireland) Limited,AMJEVITA,BLA,INJECTION,fe697dd2-e21f-4956-82d4-411cdfddc219,HUMAN PRESCRIPTION DRUG,84612-482_fe697dd2-e21f-4956-82d4-411cdfddc219,BLA761024,AMJEVITA, 'ADALIMUMAB', 40 mg/.4mL,SUBCUTANEOUS',"['Antibodies', 'Monoclonal [CS]', 'Tumor Necrosis Factor Blocker [EPC]', 'Tumor Necrosis Factor Receptor Blocking Activity [MoA]']",84612-482-02,2 SYRINGE in 1 CARTON (84612-482-02)  / .4 mL in 1 SYRINGE,1/1/2025,12/31/2026,FALSE,TRUE
966,84612-482,adalimumab-atto,Optum Health Solutions (Ireland) Limited,AMJEVITA,BLA,INJECTION,fe697dd2-e21f-4956-82d4-411cdfddc219,HUMAN PRESCRIPTION DRUG,84612-482_fe697dd2-e21f-4956-82d4-411cdfddc219,BLA761024,AMJEVITA, 'ADALIMUMAB', 40 mg/.4mL,SUBCUTANEOUS',"['Antibodies', 'Monoclonal [CS]', 'Tumor Necrosis Factor Blocker [EPC]', 'Tumor Necrosis Factor Receptor Blocking Activity [MoA]']",84612-482-01,1 SYRINGE in 1 CARTON (84612-482-01)  / .4 mL in 1 SYRINGE,1/1/2025,12/31/2026,FALSE,TRUE
967,84612-482,adalimumab-atto,Optum Health Solutions (Ireland) Limited,AMJEVITA,BLA,INJECTION,fe697dd2-e21f-4956-82d4-411cdfddc219,HUMAN PRESCRIPTION DRUG,84612-482_fe697dd2-e21f-4956-82d4-411cdfddc219,BLA761024,AMJEVITA, 'ADALIMUMAB', 40 mg/.4mL,SUBCUTANEOUS',"['Antibodies', 'Monoclonal [CS]', 'Tumor Necrosis Factor Blocker [EPC]', 'Tumor Necrosis Factor Receptor Blocking Activity [MoA]']",84612-482-02,2 SYRINGE in 1 CARTON (84612-482-02)  / .4 mL in 1 SYRINGE,1/1/2025,12/31/2026,FALSE,TRUE
968,84612-482,adalimumab-atto,Optum Health Solutions (Ireland) Limited,AMJEVITA,BLA,INJECTION,fe697dd2-e21f-4956-82d4-411cdfddc219,HUMAN PRESCRIPTION DRUG,84612-482_fe697dd2-e21f-4956-82d4-411cdfddc219,BLA761024,AMJEVITA, 'ADALIMUMAB', 40 mg/.4mL,SUBCUTANEOUS',"['Antibodies', 'Monoclonal [CS]', 'Tumor Necrosis Factor Blocker [EPC]', 'Tumor Necrosis Factor Receptor Blocking Activity [MoA]']",84612-482-01,1 SYRINGE in 1 CARTON (84612-482-01)  / .4 mL in 1 SYRINGE,1/1/2025,12/31/2026,FALSE,TRUE
969,84612-482,adalimumab-atto,Optum Health Solutions (Ireland) Limited,AMJEVITA,BLA,INJECTION,fe697dd2-e21f-4956-82d4-411cdfddc219,HUMAN PRESCRIPTION DRUG,84612-482_fe697dd2-e21f-4956-82d4-411cdfddc219,BLA761024,AMJEVITA, 'ADALIMUMAB', 40 mg/.4mL,SUBCUTANEOUS',"['Antibodies', 'Monoclonal [CS]', 'Tumor Necrosis Factor Blocker [EPC]', 'Tumor Necrosis Factor Receptor Blocking Activity [MoA]']",84612-482-02,2 SYRINGE in 1 CARTON (84612-482-02)  / .4 mL in 1 SYRINGE,1/1/2025,12/31/2026,FALSE,TRUE
970,84612-482,adalimumab-atto,Optum Health Solutions (Ireland) Limited,AMJEVITA,BLA,INJECTION,fe697dd2-e21f-4956-82d4-411cdfddc219,HUMAN PRESCRIPTION DRUG,84612-482_fe697dd2-e21f-4956-82d4-411cdfddc219,BLA761024,AMJEVITA, 'ADALIMUMAB', 40 mg/.4mL,SUBCUTANEOUS',"['Antibodies', 'Monoclonal [CS]', 'Tumor Necrosis Factor Blocker [EPC]', 'Tumor Necrosis Factor Receptor Blocking Activity [MoA]']",84612-482-01,1 SYRINGE in 1 CARTON (84612-482-01)  / .4 mL in 1 SYRINGE,1/1/2025,12/31/2026,FALSE,TRUE
971,84612-482,adalimumab-atto,Optum Health Solutions (Ireland) Limited,AMJEVITA,BLA,INJECTION,fe697dd2-e21f-4956-82d4-411cdfddc219,HUMAN PRESCRIPTION DRUG,84612-482_fe697dd2-e21f-4956-82d4-411cdfddc219,BLA761024,AMJEVITA, 'ADALIMUMAB', 40 mg/.4mL,SUBCUTANEOUS',"['Antibodies', 'Monoclonal [CS]', 'Tumor Necrosis Factor Blocker [EPC]', 'Tumor Necrosis Factor Receptor Blocking Activity [MoA]']",84612-482-02,2 SYRINGE in 1 CARTON (84612-482-02)  / .4 mL in 1 SYRINGE,1/1/2025,12/31/2026,FALSE,TRUE
972,84612-482,adalimumab-atto,Optum Health Solutions (Ireland) Limited,AMJEVITA,BLA,INJECTION,fe697dd2-e21f-4956-82d4-411cdfddc219,HUMAN PRESCRIPTION DRUG,84612-482_fe697dd2-e21f-4956-82d4-411cdfddc219,BLA761024,AMJEVITA, 'ADALIMUMAB', 40 mg/.4mL,SUBCUTANEOUS',"['Antibodies', 'Monoclonal [CS]', 'Tumor Necrosis Factor Blocker [EPC]', 'Tumor Necrosis Factor Receptor Blocking Activity [MoA]']",84612-482-01,1 SYRINGE in 1 CARTON (84612-482-01)  / .4 mL in 1 SYRINGE,1/1/2025,12/31/2026,FALSE,TRUE
973,84612-482,adalimumab-atto,Optum Health Solutions (Ireland) Limited,AMJEVITA,BLA,INJECTION,fe697dd2-e21f-4956-82d4-411cdfddc219,HUMAN PRESCRIPTION DRUG,84612-482_fe697dd2-e21f-4956-82d4-411cdfddc219,BLA761024,AMJEVITA, 'ADALIMUMAB', 40 mg/.4mL,SUBCUTANEOUS',"['Antibodies', 'Monoclonal [CS]', 'Tumor Necrosis Factor Blocker [EPC]', 'Tumor Necrosis Factor Receptor Blocking Activity [MoA]']",84612-482-02,2 SYRINGE in 1 CARTON (84612-482-02)  / .4 mL in 1 SYRINGE,1/1/2025,12/31/2026,FALSE,TRUE
974,84612-482,adalimumab-atto,Optum Health Solutions (Ireland) Limited,AMJEVITA,BLA,INJECTION,fe697dd2-e21f-4956-82d4-411cdfddc219,HUMAN PRESCRIPTION DRUG,84612-482_fe697dd2-e21f-4956-82d4-411cdfddc219,BLA761024,AMJEVITA, 'ADALIMUMAB', 40 mg/.4mL,SUBCUTANEOUS',"['Antibodies', 'Monoclonal [CS]', 'Tumor Necrosis Factor Blocker [EPC]', 'Tumor Necrosis Factor Receptor Blocking Activity [MoA]']",84612-482-01,1 SYRINGE in 1 CARTON (84612-482-01)  / .4 mL in 1 SYRINGE,1/1/2025,12/31/2026,FALSE,TRUE
975,84612-482,adalimumab-atto,Optum Health Solutions (Ireland) Limited,AMJEVITA,BLA,INJECTION,fe697dd2-e21f-4956-82d4-411cdfddc219,HUMAN PRESCRIPTION DRUG,84612-482_fe697dd2-e21f-4956-82d4-411cdfddc219,BLA761024,AMJEVITA, 'ADALIMUMAB', 40 mg/.4mL,SUBCUTANEOUS',"['Antibodies', 'Monoclonal [CS]', 'Tumor Necrosis Factor Blocker [EPC]', 'Tumor Necrosis Factor Receptor Blocking Activity [MoA]']",84612-482-02,2 SYRINGE in 1 CARTON (84612-482-02)  / .4 mL in 1 SYRINGE,1/1/2025,12/31/2026,FALSE,TRUE
976,84612-482,adalimumab-atto,Optum Health Solutions (Ireland) Limited,AMJEVITA,BLA,INJECTION,fe697dd2-e21f-4956-82d4-411cdfddc219,HUMAN PRESCRIPTION DRUG,84612-482_fe697dd2-e21f-4956-82d4-411cdfddc219,BLA761024,AMJEVITA, 'ADALIMUMAB', 40 mg/.4mL,SUBCUTANEOUS',"['Antibodies', 'Monoclonal [CS]', 'Tumor Necrosis Factor Blocker [EPC]', 'Tumor Necrosis Factor Receptor Blocking Activity [MoA]']",84612-482-01,1 SYRINGE in 1 CARTON (84612-482-01)  / .4 mL in 1 SYRINGE,1/1/2025,12/31/2026,FALSE,TRUE
977,84612-482,adalimumab-atto,Optum Health Solutions (Ireland) Limited,AMJEVITA,BLA,INJECTION,fe697dd2-e21f-4956-82d4-411cdfddc219,HUMAN PRESCRIPTION DRUG,84612-482_fe697dd2-e21f-4956-82d4-411cdfddc219,BLA761024,AMJEVITA, 'ADALIMUMAB', 40 mg/.4mL,SUBCUTANEOUS',"['Antibodies', 'Monoclonal [CS]', 'Tumor Necrosis Factor Blocker [EPC]', 'Tumor Necrosis Factor Receptor Blocking Activity [MoA]']",84612-482-02,2 SYRINGE in 1 CARTON (84612-482-02)  / .4 mL in 1 SYRINGE,1/1/2025,12/31/2026,FALSE,TRUE
978,84612-482,adalimumab-atto,Optum Health Solutions (Ireland) Limited,AMJEVITA,BLA,INJECTION,fe697dd2-e21f-4956-82d4-411cdfddc219,HUMAN PRESCRIPTION DRUG,84612-482_fe697dd2-e21f-4956-82d4-411cdfddc219,BLA761024,AMJEVITA, 'ADALIMUMAB', 40 mg/.4mL,SUBCUTANEOUS',"['Antibodies', 'Monoclonal [CS]', 'Tumor Necrosis Factor Blocker [EPC]', 'Tumor Necrosis Factor Receptor Blocking Activity [MoA]']",84612-482-01,1 SYRINGE in 1 CARTON (84612-482-01)  / .4 mL in 1 SYRINGE,1/1/2025,12/31/2026,FALSE,TRUE
979,84612-482,adalimumab-atto,Optum Health Solutions (Ireland) Limited,AMJEVITA,BLA,INJECTION,fe697dd2-e21f-4956-82d4-411cdfddc219,HUMAN PRESCRIPTION DRUG,84612-482_fe697dd2-e21f-4956-82d4-411cdfddc219,BLA761024,AMJEVITA, 'ADALIMUMAB', 40 mg/.4mL,SUBCUTANEOUS',"['Antibodies', 'Monoclonal [CS]', 'Tumor Necrosis Factor Blocker [EPC]', 'Tumor Necrosis Factor Receptor Blocking Activity [MoA]']",84612-482-02,2 SYRINGE in 1 CARTON (84612-482-02)  / .4 mL in 1 SYRINGE,1/1/2025,12/31/2026,FALSE,TRUE
980,84612-482,adalimumab-atto,Optum Health Solutions (Ireland) Limited,AMJEVITA,BLA,INJECTION,fe697dd2-e21f-4956-82d4-411cdfddc219,HUMAN PRESCRIPTION DRUG,84612-482_fe697dd2-e21f-4956-82d4-411cdfddc219,BLA761024,AMJEVITA, 'ADALIMUMAB', 40 mg/.4mL,SUBCUTANEOUS',"['Antibodies', 'Monoclonal [CS]', 'Tumor Necrosis Factor Blocker [EPC]', 'Tumor Necrosis Factor Receptor Blocking Activity [MoA]']",84612-482-01,1 SYRINGE in 1 CARTON (84612-482-01)  / .4 mL in 1 SYRINGE,1/1/2025,12/31/2026,FALSE,TRUE
981,84612-482,adalimumab-atto,Optum Health Solutions (Ireland) Limited,AMJEVITA,BLA,INJECTION,fe697dd2-e21f-4956-82d4-411cdfddc219,HUMAN PRESCRIPTION DRUG,84612-482_fe697dd2-e21f-4956-82d4-411cdfddc219,BLA761024,AMJEVITA, 'ADALIMUMAB', 40 mg/.4mL,SUBCUTANEOUS',"['Antibodies', 'Monoclonal [CS]', 'Tumor Necrosis Factor Blocker [EPC]', 'Tumor Necrosis Factor Receptor Blocking Activity [MoA]']",84612-482-02,2 SYRINGE in 1 CARTON (84612-482-02)  / .4 mL in 1 SYRINGE,1/1/2025,12/31/2026,FALSE,TRUE
